name,ilce_adi,NDVI,NDBI
1.Kadriye Mahallesi,Konak,0.1021873293406082,0.0807202431878031
100. Yıl Mahallesi,Bayraklı,0.1984201973845236,0.0528506069062539
14 Mayıs Mahallesi,Selçuk,0.5531766837383871,-0.1631632138290334
16 Eylül Mahallesi,Çeşme,0.2849116779442718,0.0002112084933849119
19 Mayıs Mahallesi,Torbalı,0.3191004101876044,-0.036771991627736
2. İnönü Mahallesi,Narlıdere,0.6730605610647148,-0.2718415430530843
2.Kadriye Mahallesi,Konak,0.2556260511855804,0.0277346152376
26 Ağustos Mahallesi,Konak,0.1182504703069064,0.0850301202015382
29 Ekim Mahallesi,Menemen,0.3988271291568989,-0.05828440133112775
30 Ağustos Mahallesi,Menemen,0.1967081347441251,0.0091966127866906
4 Eylül Mahallesi,Tire,0.1920470190967359,0.0346693671934441
75. Yıl Mahallesi,Bayraklı,0.2247551148759276,0.0182492651183498
75.Yıl Cumhuriyet Mahallesi,Menemen,0.3173620573070811,-0.062518654635168
8 Eylül Mahallesi,Kemalpaşa,0.3727439290771931,-0.0401057561206475
85. Yıl Cumhuriyet Mahallesi,Kemalpaşa,0.4335064840299434,-0.1079582794314206
85.Yıl Cumhuriyet Mahallesi,Menemen,0.3041768627640775,-0.0485508287870181
9 Eylül Mahallesi,Menemen,0.310034913967694,-0.0306652820967605
Abdi İpekçi Mahallesi,Karabağlar,0.1449411985485267,0.0891406224345008
Acarlar Mahallesi,Selçuk,0.5514658356410412,-0.1596258173209656
Adaküre Mahallesi,Beydağ,0.5716383253160662,-0.1312050823292758
Adalet Mahallesi,Bayraklı,0.1771445975310206,0.011301458286529
Adatepe Mahallesi,Buca,0.4693050300592482,-0.1077026462864751
Adnan Menderes Mahallesi,Tire,0.3747077795307046,-0.0257802524924236
Adnan Süvari Mahallesi,Karabağlar,0.2500428957727784,0.0096968328907543
Ahmet Efendi Mahallesi,Çiğli,0.1913681905509752,0.0093057221077293
Ahmet Taner Kışlalı Mahallesi,Çiğli,0.2929607033781007,-0.0313828169827758
Ahmetbeyler Mahallesi,Bergama,0.3580084470335887,0.0049910845090794
Ahmetbeyli Mahallesi,Menderes,0.5936288553371669,-0.168170636727678
Ahmetler Mahallesi,Kiraz,0.53934804614849,-0.0451825137961927
Ahmetli Mahallesi,Torbalı,0.6064408412357251,-0.1779566739302791
Ahıhıdır Mahallesi,Menemen,0.3861093957533622,-0.0677420223997017
Akalan Mahallesi,Kemalpaşa,0.46047268664761,-0.0723726672539899
Akarca Mahallesi,Seferihisar,0.3319304181090047,-0.0151190173760777
Akarcalı Mahallesi,Konak,0.1838762254805947,0.044530912309448
Akdeniz Mahallesi,Konak,0.0910719041183299,0.0527373994773063
Akkoyunlu Mahallesi,Tire,0.4162027624319666,-0.0026339235316099
Akmescit Mahallesi,Tire,0.4353459919720576,-0.037204742909297
Akpınar Mahallesi,Kiraz,0.496626907113488,-0.0801122068266315
Aksoy Mahallesi,Karşıyaka,0.1821039750455191,0.0347682777799296
Aktepe Mahallesi,Beydağ,0.271394701632568,0.01442949411032755
Akyurt Mahallesi,Tire,0.5932617652577875,-0.1802234095716926
Akçaköy Mahallesi,Menderes,0.3708519875641244,0.0062834391729804
Akçaşehir Mahallesi,Tire,0.5618533987461504,-0.1564528909965526
Akçenger Mahallesi,Bergama,0.4436129761816584,-0.0248237459743111
Akın Simav Mahallesi,Konak,0.1274245358604333,0.0793516942431784
Akıncı Mahallesi,Konak,0.1048053224891562,0.0985202198008535
Akıncılar Mahallesi,Ödemiş,0.2158342884996307,0.03249986581809585
Alacalar Mahallesi,Bergama,0.5230839506066468,-0.0926782556764965
Alacalı Mahallesi,Tire,0.4447073813944482,-0.0170587725841429
Alakeçili Mahallesi,Beydağ,0.5700238064002084,-0.1354858988807672
Alaniçi Mahallesi,Menemen,0.4612807850899507,-0.0667162740273437
Alanköy Mahallesi,Bayındır,0.5877115005237614,-0.1286055921380068
Alankıyı Mahallesi,Bayındır,0.6881277981236429,-0.2495581246887491
Alaybey Mahallesi,Karşıyaka,0.1320137885620659,0.0742700153444304
Alaylı Mahallesi,Tire,0.6558939120120706,-0.2211800129976043
Alaçatı Mahallesi,Çeşme,0.3059750565119308,0.0780484068444406
Alaşarlı Mahallesi,Ödemiş,0.4945665314576327,-0.0813778203343889
Alhatlı Mahallesi,Bergama,0.5098844133462614,-0.0923756057002617
Ali Fuat Cebesoy Mahallesi,Karabağlar,0.1527211118465742,0.0368465802192205
Ali Fuat Erden Mahallesi,Karabağlar,0.2947773077040627,-0.0084086147538807
Ali Reis Mahallesi,Konak,0.183269464600263,0.0675486820203378
Aliağa Organize Sanayi Bölgesi,Aliağa,0.171391281888932,0.0462035455164501
Alibeyli Mahallesi,Bergama,0.3477613361497397,0.0387336180364428
Alpaslan Mahallesi,Bayraklı,0.1223227077874155,0.0643991720991857
Alpkent Mahallesi,Torbalı,0.1618815153127601,0.0697246835197759
Alsancak Mahallesi,Konak,0.1117014991668024,0.059995272977032
Altay Mahallesi,Konak,0.2356440364847104,0.016572551393359
Altıevler Mahallesi,Narlıdere,0.3820294985208923,-0.0925695674806294
Altınkum Mahallesi,Çeşme,0.2831704583306496,0.0280140924446671
Altınoluk Mahallesi,Kiraz,0.5695474523899807,-0.122659902053732
Altınordu Mahallesi,Konak,0.1888694344121343,0.0787735897224962
Altıntaş Mahallesi,Urla,0.19311307977599348,0.0595339652722055
Altıntepe Mahallesi,Menderes,0.3741552269697273,-0.0432927583251106
Altınyunus Mahallesi,Çeşme,0.2800129695438109,-0.0697162321743605
Anadolu Mahallesi,Konak,0.1287371645391269,0.0868692603642328
Anafartalar Mahallesi,Ödemiş,0.2059925756159324,0.0531175177036006
Anbarseki Mahallesi,Karaburun,0.606824474342281,-0.1704886909580437
Ansızca Mahallesi,Kemalpaşa,0.5293300789154299,-0.131558193811529
Arap Hasan Mahallesi,Karabağlar,0.1250490392533749,0.0944972508280356
Ardıç Mahallesi,Çeşme,0.4156309422402184,-0.0736325724194548
Arkacılar Mahallesi,Kiraz,0.4310882738750897,-0.008911059256502
Armağanlar Mahallesi,Bergama,0.41867588047561,-0.0330524817369818
Armutlu Mahallesi,Tire,0.543701992433839,-0.1157649138521309
Arpadere Mahallesi,Kınık,0.4590552647790883,-0.0195368399030165
Arpaseki Mahallesi,Kınık,0.388080663454338,0.0123065414851791
Arslanlar Mahallesi,Torbalı,0.4291246586498822,-0.0845067955411458
Artıcak Mahallesi,Ödemiş,0.6325825245360526,-0.2127116228901129
Arıkbaşı Mahallesi,Bayındır,0.4977872813065011,-0.0996889751825077
Ata Mahallesi,Menderes,0.3230937241133887,0.0170379964076711
Atakent Mahallesi,Karşıyaka,0.3139419791001986,-0.0720831494747319
Ataköy Mahallesi,Menderes,0.6024775919412945,-0.1824289397848619
Atalan Mahallesi,Torbalı,0.434407824299195,-0.0995033896301846
Atamer Mahallesi,Konak,0.2321335526442207,0.0180273285797263
Atatürk Mahallesi,Bayındır,0.34985256657282865,-0.03836009996682961
Atatürk Organize Sanayi Bölgesi,Çiğli,0.1109587855152745,0.0502406155117437
Atatürk Plastik Organize Sanayi Bölgesi,Menemen,0.1084750610595663,0.0448066475878251
Ataşehir Mahallesi,Çiğli,0.1866908031904701,0.0169204015177568
Atilla Mahallesi,Konak,0.0936913171340806,0.110684904206201
Atmaca Mahallesi,Bergama,0.2245709370645567,0.0570553455351851
Atçılar Mahallesi,Bergama,0.3921143213882271,0.0285991133966167
Atıfbey Mahallesi,Gaziemir,0.1907502497432269,0.048032937676122
Avunduk Mahallesi,Bergama,0.4651612954860801,-0.0141647044606655
Avunduruk Mahallesi,Kiraz,0.4936690299083979,-0.05790093455359785
Ayaklıkırı Mahallesi,Tire,0.4445479381176107,-0.0325693438962382
Ayaskent Mahallesi,Bergama,0.3502359785222914,-0.0119848297000404
Aydoğdu Mahallesi,Kiraz,0.36344535715577486,-0.028577266094251298
Aydın Mahallesi,Karabağlar,0.2321007985063113,0.0219107088130474
Aydınlıkevler Mahallesi,Çiğli,0.2603062411353014,0.0051420927003816
Ayrancılar Mahallesi,Torbalı,0.2938149354098646,0.0008083894154260917
Ayvacık Mahallesi,Menemen,0.4005707063033595,-0.0530976664920558
Ayvatlar Mahallesi,Bergama,0.6332940127016956,-0.1836282443179245
Aziziye Mahallesi,Bergama,0.2903706553868744,0.024153213447433167
Aşağı Mahalle,Kınık,0.2347129185943953,0.067186973808349
Aşağı Yenmiş Mahallesi,Kemalpaşa,0.278570013919441,0.0380137521203668
Aşağıbey Mahallesi,Bergama,0.6458806068949431,-0.1992153686673574
Aşağıcuma Mahallesi,Bergama,0.5082819600170712,-0.0707869107325044
Aşağıkırıklar Mahallesi,Bergama,0.2950890932113041,0.0203303626739559
Aşağıkızılca Mahallesi,Kemalpaşa,0.525497012453586,-0.1544943063178338
Aşağıılgındere Mahallesi,Bergama,0.466843191989817,-0.0741034636947259
Aşağışakran Mahallesi,Aliağa,0.3935735183802789,-0.0082084891249473
Aşık Veysel Mahallesi,Karabağlar,0.0903996699788922,0.0541913373401453
B.Hayrettin Paşa Mahallesi,Aliağa,0.2839831539518727,0.0139531689818208
Bademalan Mahallesi,Kınık,0.5033438082563434,-0.0704912421153079
Bademler Mahallesi,Urla,0.4744603685533669,-0.061623843113209
Bademli Mahallesi,Ödemiş,0.486267630086635,-0.09642017704176176
Bahar Mahallesi,Karabağlar,0.1424341037964643,0.060616387351809
Bahariye Mahallesi,Tire,0.37797034691600184,-0.04838132062780265
Bahriye Üçok Mahallesi,Karabağlar,0.2056175244314758,0.04745863898558185
Bahçearası Mahallesi,Kiraz,0.4878710658806803,-0.0664836324947733
Bahçedere Mahallesi,Aliağa,0.2077043418771472,0.0929294910741519
Bahçelerarası Mahallesi,Balçova,0.37199404767741,-0.0752446324158024
Bahçeli Mahallesi,Dikili,0.4055731266951404,-0.0167565264834778
Bahçelievler Mahallesi,Torbalı,0.2308301709423347,0.03836866442115928
Bakırköy Mahallesi,Beydağ,0.4723550128077238,-0.0644267349855615
Balaban Mahallesi,Kınık,0.42702938764890797,-0.010853120957716351
Balabanlı Mahallesi,Ödemiş,0.4923854826533211,-0.0859818118788793
Balatçık Mahallesi,Çiğli,0.210820917828973,0.0131249782538546
Balcılar Mahallesi,Bayındır,0.6819049501939382,-0.2412254976573603
Ballıkuyu Mahallesi,Konak,0.1472127945873144,0.0729728604181576
Balıklıova Mahallesi,Urla,0.483855483334004,-0.0361168682377664
Barbaros Mahallesi,Urla,0.2651772945568158,0.03263571452965345
Barutçu Mahallesi,Selçuk,0.552383567334244,-0.1309827727639251
Barış Mahallesi,Karabağlar,0.1343628268919446,0.06905905544861085
Basın Sitesi Mahallesi,Karabağlar,0.1827232595756605,0.04818747423121
Bayraklı Mahallesi,Bayraklı,0.187388744821704,-0.0012990248905658
Bayramcılar Mahallesi,Bergama,0.46200949624723,-0.0028879308564894
Bayramlı Mahallesi,Kemalpaşa,0.6661035876733574,-0.2194357441613062
Bayırlı Mahallesi,Ödemiş,0.659171959607082,-0.200497659405936
Bağalan Mahallesi,Kınık,0.4724602543753672,-0.063081026547798
Bağcılar Mahallesi,Menemen,0.4096464508658161,-0.0260785451986087
Bağyurdu 29 Ekim Mahallesi,Kemalpaşa,0.7044414919664707,-0.2549403995819013
Bağyurdu Organize Sanayi Bölgesi,Kemalpaşa,0.1715835210151298,0.0306479475430424
Başaran Mahallesi,Kiraz,0.4796579350260981,-0.0232764748876239
Başköy Mahallesi,Tire,0.5096269707944984,-0.0869456479507144
Bebekler Mahallesi,Ödemiş,0.6670204032191988,-0.2407527949169221
Bekirler Mahallesi,Bergama,0.5876121160004373,-0.0968824136563091
Belen Mahallesi,Menemen,0.4165380849087557,-0.031986489297317
Belenbaşı Mahallesi,Buca,0.4789847879858604,-0.1032177511910512
Belevi Mahallesi,Selçuk,0.5226352466312647,-0.1254454814768801
Bengiler Mahallesi,Seferihisar,0.549604366293568,-0.1489630097554083
Bengisu Mahallesi,Ödemiş,0.2022322753962727,0.0954186652650945
Bergama Organize Sanayi Bölgesi,Bergama,0.1262667260235246,0.0719200663560013
Beyazevler Mahallesi,Gaziemir,0.3748834608683878,-0.0677068076477984
Beyazıtlar Mahallesi,Ödemiş,0.5257692368567248,-0.0714679628245056
Beyköy Mahallesi,Beydağ,0.6015495624633511,-0.1547371674157651
Beyler Mahallesi,Seferihisar,0.4857178171486924,-0.0807297990224192
Beşpınar Mahallesi,Kemalpaşa,0.5199308591840702,-0.1161264717871584
Beşyol Mahallesi,Bornova,0.4425787733760931,-0.0769116297403601
Binbaşı Reşatbey Mahallesi,Gaziemir,0.1774161503661531,0.0272727510550589
Birgi Mahallesi,Ödemiş,0.5139294530815557,-0.06459355670208056
Birlik Mahallesi,Bornova,0.1252450612554943,0.0530553548612699
Bostanlı Mahallesi,Karşıyaka,0.1942753420794144,0.0209097335964189
Boyalık Mahallesi,Çeşme,0.2863698690872382,-0.0642012070525661
Boynuyoğun Mahallesi,Tire,0.5005918957301441,-0.1273202741357566
Bozalan Mahallesi,Menemen,0.5311957031387406,-0.1235221637304259
Bozcayaka Mahallesi,Ödemiş,0.4114429256577777,0.0128596685515566
Bozdağ Mahallesi,Ödemiş,0.5101790017084444,-0.1403786275025877
Bozkurt Mahallesi,Konak,0.2054177751093346,0.0655762571439638
Bozköy Mahallesi,Bergama,0.44016186723851836,-0.0815564858809495
Bozyaka Mahallesi,Karabağlar,0.087980791520596,0.0918119607918821
Bozyerler Mahallesi,Bergama,0.4766971467311983,-0.0745997990733874
Boğaziçi Mahallesi,Konak,0.1491775629186999,0.0720615908110795
Buca Koop Mahallesi,Buca,0.191085759474353,0.0184250934322835
Buca Organize Sanayi Bölgesi,Buca,0.1347523112992809,0.0291918340803767
Bucak Mahallesi,Ödemiş,0.4637865545009084,-0.0176716656541245
Bulgurca Mahallesi,Menderes,0.3377892230658872,0.0147742438033939
Buruncuk Mahallesi,Bayındır,0.3986682444481031,-0.053772721878133305
Bölcek Mahallesi,Bergama,0.3580177795796418,-0.0380973261578389
Bülbüldere Mahallesi,Torbalı,0.4057984699205771,0.0156467104698335
Bülbüller Mahallesi,Ödemiş,0.5556509032370083,-0.1227830108542784
Büyükavulcuk Mahallesi,Ödemiş,0.4260953849403278,-0.06368609740127
Büyükkale Mahallesi,Tire,0.583043316436973,-0.2106890214161326
Büyükkemerdere Mahallesi,Tire,0.573483522975034,-0.1456886678575754
Büyükkömürcü Mahallesi,Tire,0.5285695273833085,-0.1150289746778079
Büyükoba Mahallesi,Kınık,0.4613069846056254,-0.0466024602760425
Bıyıklar Mahallesi,Bayındır,0.2580985661401235,0.0550527770534193
Bıçakçı Mahallesi,Ödemiş,0.5982447299962783,-0.1585292365432428
Cambazlı Mahallesi,Tire,0.6502361270919081,-0.2243140326121849
Camiatik Mahallesi,Urla,0.4057750651917218,-0.0438492997067975
Camii Mahallesi,Bayındır,0.1932278756446818,0.1133214012460919
Camiikebir Mahallesi,Menemen,0.3919594993610248,-0.075736138712071
Camikebir Mahallesi,Seferihisar,0.4647914835547001,-0.0816329745883601
Celal Bayar Mahallesi,Çeşme,0.3484265834919596,-0.008689820800665
Cengiz Topel Mahallesi,Konak,0.2796035802980612,0.0032473438632741
Cengizhan Mahallesi,Bayraklı,0.1739504869755938,0.0432061777357376
Cennetoğlu Mahallesi,Karabağlar,0.1179569949162986,0.0716838451648637
Cennetçeşme Mahallesi,Karabağlar,0.2403623917136585,0.0414212690222284
Ceritler Mahallesi,Kiraz,0.4748421864988086,-0.0610476026821874
Cevaplı Mahallesi,Bergama,0.4031649525464965,-0.0236720715560038
Cevizalan Mahallesi,Ödemiş,0.461926856028891,-0.0046893813562649
Cevizli Mahallesi,Kiraz,0.4618230975438923,-0.0466609563779797
Cumalı Mahallesi,Kemalpaşa,0.4940398704189559,-0.11383875336559265
Cumhuriyet Mahallesi,Bayındır,0.3460010352252587,-0.03856994667358523
Cüneytbey Mahallesi,Menderes,0.2092481645107771,0.0384236859484369
Dallık Mahallesi,Tire,0.6403871702321257,-0.1968521224023386
Dalyan Mahallesi,Çeşme,0.2861018844907652,-0.016570668527092
Damlacık Mahallesi,Kemalpaşa,0.5307413022891424,-0.1247236794074223
Dayıemir Mahallesi,Konak,0.1585611785928207,0.0866306877729517
Dağdere Mahallesi,Tire,0.4501809250930063,-0.06327613518039
Dağkızılca Mahallesi,Torbalı,0.5311552940786415,-0.1520728430079598
Dağteke Mahallesi,Torbalı,0.6049670205308378,-0.1902311821443761
Dağıstan Mahallesi,Bergama,0.4250157656654542,-0.0724698885836574
Dedebaşı Mahallesi,Karşıyaka,0.1217236864220546,0.0905895643335227
Deliktaş Mahallesi,Dikili,0.3630183996658911,0.0119474515618588
Demirci Mahallesi,Torbalı,0.4549676443514162,-0.0662543441587846
Demircidere Mahallesi,Bergama,0.6209139650811072,-0.1929630760381072
Demircili Mahallesi,Ödemiş,0.424547802070692,-0.062167163734537054
Demircilik Mahallesi,Bayındır,0.3891638639947035,-0.0085733430182618
Demirdere Mahallesi,Ödemiş,0.4948961315122783,-0.0939196049375759
Demirköprü Mahallesi,Karşıyaka,0.1165673398861607,0.0739497350502233
Demirtaş Mahallesi,Dikili,0.3558155847951832,0.0229877671335635
Denizköy Mahallesi,Dikili,0.4811752692496772,-0.0634573978597293
Denizli Mahallesi,Urla,0.5172116070698942,-0.1349464699156875
Dere Mahallesi,Tire,0.5282752164049022,-0.1430913015762879
Derebaşı Mahallesi,Tire,0.4353247199359408,-0.0464278854493942
Dereköy Hacılar Mahallesi,Bergama,0.5439674826544317,-0.1093739985206911
Dereköy Mahallesi,Bergama,0.5118345279848017,-0.09272809191843215
Dereli Mahallesi,Tire,0.5612380867694852,-0.1309783815534906
Dereuzunyer Mahallesi,Ödemiş,0.4682548503426258,-0.0948213636075694
Dernekli Mahallesi,Bayındır,0.662419027654728,-0.2309353453530199
Develi Mahallesi,Menderes,0.3412801954843441,0.0145893170063083
Devrim Mahallesi,Karabağlar,0.1970034963254112,0.0569743361439741
Değirmencieli Mahallesi,Kınık,0.4712942226787251,-0.0612343693925821
Değirmendere Mahallesi,Menderes,0.46852305897148216,-0.12087036347818131
Dibekçi Mahallesi,Tire,0.4538968051487913,-0.0758191896948134
Dicle Mahallesi,Buca,0.0923404020846537,0.0707732215441595
Dirmil Mahallesi,Torbalı,0.4548696570023644,-0.0683032387318186
Dokuz Eylül Mahallesi,Gaziemir,0.3857383504592971,-0.0383985496495306
Dokuzlar Mahallesi,Kiraz,0.4700125577239771,-0.0669608027955087
Dolaplıkuyu Mahallesi,Konak,0.1214792571071049,0.0985279510607538
Dolaylar Mahallesi,Ödemiş,0.5857633822481284,-0.1643182926335599
Donanmacı Mahallesi,Karşıyaka,0.1660885257215996,0.0376916272978637
Doyranlı Mahallesi,Tire,0.3997740631398738,-0.0075294087026988
Doğa Mahallesi,Menemen,0.3906888096769517,-0.0161545714681683
Doğanay Mahallesi,Karabağlar,0.1154019879481834,0.1114113746879732
Doğancı Mahallesi,Bergama,0.2996971490803534,0.1074626084436026
Doğancılar Mahallesi,Kiraz,0.5071770589294506,-0.07569786211908365
Doğanlar Mahallesi,Bornova,0.1164036153953071,0.0573956806079362
Doğançay Mahallesi,Bayraklı,0.4353983018972022,-0.0537870241306086
Duatepe Mahallesi,Tire,0.31631289511311,-0.032825844512239855
Dumlupınar Mahallesi,Tire,0.2967796201109426,0.016378715276522654
Durmuşlar Mahallesi,Bergama,0.3490836249809956,0.0557043605003964
Dündarlı Mahallesi,Tire,0.463809593261158,-0.0817864225842183
Düverlik Mahallesi,Torbalı,0.5205300901925698,-0.1270498278729968
Düzce Mahallesi,Seferihisar,0.5345564750902378,-0.1007374945749178
Efeler Mahallesi,Buca,0.1784286416661168,0.0489925506635082
Efemçukuru Mahallesi,Menderes,0.4831933637934442,-0.0789078891066792
Ege Mahallesi,Konak,0.1376197973615788,0.0293161245262858
Egekent Mahallesi,Çiğli,0.2800356375319098,-0.0128683410879529
Egemen Mahallesi,Kemalpaşa,0.6298313900801933,-0.2279164060281993
Egemenlik Mahallesi,Bornova,0.2589807545973195,-0.0110330165891536
Elifli Mahallesi,Bayındır,0.4781338250501652,-0.1105002086088758
Elmadere Mahallesi,Kınık,0.4235929722513636,-0.0126357864459067
Emek Mahallesi,Bayraklı,0.1623037925966815,0.04480419497768
Emenler Mahallesi,Kiraz,0.5086459903707836,-0.0481202006882538
Emir Sultan Mahallesi,Konak,0.1555083356171117,0.0415886154841308
Emiralem Merkez Mahallesi,Menemen,0.4157001079318026,-0.0861399043862076
Emirli Mahallesi,Ödemiş,0.5047529153293356,-0.0918933758825664
Emmioğlu Mahallesi,Ödemiş,0.4495158470922726,-0.100095669652209
Emrez Mahallesi,Gaziemir,0.1450533322803752,0.0572667269893584
Ergene Mahallesi,Bornova,0.1888621535269926,0.0245072539089454
Ergenli Mahallesi,Bayındır,0.5162915782727968,-0.1023292112785109
Erikli Mahallesi,Beydağ,0.6538007950922781,-0.1921693985753117
Ertuğrul Mahallesi,Ödemiş,0.31104246245723327,-0.006331347764132626
Erzene Mahallesi,Bornova,0.4330419152862532,-0.0897270955171806
Esatpaşa Mahallesi,Menemen,0.1897466567459687,0.0166287888645126
Esenlik Mahallesi,Karabağlar,0.0903114722070226,0.1185525098343214
Esentepe Mahallesi,Dikili,0.2745176160696036,0.023812345297454466
Esenyalı Mahallesi,Karabağlar,0.2130710607437475,0.0484133315216122
Eskioba Mahallesi,Tire,0.4484077754982557,-0.0549253842923003
Etiler Mahallesi,Konak,0.1108975883567789,0.0818648578177299
Evka 3 Mahallesi,Bornova,0.3617287237329845,-0.0624187335024615
Evka 4 Mahallesi,Bornova,0.2822392136105066,-0.0126110310571337
Evka-2 Mahallesi,Çiğli,0.2850059889115824,-0.0092575436127953
Evka-5 Mahallesi,Çiğli,0.2648974496589355,-0.0020991011599477
Evka-6 Mahallesi,Çiğli,0.2720938144913875,-0.001240139985641
Eğerci Mahallesi,Torbalı,0.3647956678237389,-0.0694567941779575
Eğiller Mahallesi,Bergama,0.3149761695929216,0.0733883721991634
Eğitim Mahallesi,Balçova,0.2011608807135167,0.0354180916824341
Eğlenhoca Mahallesi,Karaburun,0.5674000640044422,-0.1208337099306725
Eğridere Mahallesi,Tire,0.5128876419901779,-0.08377639520205078
Eğrigöl Mahallesi,Bergama,0.3933543460398861,-0.0215608642369853
Fahrettin Altay Mahallesi,Karabağlar,0.2916909156218913,-0.002197959558532
Fahrettinpaşa Mahallesi,Çeşme,0.4252901205056216,-0.0676967756585023
Faik Paşa Mahallesi,Konak,0.1538748679781257,0.1001867932206559
Fatih Mahallesi,Bergama,0.3401622844698699,-0.030695010091526236
Ferahlı Mahallesi,Konak,0.1846188037801342,0.0549162303434117
Ferizler Mahallesi,Bergama,0.3544300099845851,0.0216316676599535
Fevzi Paşa Mahallesi,Konak,0.1343339765273513,0.0529259842726478
Fevzi Çakmak Mahallesi,Torbalı,0.29925899432134934,0.024666156992833702
Fevzipaşa Mahallesi,Bergama,0.3532897252469318,-0.0026244061374019988
Fikri Altay Mahallesi,Karşıyaka,0.1174627518967578,0.0915009555271532
Fuat Edip Baksı Mahallesi,Bayraklı,0.20793889299567,0.0128644788654937
Fırat Mahallesi,Buca,0.2011849635273235,0.0308961139349488
Fırınlı Mahallesi,Bayındır,0.4662798242462823,-0.0917686485992528
Gaybi Mahallesi,Menemen,0.1474830232651773,0.0869775410992198
Gaylan Mahallesi,Bergama,0.3864741841626653,-0.0018023794930385
Gazi Mahallesi,Menemen,0.1882238592904221,0.0612236960963925
Gazi Mustafa Kemal Mahallesi,Torbalı,0.4071156356129233,-0.06282693142815525
Gazi Osman Paşa Mahallesi,Bornova,0.1073064426258461,0.0499360965062629
Gazikent Mahallesi,Gaziemir,0.2825214401085615,-0.0236692566193284
Gaziler Mahallesi,Bayındır,0.3596806829912836,-0.0204252164837195
Gaziosmanpaşa Mahallesi,Bergama,0.1732474171377312,0.0536535015353847
Gazipaşa Mahallesi,Dikili,0.24753083124447783,0.0412251588479736
Gedik Mahallesi,Kiraz,0.4816403684682278,-0.0184928729958964
General Asım Gündüz Mahallesi,Karabağlar,0.1686509945739614,0.0209165557016341
General Kazım Özalp Mahallesi,Karabağlar,0.1848974304549764,0.0185703164872189
Gereli Mahallesi,Ödemiş,0.4805491249376889,-0.0702153487862847
Germiyan Mahallesi,Çeşme,0.4330044164051411,0.0185677520262888
Gerçekli Mahallesi,Ödemiş,0.4433197694041609,-0.0101695215080829
Goncalar Mahallesi,Karşıyaka,0.107642782961423,0.1017283606314727
Göbeller Mahallesi,Bergama,0.616461773750662,-0.1615507780475309
Gödence Mahallesi,Seferihisar,0.613096181293671,-0.1812982561173784
Gökdere Mahallesi,Bornova,0.4936083794536159,-0.1184989862729488
Göksu Mahallesi,Buca,0.0611457645408853,0.0937060252729367
Göktepe Mahallesi,Menemen,0.4782338429252514,-0.0881898053193901
Gökyaka Mahallesi,Kemalpaşa,0.5562708044323774,-0.1712498935572741
Gökçealan Mahallesi,Selçuk,0.5650114702951594,-0.1796454808019782
Gökçeağıl Mahallesi,Dikili,0.4988664459011438,-0.0737624334831654
Gökçen Mahallesi,Tire,0.4404563577886137,-0.0865001220097611
Gökçeyurt Mahallesi,Bergama,0.471214721781941,-0.0793429672886731
Gölcük Mahallesi,Ödemiş,0.4328752738839204,-0.08564299286798033
Gölcükler Mahallesi,Menderes,0.3183963301167216,0.0124680989127084
Göllüce Mahallesi,Torbalı,0.4056808246440649,-0.0179565496643023
Gölova Mahallesi,Menderes,0.5988202652442038,-0.1431535878404675
Görece Cumhuriyet Mahallesi,Menderes,0.4444562073769284,-0.0553408533822865
Görece Mahallesi,Menemen,0.4450036320606592,-0.0592848514253337
Göztepe Mahallesi,Konak,0.2063239604214206,0.0327001699923988
Göçbeyli Kaplan Mahallesi,Bergama,0.5704746249283095,-0.1149177747709003
Göçbeyli Mahallesi,Bergama,0.3567948854140636,-0.0228205124020445
Gülbahçe Mahallesi,Urla,0.4634881335553835,-0.0496333971324241
Gültepe Mahallesi,Bergama,0.4941140026769877,-0.1172785045912079
Gülyaka Mahallesi,Karabağlar,0.1116781019680687,0.0879609800383875
Gümüldür Atatürk Mahallesi,Menderes,0.5939235062657386,-0.1776848761840255
Gümüldür Cumhuriyet Mahallesi,Menderes,0.6512787458880244,-0.207358575464437
Gümüldür Fevzi Çakmak Mahallesi,Menderes,0.519720697140655,-0.1290819411097206
Gümüldür İnönü Mahallesi,Menderes,0.6556041765748899,-0.2286288891970075
Gümüşpala Mahallesi,Bayraklı,0.1374260631351041,0.0463255501074143
Günaltay Mahallesi,Karabağlar,0.135936249438378,0.0618976213738187
Günerli Mahallesi,Menemen,0.3487736452405237,-0.042704680348353
Güney Mahallesi,Ödemiş,0.3471021999532356,-0.03019989843830705
Güneş Mahallesi,Konak,0.1143896450135868,0.1064310895752197
Güneşli Mahallesi,Bergama,0.37296664480101843,-0.0017680065389136985
Güngör Mahallesi,Konak,0.1087543198279201,0.1078542725020192
Günlüce Mahallesi,Ödemiş,0.5101262708891358,-0.1154806462660564
Gürpınar Mahallesi,Bornova,0.5558540746510312,-0.1880919513473503
Güven Mahallesi,Buca,0.1006107934970537,0.1183070245220301
Güvendik Mahallesi,Urla,0.599037627918149,-0.198865887170252
Güzelhisar Mahallesi,Aliağa,0.3786109640327094,-0.0326945642613412
Güzeltepe Mahallesi,Çiğli,0.1717362188690342,0.0550092206662238
Güzelyalı Mahallesi,Konak,0.1500307418154757,0.0650022653480067
Güzelyurt Mahallesi,Konak,0.1104911974594393,0.1268417987855876
Hacı Beşir Mahallesi,Bayındır,0.2205190207752117,0.0900544797594862
Hacı İbrahim Mahallesi,Bayındır,0.4496122814878038,-0.0113546329625117
Hacı İsa Mahallesi,Urla,0.2174431105904931,0.0091104018385213
Hacıhamzalar Mahallesi,Bergama,0.5517729016682196,-0.0923963332763354
Hacıhasan Mahallesi,Ödemiş,0.5707542876835684,-0.1110267215340602
Hacıveli Mahallesi,Foça,0.309831493083103,-0.000509291155078938
Hacıömerli Mahallesi,Aliağa,0.3325695254535848,0.0603476402918215
Halilağalar Mahallesi,Bergama,0.5427244174638869,-0.1078836627423617
Halilbeyli Mahallesi,Kemalpaşa,0.3307007703992475,-0.0262374076996574
Haliller Mahallesi,Kiraz,0.4498327371430125,-0.026293505114274
Halkapınar Mahallesi,Tire,0.3640682798407755,-0.09061563594277824
Halıköy Mahallesi,Beydağ,0.5727658069594035,-0.1361335380504762
Hamam Mahallesi,Ödemiş,0.6149766761239877,-0.1473928952957827
Hamzababa Mahallesi,Kemalpaşa,0.7228556244998702,-0.234933288115248
Hamzahocalı Mahallesi,Kınık,0.3982450583763364,-0.0386150078813075
Hamzalısüleymaniye Mahallesi,Bergama,0.3215210196569171,0.0317673543222538
Harmandalı Gazi Mustafa Kemal Atatürk Mahallesi,Çiğli,0.4053942232634034,-0.0544797210051673
Hasan Özdemir Mahallesi,Konak,0.156463285741544,0.0592870930553137
Hasanlar Mahallesi,Menemen,0.4824809432610637,-0.0921718745459512
Hasançavuşlar Mahallesi,Tire,0.4454948234359182,-0.0522264788455052
Hasköy Mahallesi,Bayındır,0.4724298781318377,-0.1380605694470857
Hasseki Mahallesi,Karaburun,0.5120170839527801,-0.092855824372375
Hatay Mahallesi,Bayındır,0.3992705256881853,0.004343654933058
Hatundere Mahallesi,Menemen,0.4018757142796202,-0.0278780762968117
Havutçulu Mahallesi,Selçuk,0.5708558323836361,-0.17448717328458
Havuzbaşı Mahallesi,Bayındır,0.3886949983132438,-0.0663950204639511
Haykıran Mahallesi,Menemen,0.4152553338132386,-0.0396076101274874
Helvacı Mahallesi,Torbalı,0.5623102661892319,-0.1433802337857929
Hilal Mahallesi,Konak,0.2091336969181705,0.0351215668399908
Hisar Mahallesi,Kiraz,0.5181919556002977,-0.0704035854190617
Hisarköy Mahallesi,Bergama,0.6218509340583904,-0.1785232807077396
Hisarlık Mahallesi,Tire,0.6437034566493582,-0.22472400551265292
Horozgediği Mahallesi,Aliağa,0.2510259336386592,0.0059465453364919
Horzum Mahallesi,Ödemiş,0.5452844941345991,-0.1137842699373475
Hurşidiye Mahallesi,Konak,0.1150589179585659,0.1227094218694868
Huzur Mahallesi,Narlıdere,0.40284404460053763,-0.08707395451326815
Hürriyet Mahallesi,Ödemiş,0.39851258496611375,-0.06908634911939772
Hıdırlık Mahallesi,Seferihisar,0.4807479813024742,-0.1333083370871058
Ildır Mahallesi,Çeşme,0.39311897366091,0.0050058427657971
Ilgıncaber Mahallesi,Bergama,0.5072066804235569,-0.085929653293666
Ilıca Mahallesi,Narlıdere,0.40370461276934544,-0.09882406566497516
Ilıpınar Mahallesi,Foça,0.4344853797492521,-0.0701087742164264
Irmak Mahallesi,Menemen,0.3164878540469097,-0.03743678880873355
Işık Mahallesi,Ödemiş,0.5030087911275796,-0.0733833962541628
Işıklar Mahallesi,Bornova,0.35764578312091966,-0.022552661897090202
Işıklı Mahallesi,Tire,0.4660072446571008,-0.0875602191297872
Kabaağaç Mahallesi,Bayındır,0.6554102527422755,-0.2027481280182298
Kabakum Mahallesi,Dikili,0.3653666624858994,-0.026840018206546
Kadifekale Mahallesi,Konak,0.2460943083982078,0.0048727046319877
Kadriye Mahallesi,Bergama,0.3617153797168312,0.021416202232339
Kadıköy Mahallesi,Bergama,0.3278809302463132,0.0024042725069604
Kadıovacık Mahallesi,Urla,0.494488836520935,-0.0403126691287035
Kahraman Mescit Mahallesi,Konak,0.2143875747919082,0.0809953525662422
Kahramandere Mahallesi,Güzelbahçe,0.3496918115426226,-0.047821624960412
Kahramanlar Mahallesi,Konak,0.1249619193989687,0.0549978367771623
Kahrat Mahallesi,Tire,0.4316770544505354,-0.0731828372063316
Kaklıç Mahallesi,Çiğli,0.2926150784223588,-0.0226220784439135
Kalabak Mahallesi,Urla,0.38060636845902596,-0.014303625608959248
Kaleardı Mahallesi,Bergama,0.3718628049796538,0.0469714490461178
Kaleköy Mahallesi,Kiraz,0.4544520419250928,-0.062407903041854
Kalemköy Mahallesi,Kınık,0.4691043815664914,-0.0473533320160172
Kamberler Mahallesi,Kemalpaşa,0.6361938200779711,-0.1847563599374937
Kaplan Mahallesi,Tire,0.60617089032437,-0.1847190859446742
Kaplancık Mahallesi,Torbalı,0.525880144431314,-0.0950149223800123
Kapukaya Mahallesi,Bergama,0.425094054374527,0.0038713320139832016
Karabağ Mahallesi,Kiraz,0.5329954930719951,-0.0779912927525795
Karabağlar Mahallesi,Karabağlar,0.0813152933981766,0.0925823757104227
Karabulu Mahallesi,Kiraz,0.4635955143331195,-0.0116494173534008
Karaburç Mahallesi,Kiraz,0.4586508490369674,-0.033502627696842
Karaca Ali Mahallesi,Tire,0.56685555700368,-0.1727407724862212
Karacaağaç Mahallesi,Buca,0.4910616596505113,-0.1019035372856407
Karacaoğlan Mahallesi,Bornova,0.168947362375275,0.0305983137872154
Karadere Mahallesi,Kınık,0.4939266286218482,-0.0188389683914184
Karadoğan Mahallesi,Ödemiş,0.4658906025944283,-0.0966724262914608
Karahalilli Mahallesi,Bayındır,0.4528655002543972,-0.0857848259337589
Karahayıt Mahallesi,Bayındır,0.5077630098950422,-0.0782305693471787
Karahıdırlı Mahallesi,Bergama,0.4581035775734933,-0.0643256906880456
Karakova Mahallesi,Ödemiş,0.5042350908444742,-0.123459348786803
Karakuyu Mahallesi,Menderes,0.4491062631131797,-0.1011206378205684
Karakuzu Mahallesi,Aliağa,0.4274105666712409,-0.0341739012765119
Karaköy Mahallesi,Aliağa,0.35710116350626653,0.028076171882557545
Karakızlar Mahallesi,Torbalı,0.5162928396185607,-0.1252368725214466
Karalar Mahallesi,Bergama,0.4182911035395596,-0.0373008021044695
Karaman Mahallesi,Kiraz,0.4844212954562287,-0.0254747169664842
Karanfil Mahallesi,Buca,0.297746266375003,-0.0182260621816237
Karaoba Mahallesi,Beydağ,0.4577761014185323,-0.0337777682479291
Karaorman Mahallesi,Menemen,0.578749267518947,-0.1672381367796505
Karaot Mahallesi,Torbalı,0.5106033004336947,-0.1318210658632251
Karapınar Mahallesi,Bayındır,0.4923297400649939,-0.0631659243468387
Karateke Mahallesi,Tire,0.415766640858601,-0.0097728897559033
Karatekeli Mahallesi,Kınık,0.3229257919229723,0.0453078243975874
Karaveliler Mahallesi,Bergama,0.5584361106524884,-0.1613042821232212
Karaçam Mahallesi,Bornova,0.5173068502293813,-0.115287217767958
Karşıyaka Mahallesi,Torbalı,0.3627476493731909,-0.0895850277350844
Kasımpaşa Mahallesi,Menderes,0.2333114636093251,0.014120818042359899
Katrancı Mahallesi,Bergama,0.508229489835383,-0.0896190394013717
Katıralanı Mahallesi,Dikili,0.4572725554582607,-0.0108249188366305
Kavacık Mahallesi,Karabağlar,0.5756248884954573,-0.1578235938736154
Kavakdere Mahallesi,Seferihisar,0.5729401556918804,-0.1349028595378089
Kavaklıdere Mahallesi,Bornova,0.5616622213454704,-0.1850625910367073
Kayadibi Mahallesi,Bornova,0.5259052839994914,-0.1086496982350447
Kayaköy Mahallesi,Ödemiş,0.4891680833169414,-0.104148830936117
Kaymakçı Mahallesi,Ödemiş,0.4222081087050153,-0.0100943385326108
Kaynaklar Merkez Mahallesi,Buca,0.6222871713042776,-0.2169207965403746
Kazanlı Mahallesi,Ödemiş,0.5340758382047832,-0.1314259726267043
Kazım Dirik Mahallesi,Foça,0.2573457451099057,-0.01703315535904915
Kazım Karabekir Mahallesi,Torbalı,0.24393935212828122,0.03028087334883265
Kazımdirik Mahallesi,Bornova,0.2219359933251442,-0.0115206671945783
Kazımpaşa Mahallesi,Menemen,0.47322953200467366,-0.1103067208514227
Kaşıkçı Mahallesi,Bergama,0.4524485280335211,-0.0548861472512171
Keler Mahallesi,Menderes,0.4906413209610875,-0.1245774458373001
Kemal Atatürk Mahallesi,Menemen,0.4763652115002366,-0.10413162590714779
Kemal Reis Mahallesi,Konak,0.1404416956554901,0.0727722466290099
Kemalpaşa Mahallesi,Menderes,0.32570771479259314,-0.04852509626255805
Kemalpaşa Organize Sanayi Bölgesi,Kemalpaşa,0.1506200025656879,0.053289035880864
Kemenler Mahallesi,Ödemiş,0.4595713188944652,-0.0416520261526626
Kemer Mahallesi,Ödemiş,0.5214817302314749,-0.1177498813152897
Kerpiçlik Mahallesi,Ödemiş,0.608901274992746,-0.1756494708429223
Kesik Mahallesi,Menemen,0.3531980634623536,-0.0669445176118574
Kestelli Mahallesi,Konak,0.1340024002985853,0.1125689044304825
Ketenci Mahallesi,Tire,0.2654434956444049,0.0478737528879698
Kibar Mahallesi,Kiraz,0.2868349929420537,0.031776972717184854
Kireli Mahallesi,Tire,0.4534632716273132,-0.0861851975888018
Koca Mehmetler Mahallesi,Foça,0.4047055687517964,-0.0432828654460314
Kocaaliler Mahallesi,Tire,0.3966443454334276,0.0068167138408902
Kocahaliller Mahallesi,Bergama,0.5694906963478946,-0.0729524722758229
Kocakapı Mahallesi,Konak,0.1796370520090392,0.0508259357761215
Kocaköy Mahallesi,Bergama,0.535354936343077,-0.0750798583372263
Kocaoba Mahallesi,Dikili,0.4014268245142861,0.0197092223183302
Kocatepe Mahallesi,Konak,0.0841378114216675,0.1098425231224431
Kocaömerli Mahallesi,Kınık,0.4392992736170245,-0.0687153154427551
Kodukburun Mahallesi,Kınık,0.5502705228927375,-0.0904071175997734
Konak Mahallesi,Konak,0.1420394843109636,0.0487578146305904
Konaklı Mahallesi,Ödemiş,0.5214058148604969,-0.1264832056771012
Korutürk Mahallesi,Balçova,0.2520190003693164,-0.0121694871501917
Kosova Mahallesi,Konak,0.1673107692165905,0.054571321465182
Koyuneli Mahallesi,Bergama,0.4741593365338978,-0.0494701086849606
Kozağaç Mahallesi,Buca,0.1445534110254914,0.0391790996590393
Kozbeyli Mahallesi,Foça,0.4502411376421195,-0.0771984220763848
Kozluca Mahallesi,Bergama,0.481411860553409,-0.0977650639621438
Koşukavak Mahallesi,Bornova,0.0870452356662518,0.0562473858550147
Kubilay Mahallesi,Konak,0.2081299404857069,0.0608734663541818
Kurfallı Mahallesi,Bergama,0.3900198843081955,-0.0351432136501032
Kurt Mahallesi,Bayındır,0.1893875663816033,0.106543733170752
Kurtuluş Mahallesi,Bergama,0.24901893876072367,0.04713267863487102
Kurucuova Mahallesi,Ödemiş,0.4146786216252711,0.0023132323411881
Kurudere Mahallesi,Beydağ,0.5414561468580857,-0.1085180985198025
Kuruçeşme Mahallesi,Buca,0.1568542440456288,0.0442290419247283
Kurşak Mahallesi,Tire,0.4672679563064329,-0.0519688022440491
Kutlubeyler Mahallesi,Ödemiş,0.506748397035845,-0.0501359636132822
Kuvvetli Mahallesi,Ödemiş,0.452325150299702,-0.1086530407618373
Kuyucak Mahallesi,Kemalpaşa,0.5516492372765339,-0.13955365900571481
Kuşçuburun Mahallesi,Torbalı,0.3937235377054311,-0.033024712937367
Kuşçular Mahallesi,Urla,0.5259725695431563,-0.1051239958387193
Köfündere Mahallesi,Ödemiş,0.3979569253705751,0.0461693889768699
Körfez Mahallesi,Bayraklı,0.3889669725845006,-0.0176285984069919
Kösedere Mahallesi,Karaburun,0.523609200453583,-0.0805799792240831
Köseler Mahallesi,Ödemiş,0.5263083431717842,-0.08516257293095564
Köyiçi Mahallesi,Çiğli,0.253726688650682,0.0105596274599903
Kültür Mahallesi,Konak,0.24364173224416197,0.013220347044941998
Küner Mahallesi,Menderes,0.5071188318282805,-0.0918485149645804
Kürdüllü Mahallesi,Tire,0.5441686631591753,-0.1340743981377621
Küre Mahallesi,Ödemiş,0.6017635478192086,-0.1434745489932734
Küçük Çiğli Mahallesi,Çiğli,0.0979563033568545,0.0542700240225084
Küçükada Mahallesi,Konak,0.2554122602378992,-0.0108305180462756
Küçükavulcuk Mahallesi,Ödemiş,0.4331778305103901,-0.0164846700254192
Küçükbahçe Mahallesi,Karaburun,0.5135035355011367,-0.0667044853359869
Küçükburun Mahallesi,Tire,0.4566542694963247,-0.0834769767942746
Küçükkale Mahallesi,Tire,0.5711928944480419,-0.2036176621049029
Küçükkaya Mahallesi,Güzelbahçe,0.5449201061433038,-0.1159147504851326
Küçükkemerdere Mahallesi,Tire,0.5617602210328148,-0.1270844630075243
Küçükkömürcü Mahallesi,Tire,0.4966644900938746,-0.0879236641408562
Küçükören Mahallesi,Ödemiş,0.5514180981281163,-0.1022448950773098
Kılıç Reis Mahallesi,Konak,0.1073253912127893,0.1041174090619178
Kınık Organize Sanayi Bölgesi,Kınık,0.1570091872826884,0.0910971362693207
Kır Mahallesi,Menemen,0.6034179233791858,-0.2001316039940525
Kıranlı Mahallesi,Bergama,0.5256396664691191,-0.0696226022581057
Kıratlı Mahallesi,Dikili,0.4680101479798934,-0.0542976977590895
Kırbaş Mahallesi,Torbalı,0.4391724234142581,-0.0998001594026206
Kırcalar Mahallesi,Bergama,0.4085653552996373,-0.014060103468994
Kırklar Mahallesi,Buca,0.5268527550702405,-0.1200007535749158
Kırköy Mahallesi,Kiraz,0.4840552704595506,-0.026366848879211
Kıroba Mahallesi,Dikili,0.353741583632814,0.0482400457969108
Kırtepe Mahallesi,Tire,0.4556722825711,-0.0806166067415849
Kısık Mahallesi,Menderes,0.4380212389900497,-0.0594332859620078
Kızılay Mahallesi,Bornova,0.27370627507991,-0.0146998323498176
Kızılca Mahallesi,Ödemiş,0.5945153747618518,-0.1561757007224087
Kızılcaavlu Mahallesi,Ödemiş,0.4684224206767329,-0.0710944556373953
Kızılcaağaç Mahallesi,Bayındır,0.6461427506737938,-0.2142887173731627
Kızılcahavlu Mahallesi,Tire,0.4485112418334113,-0.0957050777614374
Kızılcaova Mahallesi,Bayındır,0.4861561279494037,-0.1237006312720463
Kızılkeçili Mahallesi,Bayındır,0.6380971075165477,-0.1980626315859595
Kızıloba Mahallesi,Bayındır,0.685476866821336,-0.2471632424135317
Kızıltepe Mahallesi,Bergama,0.3993569853460005,-0.0006924529888186988
Kızılçukur Mahallesi,Dikili,0.3125160211459233,0.0658594871572413
Kızılüzüm Mahallesi,Kemalpaşa,0.6489952129751873,-0.2504061286223446
Kışla Mahallesi,Ödemiş,0.3708597243018263,0.0499907009024561
Laka Mahallesi,Bornova,0.3333601053648897,0.0252965460307109
Lale Mahallesi,Konak,0.2206336413810735,0.0225614840321424
Laleli Mahallesi,Buca,0.1161560350980069,0.0878434969104569
Latife Hanım Mahallesi,Karşıyaka,0.4100199733625706,-0.0415329566548286
Levent Mahallesi,Konak,0.1349743244312305,0.0784564305252845
Limanreis Mahallesi,Narlıdere,0.6029258847034383,-0.2088555469896608
Limontepe Mahallesi,Karabağlar,0.2519988279343942,0.0087231911405935
Lütuflar Mahallesi,Bayındır,0.5282774620550225,-0.1135509050100604
M.Fevzi Çakmak Mahallesi,Urla,0.368074500958008,-0.0706990029110534
Mahmudiye Mahallesi,Bergama,0.3916918548941784,0.0095397275783915
Mahmutlar Mahallesi,Tire,0.4331227489406803,-0.0849997411268456
Maliyeciler Mahallesi,Karabağlar,0.1863062555546566,0.0356460039895513
Maltepe Mahallesi,Bergama,0.23426296698158014,0.003088598607393335
Manavkuyu Mahallesi,Bayraklı,0.2448728295927282,-0.0197160904129529
Mansuroğlu Mahallesi,Bayraklı,0.2055613774477262,-0.0061176716511892
Mareşal Fevzi Çakmak Mahallesi,Foça,0.4109093308988137,-0.063043984134668
Maruflar Mahallesi,Bergama,0.4534541691723694,-0.0395539066422065
Mavidere Mahallesi,Kiraz,0.4274089180498039,0.0069989426253259
Mavişehir Mahallesi,Karşıyaka,0.2201023403235673,-0.0288674758126805
Mazılı Mahallesi,Dikili,0.5466811057627207,-0.1009513278954444
Mecidiye Mahallesi,Konak,0.1876706713285201,0.0741038250553811
Mehmet Akif Ersoy Mahallesi,Kemalpaşa,0.4222751687327455,-0.0653823250943547
Mehmet Akif Mahallesi,Konak,0.1503675054976046,0.0638102041794123
Mehmet Ali Akman Mahallesi,Konak,0.2820351011491111,-0.0558132267010562
Mehmetler Mahallesi,Tire,0.4905084754370334,-0.1426047560743355
Mehtap Mahallesi,Konak,0.1453644408980969,0.0720898771033504
Mektep Mahallesi,Bayındır,0.4022293143583125,-0.1029398364615643
Menderes Mahallesi,Beydağ,0.27569402869739806,0.02306067965518507
Merdivenli Mahallesi,Dikili,0.5065152299427159,-0.0598098858647347
Meriç Mahallesi,Bornova,0.24732848986473,0.0127041865915181
Merkez Mahallesi,Karaburun,0.40712156336914207,-0.0558082057031768
Mermerli Mahallesi,Menemen,0.3840437634092007,-0.0622203243450991
Mersin Alanı Mahallesi,Seferihisar,0.5934336381071309,-0.1803533234077957
Mersinli Mahallesi,Konak,0.1462583721083032,0.0221710870556255
Mersinlidere Mahallesi,Kiraz,0.4185831806635366,0.0117049084128468
Mescitli Mahallesi,Ödemiş,0.4829775756267645,-0.0935367005936333
Metin Oktay Mahallesi,Karabağlar,0.1301744540533545,0.0715045161217865
Mevlana Mahallesi,Bornova,0.1549130189805694,0.0355668209218066
Meşrutiyet Mahallesi,Ödemiş,0.1980253785311912,0.1125241374654548
Millet Mahallesi,Konak,0.1263252905546349,0.0857038137052148
Mimar Sinan Mahallesi,Ödemiş,0.2458979752924971,0.01596393355085383
Mirali Mahallesi,Konak,0.1663217214094538,0.0887339339167082
Mithatpaşa Mahallesi,Menderes,0.20822819878783957,0.04161058269497143
Mordoğan Mahallesi,Karaburun,0.482389859253382,-0.0769136997891808
Muammer Akar Mahallesi,Karabağlar,0.3969476619359413,-0.0309407492219913
Muhittin Erener Mahallesi,Bayraklı,0.1039573712084789,0.0689881436291833
Murat Mahallesi,Konak,0.1668192242370643,0.0615662484305071
Murat Reis Mahallesi,Konak,0.1292359975031074,0.0794735871377825
Muratbey Mahallesi,Torbalı,0.360028197000272,-0.0821607500537473
Murathan Mahallesi,Buca,0.2192987986660952,0.0233762503667577
Muratlar Mahallesi,Bergama,0.5670118186729999,-0.1396903368273344
Mursallı Mahallesi,Ödemiş,0.4583986435602675,-0.0707926052002951
Musabey Mahallesi,Menemen,0.4118580218193038,-0.1068149811688593
Musacalı Mahallesi,Kınık,0.3857356479115965,-0.017777472149542
Musalar Mahallesi,Tire,0.4691167575432755,-0.0734084413342486
Musalla Mahallesi,Çeşme,0.307090632281032,0.019790674775797
Mustafa Kemal Atatürk Mahallesi,Foça,0.3799539990906325,-0.05471801569725778
Mustafa Kemal Mahallesi,Buca,0.22608299096038653,0.03964502889880955
Mustafa Kemal Paşa Mahallesi,Güzelbahçe,0.3390624264759104,-0.0202000069517039
Mutaflar Mahallesi,Beydağ,0.5103519706687892,-0.0615988847418431
Mıstıklar Mahallesi,Kınık,0.5355412409920425,-0.0969167726680111
Naime Mahallesi,Torbalı,0.5098658895662774,-0.1555275820119679
Naipli Mahallesi,Urla,0.4457211742858205,-0.0535092158329454
Naldöken Mahallesi,Bornova,0.3776946940806597,-0.0688788922105814
Namazgah Mahallesi,Konak,0.2784480107712332,-0.0043665414041574
Namık Kemal Mahallesi,Konak,0.3423508551084099,-0.050023808001388
Narlı Mahallesi,Narlıdere,0.5798462751774905,-0.2041065889636097
Narlıca Mahallesi,Bergama,0.4841705159499884,-0.0647311446083802
Nazarköy Mahallesi,Kemalpaşa,0.6384646760619184,-0.2159159400084536
Nebiler Mahallesi,Dikili,0.4212673696509296,0.0043045878403901
Necat Hepkon Mahallesi,Seferihisar,0.2087807849609223,0.0769298006072635
Necati Uza Mahallesi,Bayındır,0.3430035110289629,-0.0849235952939013
Nergiz Mahallesi,Karşıyaka,0.1277135414568393,0.0890286745452432
Nohutalan Mahallesi,Urla,0.5846181199701768,-0.1160546849646257
Ocaklı Mahallesi,Ödemiş,0.4656351032766306,-0.0625293171446123
Odunkapı Mahallesi,Konak,0.1611435956105239,0.0952920500850475
Okçular Mahallesi,Bergama,0.6013334516321844,-0.1619332279752503
Olgunlar Mahallesi,Kiraz,0.3520707434739708,0.0583411923180904
Onur Mahallesi,Balçova,0.15438989582571175,0.0647904250181727
Org.Nafiz Gürman Mahallesi,Bayraklı,0.2561678016772246,0.0304261770888064
Orhangazi Mahallesi,Ödemiş,0.399715404491491,0.0190574506611275
Orhanlı Mahallesi,Seferihisar,0.5551182962137382,-0.1131008377778887
Ormanköy Mahallesi,Torbalı,0.5602720464439102,-0.1474555529093369
Orta Mahalle,Bayındır,0.2390898763331453,0.0786257169657538
Orta Mahallesi,Menderes,0.5429044921210081,-0.1765641145123503
Ortaköy Mahallesi,Ödemiş,0.4319718488130501,-0.07026133503453126
Oruşlar Mahallesi,Bergama,0.4787167965009439,-0.0407490247989827
Osman Aksüner Mahallesi,Karabağlar,0.1666359726217584,0.0234676889446319
Osmancık Mahallesi,Tire,0.5802400006079914,-0.1508808242312028
Osmangazi Mahallesi,Bayraklı,0.2031916908720301,0.0054485723066
Osmaniye Mahallesi,Kınık,0.3473457687210869,-0.024651061338234
Osmanlar Mahallesi,Bayındır,0.6399569879871392,-0.1994928893361816
Ovacık Mahallesi,Ödemiş,0.5105703468140708,-0.10594122540903261
Ovakent Mahallesi,Ödemiş,0.5401662890272851,-0.1368801764427324
Oğlananası Atatürk Mahallesi,Menderes,0.351397040363155,-0.0093960843657202
Oğlananası Cumhuriyet Mahallesi,Menderes,0.4189136685503603,-0.0413480007154277
Oğuzlar Mahallesi,Ödemiş,0.3793810510709398,-0.06368184141217109
Palamutçuk Mahallesi,Beydağ,0.6057695682699564,-0.1819143219546522
Pamukyazı Mahallesi,Torbalı,0.3870045949907635,-0.0844639754797413
Pancar Mahallesi,Torbalı,0.394377065088689,0.0149154229321612
Parlak Mahallesi,Karaburun,0.4790328018735663,-0.0557831031348713
Payamlı Mahallesi,Seferihisar,0.5933226153880503,-0.17140124061818385
Pazaryeri Mahallesi,Konak,0.2096365835829243,0.0640389615210512
Paşa Mahallesi,Tire,0.4046911335216594,-0.0521340412918917
Paşaköy Mahallesi,Bergama,0.2808908954812196,0.0321494963303097
Peker Mahallesi,Karabağlar,0.1685476125359666,0.0588783687404351
Peşrefli Mahallesi,Tire,0.4514808024314451,-0.0767141410870997
Pireveliler Mahallesi,Bergama,0.502588559083286,-0.0527477049112811
Piri Reis Mahallesi,Konak,0.1354695982512583,0.0832487239734893
Pirinççi Mahallesi,Ödemiş,0.5558231548662278,-0.1302655321162259
Poligon Mahallesi,Karabağlar,0.5418266905219874,-0.1119153192991222
Postacılar Mahallesi,Bayraklı,0.1954670372648084,0.0428313762408143
Poyracık Mahallesi,Kınık,0.4032951021670323,-0.0434110298211288
Pınarbaşı Mahallesi,Kiraz,0.5535148229026168,-0.0980997928107136
Pınarköy Mahallesi,Bergama,0.494535127930189,-0.0624943947246254
Pınarlı Mahallesi,Bayındır,0.4593706449295708,-0.0576379898257144
R.Şevket İnce Mahallesi,Bayraklı,0.1367205538999545,0.0519786957365898
Rafet Paşa Mahallesi,Bornova,0.1031109957891594,0.0489528428505309
Rahmanlar Mahallesi,Bergama,0.3981644413708297,0.0325152094974695
Refet Bele Mahallesi,Karabağlar,0.1370628078208419,0.0656736178376698
Reis Mahallesi,Karabağlar,0.1232996986053047,0.0906491863632268
Reisdere Mahallesi,Çeşme,0.1732899618434571,0.0292404804136515
Rüstem Mahallesi,Urla,0.422973682523465,-0.0238889024775025
Sadıkpaşa Mahallesi,Bayındır,0.4874597397680688,-0.1460115123205907
Sahilevleri Mahallesi,Narlıdere,0.4178347067689082,-0.1061150834372665
Saip Mahallesi,Karaburun,0.4936452192404021,-0.0902729644262232
Saipler Mahallesi,Torbalı,0.4106282604047933,-0.0696557145091492
Sakarya Mahallesi,Konak,0.25077589618508067,0.0216944380595626
Salih Omurtak Mahallesi,Karabağlar,0.2727498954889097,0.0023520534911392
Salihler Mahallesi,Dikili,0.3520941025655146,-0.0073708652200055
Salimbey Mahallesi,Dikili,0.3350949825639188,0.0324067449557021
Salman Mahallesi,Karaburun,0.4214247965731283,-0.028132302939406
Samanlıkköy Mahallesi,Dikili,0.5244704934380047,-0.082051012690477
Samurlu Mahallesi,Aliağa,0.3645388870635772,-0.0269463898805913
Sancaklı Mahallesi,Menderes,0.47937203439906156,-0.07421376615752906
Sarnıçköy Mahallesi,Bornova,0.41979104958899,-0.0506290737496614
Sarpıncık Mahallesi,Karaburun,0.4924278630961415,-0.0875498786430259
Saruhanlı Mahallesi,Tire,0.560572958095733,-0.1238350410930374
Sarıcalar Mahallesi,Bergama,0.4130221578855046,-0.0446823212247203
Sarıcaoğlu Mahallesi,Bergama,0.5258785568513138,-0.0877851766108743
Sarıdere Mahallesi,Bergama,0.4418211417744572,-0.0621295059346114
Sarıkaya Mahallesi,Kiraz,0.4822422952573745,-0.060637854129582044
Sarılar Mahallesi,Tire,0.5895611569282773,-0.15658430942278212
Sarısu Mahallesi,Kiraz,0.6153581901317916,-0.1209709063233714
Sarıyer Mahallesi,Karabağlar,0.1002645314143515,0.1004385126734757
Sarıyurt Mahallesi,Bayındır,0.6878174934696705,-0.2465876341943318
Sarıçalı Mahallesi,Kemalpaşa,0.4276582675029162,-0.0542578454500512
Sasalı Merkez Mahallesi,Çiğli,-0.1151490600559056,-0.2007038264482962
Saygı Mahallesi,Konak,0.1409132943307842,0.0710515996907616
Saçlı Mahallesi,Kiraz,0.5512368442063439,-0.0938304002638246
Sağancı Mahallesi,Bergama,0.3371493350723685,0.0207919338312191
Sağlık Mahallesi,Torbalı,0.4709992723204017,-0.0899545425032544
Sekiköy Mahallesi,Ödemiş,0.4673530615851301,-0.0939928080761448
Seklik Mahallesi,Bergama,0.3438667951313789,0.0681179137448648
Selvili Mahallesi,Karabağlar,0.1377882889045741,0.0697084949862697
Selçuk Mahallesi,Bergama,0.31065270269906664,0.025353893007606848
Serintepe Mahallesi,Bornova,0.1423773320728296,0.0420352194256188
Sevgi Mahallesi,Gaziemir,0.2735025635801104,0.0178722017909451
Seydinnasrullah Mahallesi,Menemen,0.1625743862524284,0.0770683757247704
Seyhan Mahallesi,Buca,0.0537092766009424,0.0810084313321615
Seyrekli Mahallesi,Ödemiş,0.4846527182648377,-0.1440962980835561
Sinancılar Mahallesi,Kemalpaşa,0.6490388831622791,-0.2234158895766423
Sindel Mahallesi,Bergama,0.5030967062715249,-0.0964570095820649
Siteler Mahallesi,Güzelbahçe,0.3481323312080346,-0.0610950699905661
Solaklar Mahallesi,Kiraz,0.3850447626589437,0.0454363771917712
Somak Mahallesi,Tire,0.481146617218192,-0.1062254646705613
Soğukkuyu Mahallesi,Bayraklı,0.3100908422269159,-0.0416846732375774
Soğukpınar Mahallesi,Kemalpaşa,0.5819024857225482,-0.1906265519980699
Subaşı Mahallesi,Torbalı,0.3498126555138541,-0.0663251027111163
Sucahlı Mahallesi,Kınık,0.4117139610688803,-0.0415368676833225
Sultaniye Mahallesi,Selçuk,0.5488027734014104,-0.1417559002310112
Suludere Mahallesi,Kiraz,0.5037487112897766,-0.0919353502400732
Suçıktı Mahallesi,Ödemiş,0.5607503168461542,-0.1415380489812042
Söğütören Mahallesi,Bayındır,0.5726450382511881,-0.1535339660679537
Süleyman Demirel Mahallesi,Ödemiş,0.2579759781640321,0.0177410287783584
Süleymanlar Mahallesi,Ödemiş,0.5238369283467516,-0.0761676838963617
Süleymanlı Mahallesi,Bergama,0.38077608163651405,-0.029515608255704647
Sümer Mahallesi,Konak,0.2241528423059554,0.0337304705295652
Sütçüler Mahallesi,Kemalpaşa,0.482853185394045,-0.0861173140802882
Süvari Mahallesi,Konak,0.1679410014240468,0.0781584598907763
Süzbeyli Mahallesi,Menemen,-0.1944113466365132,-0.0996850222890511
Sıra Mahallesi,Urla,0.3248058554581323,0.0110514553010415
Sırımlı Mahallesi,Kiraz,0.3867952631650194,0.0388087811071735
Sığacık Mahallesi,Seferihisar,0.4841329643982751,-0.0852594472283015
Tabaklar Mahallesi,Beydağ,0.6463306937933034,-0.1834290679056469
Tahsin Yazıcı Mahallesi,Karabağlar,0.2522120570033254,-0.007722610906043
Talatpaşa Mahallesi,Bergama,0.2387258651696077,0.0784566723755978
Tan Mahallesi,Konak,0.1397817940775733,0.1185106422564971
Tavukçukuru Mahallesi,Bergama,0.5356304555414559,-0.0622950752523014
Taşkesik Mahallesi,Torbalı,0.453265033675882,-0.051535238692375
Taşlıyatak Mahallesi,Kiraz,0.394023060032827,0.0338812800646947
Taştepe Mahallesi,Kınık,0.4443826509831827,-0.0683919033650873
Tekbıçaklar Mahallesi,Kiraz,0.3967909678327277,0.0206109397219548
Tekeli Atatürk Mahallesi,Menderes,0.3548645872597444,0.0098622861500787
Tekeli Fevzi Çakmak Mahallesi,Menderes,0.2868131296617477,0.0648028971645279
Tekke Mahallesi,Ödemiş,0.54323260586239,-0.1368396537586762
Tekkedere Mahallesi,Bergama,0.4489258182214408,-0.0632477839333037
Teleferik Mahallesi,Balçova,0.561392742818313,-0.189770398976378
Telekler Mahallesi,Menemen,0.3470682022454365,0.0728542614455329
Tepeboz Mahallesi,Karaburun,0.5176998416262769,-0.1026950467501778
Tepecik Mahallesi,Seferihisar,0.3620790406478901,0.0339001594130856
Tepekule Mahallesi,Bayraklı,0.1901431414842282,0.0190458101679749
Tepeköy Mahallesi,Bergama,0.28759404233792907,0.00740521143451525
Tersane Mahallesi,Karşıyaka,0.1150619964013532,0.0505926562958664
Terzihaliller Mahallesi,Bergama,0.5039991735144083,-0.046631927241683
Tiyelti Mahallesi,Bergama,0.4123552405075844,0.0005632329122147823
Tokatbaşı Mahallesi,Bayındır,0.4962079460259915,-0.1489718038442448
Toki Mahallesi,Tire,0.4014660406148785,-0.0515306135068232
Topalak Mahallesi,Tire,0.5512446357600994,-0.1153352034834855
Topallar Mahallesi,Bergama,0.5296088667417758,-0.1046281829201078
Toparlar Mahallesi,Tire,0.479750558890297,-0.0998354752682391
Torasan Mahallesi,Urla,0.3693007833262668,-0.0221369321521525
Torbalı Mahallesi,Torbalı,0.4060598815394509,-0.1263406237897475
Torbalı Organize Sanayi Bölgesi,Torbalı,0.1853058336530149,0.0130637559524675
Tosunlar Mahallesi,Ödemiş,0.6475190440768949,-0.2373664593867665
Trakya Mahallesi,Konak,0.1409429936252353,0.0824157490874535
Tulum Mahallesi,Torbalı,0.458574679247688,-0.0696483582568074
Tumbullar Mahallesi,Kiraz,0.4872503626435411,-0.0340319976458439
Tuna Mahallesi,Karşıyaka,0.09425410371133135,0.0582100081869731
Turabey Mahallesi,Bergama,0.1796841340809979,0.0574307178677382
Turabiye Mahallesi,Seferihisar,0.4371832433896802,-0.0400061018024624
Turan Mahallesi,Bayındır,0.3939083240872148,-0.047809761293854135
Turgut Mahallesi,Seferihisar,0.620574623483048,-0.1693356120088913
Turgut Reis Mahallesi,Konak,0.1640986332249955,0.0584543741299551
Turgutlar Mahallesi,Menemen,0.5477925857716182,-0.1241809572322086
Turgutlu Mahallesi,Tire,0.3738208453974201,0.0248270305845888
Tuzcu Mahallesi,Konak,0.1310693749815183,0.1169273696026728
Tuzçullu Mahallesi,Menemen,0.308851174158013,-0.0219714577979167
Tülbentli Mahallesi,Menemen,0.1397273841619078,0.0957160162508642
Türkcedit Mahallesi,Kınık,0.5554426602282876,-0.1455342631447037
Türkmen Mahallesi,Ödemiş,0.3949492186437773,-0.0701179419999634
Türkmenköy Mahallesi,Torbalı,0.4037665691702496,-0.0182426156077048
Türkyılmaz Mahallesi,Konak,0.1872537184572784,0.071605567160913
Türkönü Mahallesi,Ödemiş,0.4112943076604093,0.009260952583574
Tınaztepe Mahallesi,Konak,0.1235411661912919,0.0873230021183358
Tırazlı Mahallesi,Karabağlar,0.6374917451461161,-0.2192747727789135
Tırmanlar Mahallesi,Bergama,0.4891321200313047,-0.0506657235059603
Ufuk Mahallesi,Buca,0.3657584718587901,-0.0231851376665882
Ulamış Mahallesi,Seferihisar,0.4511250669305223,-0.04029107256857
Ulubatlı Mahallesi,Konak,0.1484407402262978,0.0639215632169248
Ulucami Mahallesi,Bergama,0.3372943828957637,0.0254252297851916
Ulus Mahallesi,Menemen,0.2293897832047655,-0.0121519160931157
Umurbey Mahallesi,Ödemiş,0.3163410344461379,-0.045457494171690455
Umurcalı Mahallesi,Kiraz,0.4759915385967589,-0.0524198494381528
Umurlu Mahallesi,Kiraz,0.5156484942953066,-0.0407166399392881
Umut Mahallesi,Karabağlar,0.1294636193276941,0.0952962842752576
Uzunburun Mahallesi,Dikili,0.3590886855635853,0.0479369416596282
Uzundere Mahallesi,Ödemiş,0.40283664649043693,-0.028275514336347653
Uzunhasanlar Mahallesi,Aliağa,0.3465289285247636,0.0152225918636949
Uzunkuyu Mahallesi,Urla,0.4435038624440431,-0.0542618028776956
Uzunköy Mahallesi,Kiraz,0.558364968404332,-0.0811674716542803
Uğur Mahallesi,Konak,0.150635222074313,0.0889327087081395
Uğur Mumcu Mahallesi,Menemen,0.14867529374580915,0.05937644083456017
Vali Rahmi Bey Mahallesi,Buca,0.2390201944249927,0.0250295276140184
Vatan Mahallesi,Karabağlar,0.1810182453394445,0.0446980844446778
Veliler Mahallesi,Ödemiş,0.5041343541572464,-0.06714405154029354
Vezirağa Mahallesi,Konak,0.3344237557837346,-0.0341566092819989
Villakent Mahallesi,Menemen,0.2473880728887515,0.0362391653266767
Vişneli Mahallesi,Kemalpaşa,0.5971422532394621,-0.1872540601105966
Yahşelli Mahallesi,Menemen,0.3751077977368939,-0.0365700267828923
Yahşibey Mahallesi,Dikili,0.4843393386787195,-0.0399002486166647
Yaka Mahallesi,Urla,0.4571277660038091,-0.10718666631054684
Yakacık Mahallesi,Bayındır,0.5238924208939504,-0.1588747077692164
Yakakent Mahallesi,Çiğli,0.3577573858308387,0.0255437648959957
Yakaköy Mahallesi,Bornova,0.5729990011460724,-0.1697227407951227
Yakapınar Mahallesi,Bayındır,0.4794572969926499,-0.1187836696959751
Yalnızdam Mahallesi,Bergama,0.5629215578694277,-0.1166435683381206
Yalnızev Mahallesi,Bergama,0.4159435747430884,-0.0350394449019789
Yalı Mahallesi,Güzelbahçe,0.29589027078829183,-0.02738196590253865
Yamandere Mahallesi,Tire,0.4672905658714045,-0.0748523916168381
Yamanlar Mahallesi,Karşıyaka,0.3613415384135358,-0.0455056489285587
Yanıkköy Mahallesi,Menemen,0.3608793149243943,-0.0034371459393774
Yavuz Selim Mahallesi,Konak,0.1133168800187392,0.102741336038131
Yayakent Mahallesi,Kınık,0.3866830783480846,-0.0477178311541875
Yayla Mahallesi,Menemen,0.5356727804986926,-0.1263637114806356
Yaylacık Mahallesi,Buca,0.1547819580795098,0.041112135717821
Yaylaköy Mahallesi,Kınık,0.5239372514208199,-0.0836771833667451
Yaylayurt Mahallesi,Dikili,0.3431233815525203,0.0161609114342018
Yazıbaşı Mahallesi,Torbalı,0.2602308046312146,0.0156559813781941
Yağcılar Mahallesi,Urla,0.5846835203601324,-0.1395743607162612
Yağlar Mahallesi,Kiraz,0.4314914636138265,-0.0043804003294799
Yaşar Kemal Mahallesi,Karabağlar,0.3466658086358426,-0.0297327475634386
Yedi Eylül Mahallesi,Torbalı,0.2394362424785771,-0.0231560435690004
Yelaltı Mahallesi,Urla,0.359245475085078,-0.0206280104349358
Yelki Mahallesi,Güzelbahçe,0.4574002005102311,-0.071525702298708
Yemişler Mahallesi,Tire,0.5384183859822192,-0.1239796604602895
Yemişlik Mahallesi,Torbalı,0.2356986263516921,-0.0037540677370259
Yeni Mahalle Mahallesi,Çiğli,0.1152426447073628,0.0406765349350238
Yeni Mahallesi,Kiraz,0.20726220839280027,0.05492662788697907
Yenibağarası Mahallesi,Foça,0.293155827726567,-0.0418109679943392
Yenice Mahallesi,Dikili,0.4455688092506523,-0.0410199804174091
Yeniceköy Mahallesi,Ödemiş,0.4298782943127485,-0.0886115141218338
Yenidoğan Mahallesi,Konak,0.135186353519584,0.0513851188787575
Yenigün Mahallesi,Buca,0.09912306839381685,0.0951478096274371
Yenikale Mahallesi,Narlıdere,0.2057938727849803,0.0026490167662773
Yenikent Mahallesi,Bergama,0.36718402352391,-0.03161793980936755
Yenikurudere Mahallesi,Kemalpaşa,0.6495703773783683,-0.1906355661296611
Yeniköy Mahallesi,Kiraz,0.4636979384832934,-0.07455552063793734
Yeniler Mahallesi,Bergama,0.4032333138129109,0.0269324157392256
Yenioba Mahallesi,Tire,0.3800408135054048,0.0272957781571717
Yeniyurt Mahallesi,Beydağ,0.645613372093015,-0.1848865796620517
Yeniçiftlik Mahallesi,Tire,0.4308895028009991,-0.0969179066236954
Yenişehir Mahallesi,Tire,0.41065719841164344,-0.03777524721235443
Yenmiş Mahallesi,Kemalpaşa,0.4864039143923074,-0.0790937934182195
Yerlitahtacı Mahallesi,Bergama,0.5389725747263654,-0.0925003049163851
Yeğenli Mahallesi,Tire,0.4531612945807213,-0.0701201991792349
Yeşil Mahallesi,Gaziemir,0.5773713484860877,-0.1800641005081104
Yeşil Pınar Mahallesi,Menemen,0.4660564654701178,-0.0923928452093986
Yeşilbağlar Mahallesi,Buca,0.1039832069406544,0.0762742477864898
Yeşildere Mahallesi,Kiraz,0.3958685849674535,-0.0288644668338359
Yeşilköy Mahallesi,Ödemiş,0.5027289156988118,-0.10061103936717701
Yeşilova Mahallesi,Bayındır,0.27646958673955674,-0.022837147006966
Yeşiltepe Mahallesi,Beydağ,0.3873322930621567,-0.040664141894891495
Yeşilyurt Mahallesi,Kemalpaşa,0.526464591080101,-0.1416067530420519
Yeşilçam Mahallesi,Bornova,0.1973026352126196,0.0320921471196772
Yiğitler Mahallesi,Kemalpaşa,0.3757633063744021,-0.0544750558371757
Yolüstü Mahallesi,Ödemiş,0.5165820371341943,-0.109490065751169
Yortanlı Mahallesi,Bergama,0.4615960396921336,-0.0110827271881934
Yoğurtçular Mahallesi,Torbalı,0.4363746063622127,-0.0473681779529916
Yukarı Mahalle,Kınık,0.3086577017696981,0.0295556724583399
Yukarı Şehitkemal Mahallesi,Aliağa,0.4654759115686024,-0.0732930200502149
Yukarıada Mahallesi,Bergama,0.5488384666441336,-0.09767893596809
Yukarıaktepe Mahallesi,Beydağ,0.4714055225743536,-0.0184853074606236
Yukarıbey Kaplan Mahallesi,Bergama,0.6332768937265901,-0.2056243620982451
Yukarıbey Mahallesi,Bergama,0.6189309017430449,-0.1630140166062927
Yukarıcuma Mahallesi,Bergama,0.5457081772246315,-0.0786377463331833
Yukarıkırıklar Mahallesi,Bergama,0.3885016892125616,-0.0113834126553119
Yukarıkızılca Merkez Mahallesi,Kemalpaşa,0.580685679570406,-0.1792676107039568
Yukarıtosunlar Mahallesi,Beydağ,0.4910995073571471,-0.0488262310527828
Yunus Emre Mahallesi,Karabağlar,0.12856690649196567,0.06289239624587556
Yurdoğlu Mahallesi,Karabağlar,0.2125054950880761,0.0159547442077239
Yusufdere Mahallesi,Ödemiş,0.5395388701142471,-0.0871596848649046
Yusuflu Mahallesi,Bayındır,0.4732040956294469,-0.0988045412672343
Yüksekköy Mahallesi,Aliağa,0.3283418525349009,0.0645155068835461
Yüzbaşı Şerafettin Mahallesi,Karabağlar,0.1710786528911717,0.0580037662754271
Yılanlı Mahallesi,Ödemiş,0.5205350938554961,-0.1027290422533441
Yıldırım Beyazıt Mahallesi,Bornova,0.0771637748345172,0.0811050553799539
Yıldırım Mahallesi,Menemen,0.3548047342850141,-0.0515610788374842
Yıldız Mahallesi,Buca,0.13163504478548815,0.0654459395749271
Yıldızlar Mahallesi,Buca,0.4903354409772607,-0.0940772126405846
Zafer Mahallesi,Bergama,0.34588997470373756,-0.02720084803318873
Zafertepe Mahallesi,Konak,0.1281167733239547,0.0773725158430772
Zağnoz Mahallesi,Bergama,0.3287626354219585,0.0125239131093772
Zeamet Mahallesi,Kemalpaşa,0.6662576469827817,-0.2184111889753651
Zeybek Mahallesi,Konak,0.1222694332171996,0.0962309858800569
Zeytinalanı Mahallesi,Urla,0.2732731290977088,-0.0128377518157263
Zeytindağ Mahallesi,Bergama,0.351665807287243,-0.0206883395495264
Zeytineli Mahallesi,Urla,0.5236462572932805,-0.064769086964745
Zeytinköy Mahallesi,Selçuk,0.5080131104583521,-0.0868366277184954
Zeytinler Mahallesi,Urla,0.6486637837341144,-0.1789348176837784
Zeytinlik Mahallesi,Menemen,0.1523582465159533,0.05334196930038235
Zeytinova Mahallesi,Bayındır,0.4366629263375834,-0.0671439907995742
Zübeyde Hanım Mahallesi,Karşıyaka,0.3648472709333067,-0.0110907787273179
Çahabey Mahallesi,Konak,0.1281699566170573,0.0924586748308054
Çakabey Mahallesi,Çeşme,0.3759830534442331,-0.0104468157014199
Çakaltepe Mahallesi,Menderes,0.5186247764423069,-0.0943409043621535
Çakmaklı Mahallesi,Aliağa,0.2609344328857811,0.0365518465659852
Çakırbeyli Mahallesi,Torbalı,0.4078354109307801,-0.0813285375905484
Çakırlar Mahallesi,Bergama,0.6520722056839218,-0.1998965168945052
Çaldıran Mahallesi,Buca,0.2186128569297331,0.0180940802245228
Çaltı Mahallesi,Kınık,0.40901479705009575,-0.0165899228169838
Çaltıkoru Mahallesi,Bergama,0.3186226017711916,0.0558213609340065
Çaltılıdere Mahallesi,Aliağa,0.3077590354770732,0.0009465261791975722
Çalıbahçe Mahallesi,Bergama,0.425880550844645,-0.0503406843909102
Çalıkuşu Mahallesi,Karabağlar,0.1167945339859592,0.0685386024565907
Çamavlu Mahallesi,Bergama,0.5035255633014029,-0.0395959038610906
Çambel Mahallesi,Kemalpaşa,0.4029145090946017,-0.0458292412121337
Çamiçi Mahallesi,Bornova,0.5292325328789281,-0.1295159193896294
Çamkule Mahallesi,Bornova,0.4334045260583711,-0.0651834559820376
Çamköy Mahallesi,Bergama,0.3753327460756459,-0.0447341477210352
Çamlı Mahallesi,Güzelbahçe,0.5855849119935488,-0.1567986047146763
Çamlıbel Mahallesi,Bayındır,0.6416775340426328,-0.2249549862306694
Çamlıca Mahallesi,Ödemiş,0.4765494365778335,-0.06810243974788165
Çamlık Mahallesi,Beydağ,0.428357755826186,-0.09088706316175117
Çamlıkule Mahallesi,Buca,0.1047620104135339,0.0710217367499929
Çamlıpınar Mahallesi,Buca,0.1257567258858638,0.0566973945785361
Çamlıçay Mahallesi,Urla,0.3079220862795876,-0.0473251984199724
Çamoba Mahallesi,Bergama,0.4589279197765991,-0.0259026445119906
Çamtepe Mahallesi,Seferihisar,0.39259546537202555,-0.0805302394077422
Çamyayla Mahallesi,Ödemiş,0.6867932766335691,-0.2256497272494257
Çamönü Mahallesi,Menderes,0.5000244230582233,-0.126478840692321
Çanakçı Mahallesi,Kiraz,0.4976952284362451,-0.0484115155903795
Çandarlı Mahallesi,Dikili,0.3391352830944033,-0.0101336933683572
Çankaya Mahallesi,Konak,0.1487671697679116,0.0512640936623026
Çanköy Mahallesi,Kınık,0.4979563990727271,-0.0584883857840865
Çapak Mahallesi,Torbalı,0.3553266338446739,-0.0343669007818281
Çatak Mahallesi,Kiraz,0.488118420920245,-0.0742547827612338
Çatalca Mahallesi,Menderes,0.4618463565382305,-0.0596451418554288
Çatalkaya Mahallesi,Narlıdere,0.2617416612333296,-0.0128656717371007
Çavuş Mahallesi,Menemen,0.3985022024407149,-0.0771011452893757
Çay Mahallesi,Bayraklı,0.0906104493514789,0.0761967793292754
Çayağzı Mahallesi,Kiraz,0.4885472866844392,-0.0692749307074466
Çaybaşı Mahallesi,Torbalı,0.3866187594510112,-0.081627465705509
Çaylı Mahallesi,Ödemiş,0.4541327737780914,-0.0753436268402437
Çayır Mahallesi,Ödemiş,0.5943829758279919,-0.1650585788876707
Çayırlı Mahallesi,Tire,0.5586798727487453,-0.146607870835482
Çağdaş Mahallesi,Buca,0.28512043522985087,-0.0117364880726393
Çağlan Mahallesi,Dikili,0.6234473873202538,-0.1797593267145616
Çağlayan Mahallesi,Ödemiş,0.637263073060584,-0.1987961373775604
Çelebi Mahallesi,Güzelbahçe,0.3388643920287615,-0.0159432956998154
Çeltikçi Mahallesi,Bergama,0.4193943090354161,-0.0047647343440091
Çenikler Mahallesi,Bayındır,0.5167055219043918,-0.0860986664998736
Çeriközü Mahallesi,Tire,0.5298619100628265,-0.1357936110508932
Çetin Emeç Mahallesi,Balçova,0.4712301655227959,-0.0973576908259165
Çiftlik Mahallesi,Çeşme,0.3212202017194184,0.0277416384339025
Çiftlikköy Mahallesi,Beydağ,0.43571285637371165,-0.0242721152264209
Çiftçigediği Mahallesi,Bayındır,0.4510589535269979,-0.0856890886492516
Çile Mahallesi,Menderes,0.5882479325548441,-0.1668484989130912
Çileme Mahallesi,Menderes,0.3928316891625845,0.003027789928924
Çimentepe Mahallesi,Konak,0.0957064866668794,0.1011710328202168
Çiniliköy Mahallesi,Kemalpaşa,0.4854591600780022,-0.1232612015847158
Çiniyeri Mahallesi,Tire,0.4901204789370782,-0.1047851552681632
Çitköy Mahallesi,Bergama,0.3853338122894766,-0.005246585096259
Çiçek Mahallesi,Bayraklı,0.1136933778490507,0.0650510432205759
Çiçekli Mahallesi,Bornova,0.5967707959287625,-0.1863167397019436
Çobanköy Mahallesi,Tire,0.508085156598949,-0.094601876557724
Çobanlar Mahallesi,Bergama,0.5418077526342356,-0.11163210087095227
Çolak İbrahim Bey Mahallesi,Seferihisar,0.3318609397257671,0.0518616886390383
Çomaklar Mahallesi,Beydağ,0.6534700393190239,-0.2028608505706978
Çoraklar Mahallesi,Aliağa,0.343857007397223,0.0361518234734949
Çukuralanı Mahallesi,Dikili,0.5089024874689961,-0.1007969749553938
Çukuraltı Mahallesi,Menderes,0.5978464895152145,-0.1832125323435526
Çukurköy Mahallesi,Tire,0.5647424850989062,-0.14832878839836314
Çömlekçi Mahallesi,Kiraz,0.4406457820419722,-0.0418272648486422
Çürükbağlar Mahallesi,Bergama,0.5684074062805105,-0.1230485652314112
Çınar Mahallesi,Bayındır,0.24196939571647397,0.05275120498835385
Çınardibi Mahallesi,Bayındır,0.6272204103115588,-0.2027784735670735
Çınarköy Mahallesi,Kemalpaşa,0.6186308322631955,-0.2231456447557872
Çınarlı Mahallesi,Konak,0.1858772683786707,-0.0052893041606801
Çınartepe Mahallesi,Konak,0.2722152245317596,-0.0098494977607462
Çırpı Cami Mahallesi,Bayındır,0.4131066278746257,-0.105441842855068
Çıtak Mahallesi,Aliağa,0.4785670142805812,-0.0822205597468105
Öksüzler Mahallesi,Bergama,0.4551229663003108,0.0101700151851281
Ören 75. Yıl Cumhuriyet Mahallesi,Kemalpaşa,0.5905870664464097,-0.194382510628625
Ören Mahallesi,Kiraz,0.4567579863177924,-0.0430426438353886
Örencik Mahallesi,Kiraz,0.4629466938940775,-0.0198031964506288
Örenli Mahallesi,Bergama,0.3616511401133684,0.0411630033150181
Örlemiş Mahallesi,Bergama,0.369275586610971,0.0144539323833037
Örnekkent Mahallesi,Aliağa,0.2099158981906803,0.052234693004158
Örnekköy Mahallesi,Kemalpaşa,0.3367374320139601,-0.041492035690336
Örtülü Mahallesi,Kınık,0.5017332867992444,-0.0411440320578639
Özbek Mahallesi,Urla,0.5836498600752966,-0.1406397175965645
Özbey Mahallesi,Torbalı,0.4584775608739687,-0.1344431727981739
Özdere Cumhuriyet Mahallesi,Menderes,0.5665678172226625,-0.1539788695685004
Özgür Mahallesi,Karabağlar,0.1783323233499691,0.0733313076693413
Ülkü Mahallesi,Konak,0.1299524372596669,0.1128135015435777
Ümit Mahallesi,Bornova,0.2332260771803039,0.0272632644926416
Üniversite Mahallesi,Çeşme,0.3029708691768906,-0.0441365329745154
Ürkütler Mahallesi,Bergama,0.5319137072059431,-0.087389548073481
Üzümler Mahallesi,Tire,0.5203008917046945,-0.1625608108828273
Üzümlü Mahallesi,Ödemiş,0.5717731714821043,-0.1520514196122182
Üç Eylül Mahallesi,Ödemiş,0.4779840233210206,-0.1314516392202047
Üçkonak Mahallesi,Ödemiş,0.4680800601493026,-0.0226116963615373
Üçkuyular Mahallesi,Karabağlar,0.1709697759773631,0.0503177667037587
Üçtepe Mahallesi,Bergama,0.5699779616227523,-0.1228481407926623
İTOB Organize Sanayi Bölgesi,Menderes,0.1372016462931344,0.042984109283672
İbni Melek Mahallesi,Tire,0.4352887384497634,-0.0708806969260136
İbni Melek Organize Sanayi Bölgesi,Tire,0.2445824561382919,0.0674680452464915
İbrahimağa Mahallesi,Kınık,0.4159759423429114,0.0199793558153206
İbrahimçavuş Mahallesi,Bayındır,0.3729322394162377,-0.0732937260405031
İhsan Alyanak Mahallesi,Karabağlar,0.1295725438761122,0.0778022177737682
İhsaniye Mahallesi,Seferihisar,0.5145141413002832,-0.118338974370469
İkizler Mahallesi,Bergama,0.5526963536248898,-0.1284115323272743
İlkkurşun Mahallesi,Ödemiş,0.4035210861306081,-0.0465273924717276
İmariye Mahallesi,Konak,0.3095380658545945,-0.0029859266675032
İmbatlı Mahallesi,Karşıyaka,0.1776136592389822,0.0196161428442362
İncecikler Mahallesi,Bergama,0.5911352153216216,-0.1459412237778572
İnciraltı Mahallesi,Balçova,0.3467064684245408,-0.0495337376129552
İncirli Pınar Mahallesi,Menemen,0.1373655526108766,0.0694526685990071
İnecik Mahallesi,Karaburun,0.4423400485919347,-0.0934680372054507
İneşir Mahallesi,Bergama,0.4790619674042947,-0.0311855005614551
İnkılap Mahallesi,Bergama,0.22716546230801293,0.0190900840630947
İnönü Mahallesi,Torbalı,0.2771789196169668,-0.0097263692523755
İpekçiler Mahallesi,Tire,0.1769222984511737,0.0621263585315637
İsa Bey Mahallesi,Selçuk,0.4843813479681988,-0.093381084397292
İskele Mahallesi,Karaburun,0.3714007006857457,-0.0461249749666649
İslamlar Mahallesi,Dikili,0.4071729603868476,0.0062126655632738
İslamsaray Mahallesi,Bergama,0.3670418147444822,-0.0429176419571635
İsmailli Hacılar Mahallesi,Bergama,0.4660696139062502,-0.008910352514288
İsmailli Mahallesi,Bergama,0.4251543446343374,0.0136165198381381
İsmet Kaptan Mahallesi,Konak,0.156253758915638,0.026575017000562
İsmet Paşa Mahallesi,Konak,0.16593743823124,0.058947949399158
İsmet İnönü Mahallesi,Menemen,0.21294112905705564,0.015468696083451451
İsmetpaşa Mahallesi,Dikili,0.36920660890720386,-0.004806368032421298
İstiklal Mahallesi,Torbalı,0.3282031042292882,2.6891472247285172e-05
İzkent Mahallesi,Buca,0.2514380046076332,0.00521587630387875
İzmir Serbest Bölgesi,Menemen,0.2968319464277874,0.0111838666384992
İçmeler Mahallesi,Urla,0.4350537932702757,-0.0538473547409356
İğdeli Mahallesi,Kiraz,0.4103382046285308,0.0201133810344135
İğnedere Mahallesi,Menemen,0.4535331412747403,-0.1011371801861984
Şakran Hasbi Efendi Mahallesi,Aliağa,0.3335129644617779,0.0006175277688310268
Şakran Sayfiye Mahallesi,Aliağa,0.2831989722486153,-0.013019724808946
Şaşal Mahallesi,Menderes,0.4482612056804583,-0.0093540614805857
Şehit Mehmet Mahallesi,Çeşme,0.3101004049070219,0.016437621432937
Şehit Nedim Tuğaltay Mahallesi,Konak,0.1508387337769231,0.1139672038025192
Şehitkemal Mahallesi,Aliağa,0.3351780814428676,-0.0144972954692323
Şehitler Mahallesi,Torbalı,0.3640357339498981,-0.047175324182239145
Şemikler Mahallesi,Karşıyaka,0.1296449055828722,0.0591736576510579
Şemsiler Mahallesi,Kiraz,0.5055950874787889,-0.1012389405770799
Şifne Mahallesi,Çeşme,0.2445418079967936,0.0403112356009284
Şirince Mahallesi,Selçuk,0.6026873550834723,-0.1840916365316136
Şirinkapı Mahallesi,Buca,0.2347638409715908,0.0077361023133513
Şirinkent Mahallesi,Urla,0.4601735917465847,-0.0892235697952513
Şirinköy Mahallesi,Ödemiş,0.5022481174197121,-0.0977734259910341
Şirintepe Mahallesi,Çiğli,0.1489524018214699,0.0609165447886376
