name,ilce_adi,own_assembly_m2,own_assembly_count,neighbor_assembly_m2,neighbor_assembly_count
1.Kadriye Mahallesi,Konak,0.0,0.0,4.02,1.0
100. Yıl Mahallesi,Bayraklı,0.0,0.0,0.0,0.0
14 Mayıs Mahallesi,Selçuk,15.8,4.0,0.0,0.0
16 Eylül Mahallesi,Çeşme,9.15,2.0,0.0,0.0
19 Mayıs Mahallesi,Torbalı,30.69,4.0,0.0,0.0
2. İnönü Mahallesi,Narlıdere,13.38,1.0,0.0,0.0
2.Kadriye Mahallesi,Konak,0.0,0.0,0.0,0.0
26 Ağustos Mahallesi,Konak,0.0,0.0,0.0,0.0
29 Ekim Mahallesi,Menemen,910.8,7.0,0.0,0.0
30 Ağustos Mahallesi,Menemen,0.0,0.0,7000.0,1.0
4 Eylül Mahallesi,Tire,2.37,1.0,49.76,5.0
75. Yıl Mahallesi,Bayraklı,0.0,0.0,0.0,0.0
75.Yıl Cumhuriyet Mahallesi,Menemen,0.0,0.0,0.0,0.0
8 Eylül Mahallesi,Kemalpaşa,0.0,0.0,0.0,0.0
85. Yıl Cumhuriyet Mahallesi,Kemalpaşa,371.9,4.0,0.0,0.0
85.Yıl Cumhuriyet Mahallesi,Menemen,0.0,0.0,0.0,0.0
9 Eylül Mahallesi,Menemen,0.0,0.0,0.0,0.0
Abdi İpekçi Mahallesi,Karabağlar,0.0,0.0,1.83,1.0
Acarlar Mahallesi,Selçuk,3.21,1.0,0.0,0.0
Adaküre Mahallesi,Beydağ,3.0,1.0,0.0,0.0
Adalet Mahallesi,Bayraklı,0.0,0.0,0.0,0.0
Adatepe Mahallesi,Buca,243.45,4.0,0.0,0.0
Adnan Menderes Mahallesi,Tire,16.71,2.0,0.0,0.0
Adnan Süvari Mahallesi,Karabağlar,9.74,2.0,30.69,6.0
Ahmet Efendi Mahallesi,Çiğli,3.0,1.0,0.0,0.0
Ahmet Taner Kışlalı Mahallesi,Çiğli,19.23,3.0,15.37,1.0
Ahmetbeyler Mahallesi,Bergama,600.0,1.0,0.0,0.0
Ahmetbeyli Mahallesi,Menderes,856.37,2.0,0.0,0.0
Ahmetler Mahallesi,Kiraz,1.37,1.0,0.0,0.0
Ahmetli Mahallesi,Torbalı,158.18,1.0,0.0,0.0
Ahıhıdır Mahallesi,Menemen,0.0,0.0,0.0,0.0
Akalan Mahallesi,Kemalpaşa,1593.56,5.0,0.0,0.0
Akarca Mahallesi,Seferihisar,0.0,0.0,0.0,0.0
Akarcalı Mahallesi,Konak,5.5,1.0,0.0,0.0
Akdeniz Mahallesi,Konak,3.2,2.0,0.0,0.0
Akkoyunlu Mahallesi,Tire,2.09,1.0,0.0,0.0
Akmescit Mahallesi,Tire,1.92,1.0,0.0,0.0
Akpınar Mahallesi,Kiraz,4.95,1.0,0.0,0.0
Aksoy Mahallesi,Karşıyaka,8282.85,7.0,8.3,2.0
Aktepe Mahallesi,Beydağ,35.3,2.0,0.0,0.0
Akyurt Mahallesi,Tire,1.72,1.0,0.0,0.0
Akçaköy Mahallesi,Menderes,4.21,1.0,0.0,0.0
Akçaşehir Mahallesi,Tire,1.3,1.0,0.0,0.0
Akçenger Mahallesi,Bergama,450.0,1.0,0.0,0.0
Akın Simav Mahallesi,Konak,0.0,0.0,0.0,0.0
Akıncı Mahallesi,Konak,1.3,1.0,423.03,2.0
Akıncılar Mahallesi,Ödemiş,384.19,2.0,0.0,0.0
Alacalar Mahallesi,Bergama,2.5,1.0,0.0,0.0
Alacalı Mahallesi,Tire,1.17,1.0,0.0,0.0
Alakeçili Mahallesi,Beydağ,352.0,1.0,0.0,0.0
Alaniçi Mahallesi,Menemen,0.0,0.0,0.0,0.0
Alanköy Mahallesi,Bayındır,9.55,1.0,0.0,0.0
Alankıyı Mahallesi,Bayındır,2.0,1.0,0.0,0.0
Alaybey Mahallesi,Karşıyaka,5172.14,3.0,8.3,2.0
Alaylı Mahallesi,Tire,1.22,1.0,0.0,0.0
Alaçatı Mahallesi,Çeşme,75.49,17.0,0.0,0.0
Alaşarlı Mahallesi,Ödemiş,3.05,1.0,1.01,0.0
Alhatlı Mahallesi,Bergama,350.0,1.0,0.0,0.0
Ali Fuat Cebesoy Mahallesi,Karabağlar,15.52,4.0,0.0,1.0
Ali Fuat Erden Mahallesi,Karabağlar,0.0,0.0,0.0,0.0
Ali Reis Mahallesi,Konak,0.0,0.0,3.89,2.0
Aliağa Organize Sanayi Bölgesi,Aliağa,0.0,0.0,0.0,0.0
Alibeyli Mahallesi,Bergama,5.0,1.0,0.0,0.0
Alpaslan Mahallesi,Bayraklı,0.0,0.0,0.0,0.0
Alpkent Mahallesi,Torbalı,11.99,3.0,0.0,0.0
Alsancak Mahallesi,Konak,1580.0,2.0,0.0,0.0
Altay Mahallesi,Konak,0.0,0.0,2.59,1.0
Altıevler Mahallesi,Narlıdere,4.3,3.0,0.0,0.0
Altınkum Mahallesi,Çeşme,5.0,2.0,0.0,0.0
Altınoluk Mahallesi,Kiraz,1.1,1.0,0.0,0.0
Altınordu Mahallesi,Konak,0.0,0.0,3.89,2.0
Altıntaş Mahallesi,Urla,17.62,3.0,33.07,3.0
Altıntepe Mahallesi,Menderes,7.92,1.0,0.0,0.0
Altınyunus Mahallesi,Çeşme,502.76,3.0,0.0,0.0
Anadolu Mahallesi,Konak,1.5,1.0,0.0,0.0
Anafartalar Mahallesi,Ödemiş,27.76,4.0,0.0,0.0
Anbarseki Mahallesi,Karaburun,157.0,2.0,0.0,0.0
Ansızca Mahallesi,Kemalpaşa,662.18,2.0,0.0,0.0
Arap Hasan Mahallesi,Karabağlar,1.69,1.0,10.35,4.0
Ardıç Mahallesi,Çeşme,1363.77,5.0,0.0,0.0
Arkacılar Mahallesi,Kiraz,1.6,1.0,0.0,0.0
Armağanlar Mahallesi,Bergama,200.0,1.0,0.0,0.0
Armutlu Mahallesi,Tire,325.0,1.0,0.0,0.0
Arpadere Mahallesi,Kınık,1.24,1.0,0.0,0.0
Arpaseki Mahallesi,Kınık,31.55,1.0,0.0,0.0
Arslanlar Mahallesi,Torbalı,7.21,1.0,0.0,0.0
Artıcak Mahallesi,Ödemiş,1.85,1.0,0.0,0.0
Arıkbaşı Mahallesi,Bayındır,9.89,2.0,0.0,0.0
Ata Mahallesi,Menderes,15.66,1.0,0.0,0.0
Atakent Mahallesi,Karşıyaka,140.8,6.0,4.6,2.0
Ataköy Mahallesi,Menderes,4.46,1.0,0.0,0.0
Atalan Mahallesi,Torbalı,1.69,1.0,0.0,0.0
Atamer Mahallesi,Konak,0.0,0.0,45.4,1.0
Atatürk Mahallesi,Bayındır,75976.34,59.0,0.0,0.0
Atatürk Organize Sanayi Bölgesi,Çiğli,0.0,0.0,0.0,0.0
Atatürk Plastik Organize Sanayi Bölgesi,Menemen,0.0,0.0,0.0,0.0
Ataşehir Mahallesi,Çiğli,46.11,9.0,0.0,0.0
Atilla Mahallesi,Konak,1.28,1.0,4.7,1.0
Atmaca Mahallesi,Bergama,5.92,1.0,4.68,2.0
Atçılar Mahallesi,Bergama,250.0,1.0,0.0,0.0
Atıfbey Mahallesi,Gaziemir,50.28,7.0,0.0,0.0
Avunduk Mahallesi,Bergama,150.0,1.0,0.0,0.0
Avunduruk Mahallesi,Kiraz,301.35,2.0,0.0,0.0
Ayaklıkırı Mahallesi,Tire,1.29,1.0,0.0,0.0
Ayaskent Mahallesi,Bergama,5.0,1.0,0.0,0.0
Aydoğdu Mahallesi,Kiraz,964.0,2.0,0.0,0.0
Aydın Mahallesi,Karabağlar,540.0,1.0,0.0,0.0
Aydınlıkevler Mahallesi,Çiğli,35.5,3.0,0.0,0.0
Ayrancılar Mahallesi,Torbalı,10.12,3.0,0.0,0.0
Ayvacık Mahallesi,Menemen,0.0,0.0,0.0,0.0
Ayvatlar Mahallesi,Bergama,750.0,1.0,0.0,0.0
Aziziye Mahallesi,Bergama,4.42,2.0,0.0,0.0
Aşağı Mahalle,Kınık,601.2,2.0,992.92,5.0
Aşağı Yenmiş Mahallesi,Kemalpaşa,3.84,3.0,0.0,0.0
Aşağıbey Mahallesi,Bergama,1.75,1.0,0.0,0.0
Aşağıcuma Mahallesi,Bergama,4.0,1.0,0.0,0.0
Aşağıkırıklar Mahallesi,Bergama,3.5,1.0,0.0,0.0
Aşağıkızılca Mahallesi,Kemalpaşa,0.0,0.0,0.0,0.0
Aşağıılgındere Mahallesi,Bergama,2.0,1.0,0.0,0.0
Aşağışakran Mahallesi,Aliağa,700.0,2.0,0.0,0.0
Aşık Veysel Mahallesi,Karabağlar,8.33,3.0,0.59,0.0
B.Hayrettin Paşa Mahallesi,Aliağa,0.0,0.0,0.0,0.0
Bademalan Mahallesi,Kınık,1.24,1.0,0.0,0.0
Bademler Mahallesi,Urla,16.74,1.0,0.0,0.0
Bademli Mahallesi,Ödemiş,900.71,4.0,0.0,0.0
Bahar Mahallesi,Karabağlar,2.5,2.0,5.9,3.0
Bahariye Mahallesi,Tire,1632.7,4.0,0.0,0.0
Bahriye Üçok Mahallesi,Karabağlar,2827.18,6.0,0.0,0.0
Bahçearası Mahallesi,Kiraz,1.28,1.0,0.0,0.0
Bahçedere Mahallesi,Aliağa,558.0,1.0,0.0,0.0
Bahçelerarası Mahallesi,Balçova,13087.0,2.0,0.0,0.0
Bahçeli Mahallesi,Dikili,4.0,1.0,0.0,0.0
Bahçelievler Mahallesi,Torbalı,2316.05,15.0,0.0,0.0
Bakırköy Mahallesi,Beydağ,1.01,1.0,0.0,0.0
Balaban Mahallesi,Kınık,201.26,2.0,0.0,0.0
Balabanlı Mahallesi,Ödemiş,2.7,1.0,0.0,0.0
Balatçık Mahallesi,Çiğli,909.22,7.0,0.0,0.0
Balcılar Mahallesi,Bayındır,3.02,1.0,0.0,0.0
Ballıkuyu Mahallesi,Konak,0.0,0.0,0.0,0.0
Balıklıova Mahallesi,Urla,5.48,2.0,0.0,0.0
Barbaros Mahallesi,Urla,62.95,7.0,0.0,0.0
Barutçu Mahallesi,Selçuk,1.0,1.0,0.0,0.0
Barış Mahallesi,Karabağlar,11.42,4.0,463.76,0.0
Basın Sitesi Mahallesi,Karabağlar,21.86,3.0,0.0,0.0
Bayraklı Mahallesi,Bayraklı,0.0,0.0,0.0,0.0
Bayramcılar Mahallesi,Bergama,600.0,1.0,0.0,0.0
Bayramlı Mahallesi,Kemalpaşa,739.0,1.0,0.0,0.0
Bayırlı Mahallesi,Ödemiş,2.0,1.0,0.0,0.0
Bağalan Mahallesi,Kınık,5.37,1.0,0.0,0.0
Bağcılar Mahallesi,Menemen,0.0,0.0,0.0,0.0
Bağyurdu 29 Ekim Mahallesi,Kemalpaşa,0.0,0.0,0.0,0.0
Bağyurdu Organize Sanayi Bölgesi,Kemalpaşa,0.0,0.0,0.0,0.0
Başaran Mahallesi,Kiraz,1.0,1.0,0.0,0.0
Başköy Mahallesi,Tire,794.0,2.0,0.0,0.0
Bebekler Mahallesi,Ödemiş,0.0,0.0,0.0,0.0
Bekirler Mahallesi,Bergama,90.0,1.0,0.0,0.0
Belen Mahallesi,Menemen,0.0,0.0,0.0,0.0
Belenbaşı Mahallesi,Buca,22.96,1.0,0.0,0.0
Belevi Mahallesi,Selçuk,10.99,2.0,0.0,0.0
Bengiler Mahallesi,Seferihisar,9.8,1.0,0.0,0.0
Bengisu Mahallesi,Ödemiş,5.28,2.0,11.65,4.0
Bergama Organize Sanayi Bölgesi,Bergama,0.0,0.0,0.0,0.0
Beyazevler Mahallesi,Gaziemir,0.0,0.0,29.16,5.0
Beyazıtlar Mahallesi,Ödemiş,6.78,1.0,0.0,0.0
Beyköy Mahallesi,Beydağ,3.0,1.0,0.0,0.0
Beyler Mahallesi,Seferihisar,1.7,1.0,0.0,0.0
Beşpınar Mahallesi,Kemalpaşa,565.0,1.0,0.0,0.0
Beşyol Mahallesi,Bornova,5.7,1.0,0.0,0.0
Binbaşı Reşatbey Mahallesi,Gaziemir,0.0,0.0,4.61,1.0
Birgi Mahallesi,Ödemiş,11.24,4.0,0.0,0.0
Birlik Mahallesi,Bornova,6.2,1.0,4.0,1.0
Bostanlı Mahallesi,Karşıyaka,102.95,14.0,0.0,0.0
Boyalık Mahallesi,Çeşme,5.88,3.0,0.0,0.0
Boynuyoğun Mahallesi,Tire,1.59,1.0,0.0,0.0
Bozalan Mahallesi,Menemen,3426.0,1.0,0.0,0.0
Bozcayaka Mahallesi,Ödemiş,3.46,1.0,0.0,0.0
Bozdağ Mahallesi,Ödemiş,5.46,1.0,0.0,0.0
Bozkurt Mahallesi,Konak,0.0,0.0,24.41,1.0
Bozköy Mahallesi,Bergama,2242.84,5.0,0.0,0.0
Bozyaka Mahallesi,Karabağlar,9.37,1.0,2.31,2.0
Bozyerler Mahallesi,Bergama,3.0,1.0,0.0,0.0
Boğaziçi Mahallesi,Konak,1.49,1.0,19.25,2.0
Buca Koop Mahallesi,Buca,0.0,0.0,18.94,4.0
Buca Organize Sanayi Bölgesi,Buca,0.0,0.0,0.0,0.0
Bucak Mahallesi,Ödemiş,2.58,1.0,0.0,0.0
Bulgurca Mahallesi,Menderes,19.18,1.0,0.0,0.0
Buruncuk Mahallesi,Bayındır,503.0,2.0,0.0,0.0
Bölcek Mahallesi,Bergama,3.5,1.0,0.0,0.0
Bülbüldere Mahallesi,Torbalı,1.7,1.0,0.0,0.0
Bülbüller Mahallesi,Ödemiş,2.61,1.0,0.0,0.0
Büyükavulcuk Mahallesi,Ödemiş,923.0,1.0,0.0,0.0
Büyükkale Mahallesi,Tire,2.23,1.0,0.0,0.0
Büyükkemerdere Mahallesi,Tire,1.73,1.0,0.0,0.0
Büyükkömürcü Mahallesi,Tire,1.5,1.0,0.0,0.0
Büyükoba Mahallesi,Kınık,8.72,1.0,0.0,0.0
Bıyıklar Mahallesi,Bayındır,726.3,2.0,1861.65,5.0
Bıçakçı Mahallesi,Ödemiş,7.46,2.0,0.0,0.0
Cambazlı Mahallesi,Tire,1.02,1.0,0.0,0.0
Camiatik Mahallesi,Urla,2.41,1.0,0.0,0.0
Camii Mahallesi,Bayındır,0.0,0.0,3766.14,11.0
Camiikebir Mahallesi,Menemen,0.0,0.0,0.0,0.0
Camikebir Mahallesi,Seferihisar,29.84,4.0,0.0,0.0
Celal Bayar Mahallesi,Çeşme,505.74,2.0,0.0,0.0
Cengiz Topel Mahallesi,Konak,24.42,1.0,1.49,1.0
Cengizhan Mahallesi,Bayraklı,0.0,0.0,0.0,0.0
Cennetoğlu Mahallesi,Karabağlar,1.63,1.0,4.48,3.0
Cennetçeşme Mahallesi,Karabağlar,4.39,1.0,4.32,1.0
Ceritler Mahallesi,Kiraz,1.9,1.0,0.0,0.0
Cevaplı Mahallesi,Bergama,225.0,1.0,0.0,0.0
Cevizalan Mahallesi,Ödemiş,885.0,1.0,0.0,0.0
Cevizli Mahallesi,Kiraz,1.7,1.0,0.0,0.0
Cumalı Mahallesi,Kemalpaşa,954.4,2.0,0.0,0.0
Cumhuriyet Mahallesi,Bayındır,254.34,46.0,0.0,0.0
Cüneytbey Mahallesi,Menderes,8.43,1.0,0.0,0.0
Dallık Mahallesi,Tire,716.0,1.0,0.0,0.0
Dalyan Mahallesi,Çeşme,813.67,9.0,0.0,0.0
Damlacık Mahallesi,Kemalpaşa,560.54,3.0,0.0,0.0
Dayıemir Mahallesi,Konak,0.0,0.0,24.41,1.0
Dağdere Mahallesi,Tire,520.0,1.0,0.0,0.0
Dağkızılca Mahallesi,Torbalı,0.0,0.0,0.0,0.0
Dağteke Mahallesi,Torbalı,0.0,0.0,0.0,0.0
Dağıstan Mahallesi,Bergama,1.0,1.0,0.0,0.0
Dedebaşı Mahallesi,Karşıyaka,7.65,5.0,30.05,6.0
Deliktaş Mahallesi,Dikili,7.9,1.0,0.0,0.0
Demirci Mahallesi,Torbalı,5.26,1.0,0.0,0.0
Demircidere Mahallesi,Bergama,640.0,1.0,0.0,0.0
Demircili Mahallesi,Ödemiş,1285.76,4.0,0.0,0.0
Demircilik Mahallesi,Bayındır,3.0,1.0,0.0,0.0
Demirdere Mahallesi,Ödemiş,2.76,1.0,0.0,0.0
Demirköprü Mahallesi,Karşıyaka,13.76,4.0,18.35,4.0
Demirtaş Mahallesi,Dikili,1.27,1.0,0.0,0.0
Denizköy Mahallesi,Dikili,4.5,1.0,0.0,0.0
Denizli Mahallesi,Urla,20.97,5.0,0.0,0.0
Dere Mahallesi,Tire,634.0,1.0,0.0,0.0
Derebaşı Mahallesi,Tire,1.87,1.0,0.0,0.0
Dereköy Hacılar Mahallesi,Bergama,0.0,0.0,0.0,0.0
Dereköy Mahallesi,Bergama,266.52,6.0,0.0,0.0
Dereli Mahallesi,Tire,1.1,1.0,0.0,0.0
Dereuzunyer Mahallesi,Ödemiş,0.0,0.0,0.0,0.0
Dernekli Mahallesi,Bayındır,400.0,1.0,0.0,0.0
Develi Mahallesi,Menderes,5.88,1.0,0.0,0.0
Devrim Mahallesi,Karabağlar,18.72,4.0,0.0,0.0
Değirmencieli Mahallesi,Kınık,2.27,1.0,0.0,0.0
Değirmendere Mahallesi,Menderes,7.34,1.0,0.0,0.0
Dibekçi Mahallesi,Tire,585.0,1.0,0.0,0.0
Dicle Mahallesi,Buca,6.0,1.0,16.12,4.0
Dirmil Mahallesi,Torbalı,4.66,1.0,0.0,0.0
Dokuz Eylül Mahallesi,Gaziemir,12.79,3.0,0.0,0.0
Dokuzlar Mahallesi,Kiraz,3.2,1.0,0.0,0.0
Dolaplıkuyu Mahallesi,Konak,0.0,0.0,24.41,1.0
Dolaylar Mahallesi,Ödemiş,3.47,1.0,0.0,0.0
Donanmacı Mahallesi,Karşıyaka,3.95,2.0,8274.4,3.0
Doyranlı Mahallesi,Tire,1.41,1.0,0.0,0.0
Doğa Mahallesi,Menemen,0.0,0.0,0.0,0.0
Doğanay Mahallesi,Karabağlar,2.27,1.0,48.28,6.0
Doğancı Mahallesi,Bergama,570.0,1.0,0.0,0.0
Doğancılar Mahallesi,Kiraz,8.94,2.0,0.0,0.0
Doğanlar Mahallesi,Bornova,0.0,0.0,0.0,0.0
Doğançay Mahallesi,Bayraklı,0.0,0.0,0.0,0.0
Duatepe Mahallesi,Tire,10.14,1.0,643.28,4.0
Dumlupınar Mahallesi,Tire,610.0,1.0,0.0,0.0
Durmuşlar Mahallesi,Bergama,7.0,1.0,0.0,0.0
Dündarlı Mahallesi,Tire,319.65,2.0,0.0,0.0
Düverlik Mahallesi,Torbalı,1.32,1.0,0.0,0.0
Düzce Mahallesi,Seferihisar,862.0,2.0,0.0,0.0
Efeler Mahallesi,Buca,60.07,2.0,3.0,1.0
Efemçukuru Mahallesi,Menderes,2.84,1.0,0.0,0.0
Ege Mahallesi,Konak,0.0,0.0,4.96,1.0
Egekent Mahallesi,Çiğli,10.0,1.0,6.5,1.0
Egemen Mahallesi,Kemalpaşa,955.35,2.0,0.0,0.0
Egemenlik Mahallesi,Bornova,0.0,0.0,0.0,0.0
Elifli Mahallesi,Bayındır,2.3,1.0,0.0,0.0
Elmadere Mahallesi,Kınık,929.5,2.0,0.0,0.0
Emek Mahallesi,Bayraklı,0.0,0.0,14.1,2.0
Emenler Mahallesi,Kiraz,2.0,1.0,0.0,0.0
Emir Sultan Mahallesi,Konak,17.23,1.0,1.49,1.0
Emiralem Merkez Mahallesi,Menemen,0.0,0.0,0.0,0.0
Emirli Mahallesi,Ödemiş,4.01,1.0,0.0,0.0
Emmioğlu Mahallesi,Ödemiş,9.99,2.0,0.0,0.0
Emrez Mahallesi,Gaziemir,4.96,1.0,0.0,0.0
Ergene Mahallesi,Bornova,0.0,0.0,11.2,2.0
Ergenli Mahallesi,Bayındır,1.2,1.0,0.0,0.0
Erikli Mahallesi,Beydağ,1.5,1.0,0.0,0.0
Ertuğrul Mahallesi,Ödemiş,41.51,6.0,0.0,0.0
Erzene Mahallesi,Bornova,393.58,2.0,0.0,0.0
Esatpaşa Mahallesi,Menemen,0.0,0.0,9336.0,1.0
Esenlik Mahallesi,Karabağlar,0.0,0.0,8.18,3.0
Esentepe Mahallesi,Dikili,43.69,7.0,0.0,0.0
Esenyalı Mahallesi,Karabağlar,15.53,5.0,9.74,2.0
Eskioba Mahallesi,Tire,2.05,1.0,0.0,0.0
Etiler Mahallesi,Konak,0.0,0.0,791.74,3.0
Evka 3 Mahallesi,Bornova,0.0,0.0,0.0,0.0
Evka 4 Mahallesi,Bornova,46.38,5.0,0.0,0.0
Evka-2 Mahallesi,Çiğli,19.35,4.0,0.0,0.0
Evka-5 Mahallesi,Çiğli,21.6,2.0,0.0,0.0
Evka-6 Mahallesi,Çiğli,3206.0,2.0,0.0,0.0
Eğerci Mahallesi,Torbalı,219.45,1.0,0.0,0.0
Eğiller Mahallesi,Bergama,360.0,1.0,0.0,0.0
Eğitim Mahallesi,Balçova,6847.0,4.0,942.0,1.0
Eğlenhoca Mahallesi,Karaburun,1.7,1.0,0.0,0.0
Eğridere Mahallesi,Tire,10.66,4.0,0.0,0.0
Eğrigöl Mahallesi,Bergama,4.2,1.0,0.0,0.0
Fahrettin Altay Mahallesi,Karabağlar,10.8,4.0,2452.93,0.0
Fahrettinpaşa Mahallesi,Çeşme,3.28,2.0,0.0,0.0
Faik Paşa Mahallesi,Konak,0.0,0.0,371.3,2.0
Fatih Mahallesi,Bergama,12614.81,23.0,0.0,0.0
Ferahlı Mahallesi,Konak,4.07,1.0,0.0,0.0
Ferizler Mahallesi,Bergama,880.0,1.0,0.0,0.0
Fevzi Paşa Mahallesi,Konak,0.0,0.0,54.11,2.0
Fevzi Çakmak Mahallesi,Torbalı,58224.49,7.0,0.0,0.0
Fevzipaşa Mahallesi,Bergama,1197.78,5.0,0.0,0.0
Fikri Altay Mahallesi,Karşıyaka,13.6,2.0,18.81,6.0
Fuat Edip Baksı Mahallesi,Bayraklı,0.0,0.0,0.0,0.0
Fırat Mahallesi,Buca,41.5,5.0,0.0,0.0
Fırınlı Mahallesi,Bayındır,6.5,1.0,0.0,0.0
Gaybi Mahallesi,Menemen,475.0,1.0,0.0,0.0
Gaylan Mahallesi,Bergama,280.0,1.0,0.0,0.0
Gazi Mahallesi,Menemen,15.71,2.0,19.79,1.0
Gazi Mustafa Kemal Mahallesi,Torbalı,5.5,1.0,0.0,1.0
Gazi Osman Paşa Mahallesi,Bornova,0.0,0.0,4.6,2.0
Gazikent Mahallesi,Gaziemir,5.14,1.0,9.95,2.0
Gaziler Mahallesi,Bayındır,12.42,3.0,0.0,0.0
Gaziosmanpaşa Mahallesi,Bergama,44.02,3.0,0.0,0.0
Gazipaşa Mahallesi,Dikili,27.47,7.0,0.0,0.0
Gedik Mahallesi,Kiraz,1.0,1.0,0.0,0.0
General Asım Gündüz Mahallesi,Karabağlar,1.89,1.0,4.48,3.0
General Kazım Özalp Mahallesi,Karabağlar,0.0,0.0,24.41,4.0
Gereli Mahallesi,Ödemiş,3.25,1.0,0.0,0.0
Germiyan Mahallesi,Çeşme,2444.16,8.0,0.0,0.0
Gerçekli Mahallesi,Ödemiş,1.98,1.0,0.0,0.0
Goncalar Mahallesi,Karşıyaka,8.25,4.0,21.5,4.0
Göbeller Mahallesi,Bergama,1.9,1.0,0.0,0.0
Gödence Mahallesi,Seferihisar,1.1,1.0,0.0,0.0
Gökdere Mahallesi,Bornova,4.0,1.0,0.0,0.0
Göksu Mahallesi,Buca,26.64,6.0,3.67,1.0
Göktepe Mahallesi,Menemen,0.0,0.0,0.0,0.0
Gökyaka Mahallesi,Kemalpaşa,363.0,1.0,0.0,0.0
Gökçealan Mahallesi,Selçuk,8.38,1.0,0.0,0.0
Gökçeağıl Mahallesi,Dikili,1.3,1.0,0.0,0.0
Gökçen Mahallesi,Tire,20.8,1.0,0.0,0.0
Gökçeyurt Mahallesi,Bergama,1445.0,4.0,0.0,0.0
Gölcük Mahallesi,Ödemiş,14.26,3.0,0.0,0.0
Gölcükler Mahallesi,Menderes,22.47,4.0,0.0,0.0
Göllüce Mahallesi,Torbalı,91.8,1.0,0.0,0.0
Gölova Mahallesi,Menderes,2.61,1.0,0.0,0.0
Görece Cumhuriyet Mahallesi,Menderes,10.09,1.0,0.0,0.0
Görece Mahallesi,Menemen,0.0,0.0,0.0,0.0
Göztepe Mahallesi,Konak,895.0,2.0,0.0,1.0
Göçbeyli Kaplan Mahallesi,Bergama,0.0,0.0,0.0,0.0
Göçbeyli Mahallesi,Bergama,6.5,1.0,0.0,0.0
Gülbahçe Mahallesi,Urla,12.95,1.0,0.0,0.0
Gültepe Mahallesi,Bergama,210.0,1.0,0.0,0.0
Gülyaka Mahallesi,Karabağlar,1.16,1.0,2.56,2.0
Gümüldür Atatürk Mahallesi,Menderes,5.23,1.0,0.0,0.0
Gümüldür Cumhuriyet Mahallesi,Menderes,4.14,1.0,0.0,0.0
Gümüldür Fevzi Çakmak Mahallesi,Menderes,14.45,2.0,0.0,0.0
Gümüldür İnönü Mahallesi,Menderes,2.29,1.0,0.0,0.0
Gümüşpala Mahallesi,Bayraklı,0.0,0.0,0.0,0.0
Günaltay Mahallesi,Karabağlar,4.93,3.0,1.51,1.0
Günerli Mahallesi,Menemen,0.0,0.0,0.0,0.0
Güney Mahallesi,Ödemiş,1413.45,3.0,0.0,0.0
Güneş Mahallesi,Konak,0.0,0.0,2.59,1.0
Güneşli Mahallesi,Bergama,958.42,4.0,0.0,0.0
Güngör Mahallesi,Konak,0.0,0.0,24.41,1.0
Günlüce Mahallesi,Ödemiş,3.94,1.0,0.0,0.0
Gürpınar Mahallesi,Bornova,0.0,0.0,0.0,0.0
Güven Mahallesi,Buca,1.71,1.0,759.49,2.0
Güvendik Mahallesi,Urla,21.35,4.0,0.0,0.0
Güzelhisar Mahallesi,Aliağa,5804.0,2.0,0.0,0.0
Güzeltepe Mahallesi,Çiğli,1.5,1.0,9382.4,4.0
Güzelyalı Mahallesi,Konak,5.89,1.0,1.21,1.0
Güzelyurt Mahallesi,Konak,0.0,0.0,2.59,1.0
Hacı Beşir Mahallesi,Bayındır,0.0,0.0,2994.34,10.0
Hacı İbrahim Mahallesi,Bayındır,0.0,0.0,0.0,0.0
Hacı İsa Mahallesi,Urla,0.0,0.0,48.14,4.0
Hacıhamzalar Mahallesi,Bergama,1.15,1.0,0.0,0.0
Hacıhasan Mahallesi,Ödemiş,1.62,1.0,0.0,0.0
Hacıveli Mahallesi,Foça,809.9,3.0,0.0,0.0
Hacıömerli Mahallesi,Aliağa,23454.0,1.0,0.0,0.0
Halilağalar Mahallesi,Bergama,330.0,1.0,0.0,0.0
Halilbeyli Mahallesi,Kemalpaşa,1381.0,2.0,0.0,0.0
Haliller Mahallesi,Kiraz,3.8,1.0,0.0,0.0
Halkapınar Mahallesi,Tire,21.38,7.0,0.0,0.0
Halıköy Mahallesi,Beydağ,1.8,1.0,0.0,0.0
Hamam Mahallesi,Ödemiş,2.3,1.0,497.7,0.0
Hamzababa Mahallesi,Kemalpaşa,634.0,1.0,0.0,0.0
Hamzahocalı Mahallesi,Kınık,3.76,1.0,0.0,0.0
Hamzalısüleymaniye Mahallesi,Bergama,0.0,0.0,0.0,0.0
Harmandalı Gazi Mustafa Kemal Atatürk Mahallesi,Çiğli,0.0,0.0,0.0,0.0
Hasan Özdemir Mahallesi,Konak,0.0,0.0,4.02,1.0
Hasanlar Mahallesi,Menemen,0.0,0.0,0.0,0.0
Hasançavuşlar Mahallesi,Tire,643.0,1.0,0.0,0.0
Hasköy Mahallesi,Bayındır,11.5,1.0,0.0,0.0
Hasseki Mahallesi,Karaburun,791.0,1.0,0.0,0.0
Hatay Mahallesi,Bayındır,500.0,1.0,0.0,0.0
Hatundere Mahallesi,Menemen,0.0,0.0,0.0,0.0
Havutçulu Mahallesi,Selçuk,4.86,1.0,0.0,0.0
Havuzbaşı Mahallesi,Bayındır,4.43,1.0,0.0,0.0
Haykıran Mahallesi,Menemen,3176.0,1.0,0.0,0.0
Helvacı Mahallesi,Torbalı,1.29,1.0,0.0,0.0
Hilal Mahallesi,Konak,1.1,1.0,3.86,0.0
Hisar Mahallesi,Kiraz,2.2,2.0,0.0,0.0
Hisarköy Mahallesi,Bergama,1.2,1.0,0.0,0.0
Hisarlık Mahallesi,Tire,290.0,2.0,0.0,0.0
Horozgediği Mahallesi,Aliağa,1800.0,1.0,0.0,0.0
Horzum Mahallesi,Ödemiş,5.42,1.0,0.0,0.0
Hurşidiye Mahallesi,Konak,0.0,0.0,3.89,2.0
Huzur Mahallesi,Narlıdere,518.54,12.0,0.0,0.0
Hürriyet Mahallesi,Ödemiş,731.29,20.0,0.0,0.0
Hıdırlık Mahallesi,Seferihisar,27.78,2.0,0.0,0.0
Ildır Mahallesi,Çeşme,810.5,5.0,0.0,0.0
Ilgıncaber Mahallesi,Bergama,430.0,1.0,0.0,0.0
Ilıca Mahallesi,Narlıdere,540.14,10.0,0.0,0.0
Ilıpınar Mahallesi,Foça,3.78,1.0,0.0,0.0
Irmak Mahallesi,Menemen,20.98,3.0,0.0,0.0
Işık Mahallesi,Ödemiş,3.2,1.0,0.0,0.0
Işıklar Mahallesi,Bornova,4.76,3.0,0.0,0.0
Işıklı Mahallesi,Tire,3.48,1.0,0.0,0.0
Kabaağaç Mahallesi,Bayındır,900.0,1.0,0.0,0.0
Kabakum Mahallesi,Dikili,8.5,1.0,0.0,0.0
Kadifekale Mahallesi,Konak,0.0,0.0,0.0,0.0
Kadriye Mahallesi,Bergama,0.0,0.0,0.0,0.0
Kadıköy Mahallesi,Bergama,1.1,1.0,0.0,0.0
Kadıovacık Mahallesi,Urla,848.0,1.0,0.0,0.0
Kahraman Mescit Mahallesi,Konak,0.0,0.0,24.41,1.0
Kahramandere Mahallesi,Güzelbahçe,1828.0,10.0,0.0,0.0
Kahramanlar Mahallesi,Konak,4.96,1.0,0.0,0.0
Kahrat Mahallesi,Tire,900.0,1.0,0.0,0.0
Kaklıç Mahallesi,Çiğli,15.0,1.0,0.0,0.0
Kalabak Mahallesi,Urla,1944.8,5.0,0.0,0.0
Kaleardı Mahallesi,Bergama,0.0,0.0,148.0,1.0
Kaleköy Mahallesi,Kiraz,1.0,1.0,0.0,0.0
Kalemköy Mahallesi,Kınık,550.0,1.0,0.0,0.0
Kamberler Mahallesi,Kemalpaşa,1.72,1.0,0.0,0.0
Kaplan Mahallesi,Tire,713.0,1.0,0.0,0.0
Kaplancık Mahallesi,Torbalı,6.5,1.0,0.0,0.0
Kapukaya Mahallesi,Bergama,1004.0,2.0,0.0,0.0
Karabağ Mahallesi,Kiraz,1.6,1.0,0.0,0.0
Karabağlar Mahallesi,Karabağlar,5.39,2.0,1.15,1.0
Karabulu Mahallesi,Kiraz,0.0,0.0,0.0,0.0
Karaburç Mahallesi,Kiraz,403.86,3.0,0.0,0.0
Karaca Ali Mahallesi,Tire,0.0,0.0,0.0,0.0
Karacaağaç Mahallesi,Buca,524.0,1.0,0.0,0.0
Karacaoğlan Mahallesi,Bornova,0.0,0.0,0.0,0.0
Karadere Mahallesi,Kınık,600.0,1.0,0.0,0.0
Karadoğan Mahallesi,Ödemiş,2.09,1.0,0.0,0.0
Karahalilli Mahallesi,Bayındır,1.5,1.0,0.0,0.0
Karahayıt Mahallesi,Bayındır,500.0,1.0,0.0,0.0
Karahıdırlı Mahallesi,Bergama,400.0,1.0,0.0,0.0
Karakova Mahallesi,Ödemiş,1.84,1.0,0.0,0.0
Karakuyu Mahallesi,Menderes,8.32,1.0,0.0,0.0
Karakuzu Mahallesi,Aliağa,4327.0,1.0,0.0,0.0
Karaköy Mahallesi,Aliağa,2765.0,2.0,0.0,0.0
Karakızlar Mahallesi,Torbalı,602.82,2.0,0.0,0.0
Karalar Mahallesi,Bergama,1.0,1.0,0.0,0.0
Karaman Mahallesi,Kiraz,1.2,1.0,0.0,0.0
Karanfil Mahallesi,Buca,7.6,1.0,15.8,1.0
Karaoba Mahallesi,Beydağ,18.0,1.0,0.0,0.0
Karaorman Mahallesi,Menemen,0.0,0.0,0.0,0.0
Karaot Mahallesi,Torbalı,1330.0,2.0,0.0,0.0
Karapınar Mahallesi,Bayındır,500.0,1.0,0.0,0.0
Karateke Mahallesi,Tire,2.14,1.0,0.0,0.0
Karatekeli Mahallesi,Kınık,666.0,1.0,0.0,0.0
Karaveliler Mahallesi,Bergama,1.2,1.0,0.0,0.0
Karaçam Mahallesi,Bornova,612.0,3.0,0.0,0.0
Karşıyaka Mahallesi,Torbalı,28.38,3.0,0.0,0.0
Kasımpaşa Mahallesi,Menderes,19.09,4.0,20.47,5.0
Katrancı Mahallesi,Bergama,210.0,1.0,0.0,0.0
Katıralanı Mahallesi,Dikili,700.0,1.0,0.0,0.0
Kavacık Mahallesi,Karabağlar,1.02,1.0,0.0,0.0
Kavakdere Mahallesi,Seferihisar,1000.0,2.0,0.0,0.0
Kavaklıdere Mahallesi,Bornova,0.0,0.0,0.0,0.0
Kayadibi Mahallesi,Bornova,0.0,0.0,0.0,0.0
Kayaköy Mahallesi,Ödemiş,15.57,2.0,0.0,0.0
Kaymakçı Mahallesi,Ödemiş,15.92,3.0,0.0,0.0
Kaynaklar Merkez Mahallesi,Buca,9.12,2.0,0.0,0.0
Kazanlı Mahallesi,Ödemiş,3.76,1.0,0.0,0.0
Kazım Dirik Mahallesi,Foça,23501.0,2.0,0.0,0.0
Kazım Karabekir Mahallesi,Torbalı,28.35,8.0,0.0,0.0
Kazımdirik Mahallesi,Bornova,141.66,7.0,0.0,0.0
Kazımpaşa Mahallesi,Menemen,9344.09,5.0,0.0,0.0
Kaşıkçı Mahallesi,Bergama,800.0,1.0,0.0,0.0
Keler Mahallesi,Menderes,3.9,1.0,0.0,0.0
Kemal Atatürk Mahallesi,Menemen,1383.0,2.0,0.0,0.0
Kemal Reis Mahallesi,Konak,0.0,0.0,729.65,3.0
Kemalpaşa Mahallesi,Menderes,134.97,7.0,0.0,0.0
Kemalpaşa Organize Sanayi Bölgesi,Kemalpaşa,0.0,0.0,0.0,0.0
Kemenler Mahallesi,Ödemiş,1.76,1.0,0.0,0.0
Kemer Mahallesi,Ödemiş,1.85,1.0,0.0,0.0
Kerpiçlik Mahallesi,Ödemiş,1.66,1.0,0.0,0.0
Kesik Mahallesi,Menemen,0.0,0.0,0.0,0.0
Kestelli Mahallesi,Konak,0.0,0.0,2.59,1.0
Ketenci Mahallesi,Tire,467.0,1.0,623.72,4.0
Kibar Mahallesi,Kiraz,405.2,3.0,0.0,0.0
Kireli Mahallesi,Tire,2.66,1.0,0.0,0.0
Koca Mehmetler Mahallesi,Foça,0.0,0.0,0.0,0.0
Kocaaliler Mahallesi,Tire,741.0,1.0,0.0,0.0
Kocahaliller Mahallesi,Bergama,130.0,1.0,0.0,0.0
Kocakapı Mahallesi,Konak,0.0,0.0,370.0,1.0
Kocaköy Mahallesi,Bergama,125.0,1.0,0.0,0.0
Kocaoba Mahallesi,Dikili,1.55,1.0,0.0,0.0
Kocatepe Mahallesi,Konak,0.0,0.0,0.0,0.0
Kocaömerli Mahallesi,Kınık,0.0,0.0,6.15,1.0
Kodukburun Mahallesi,Kınık,300.0,1.0,0.0,0.0
Konak Mahallesi,Konak,29.7,1.0,0.0,0.0
Konaklı Mahallesi,Ödemiş,9.98,2.0,0.0,0.0
Korutürk Mahallesi,Balçova,27380.0,4.0,52102.0,0.0
Kosova Mahallesi,Konak,0.0,0.0,0.0,0.0
Koyuneli Mahallesi,Bergama,450.0,1.0,0.0,0.0
Kozağaç Mahallesi,Buca,38.07,4.0,0.0,0.0
Kozbeyli Mahallesi,Foça,11.19,1.0,0.0,0.0
Kozluca Mahallesi,Bergama,450.0,1.0,0.0,0.0
Koşukavak Mahallesi,Bornova,0.0,0.0,10.2,2.0
Kubilay Mahallesi,Konak,0.0,0.0,1.3,1.0
Kurfallı Mahallesi,Bergama,1.9,1.0,0.0,0.0
Kurt Mahallesi,Bayındır,1250.0,2.0,1745.69,9.0
Kurtuluş Mahallesi,Bergama,3364.45,4.0,0.0,0.0
Kurucuova Mahallesi,Ödemiş,7.86,1.0,0.0,0.0
Kurudere Mahallesi,Beydağ,4.01,3.0,0.0,0.0
Kuruçeşme Mahallesi,Buca,10.61,4.0,0.0,0.0
Kurşak Mahallesi,Tire,1.35,1.0,0.0,0.0
Kutlubeyler Mahallesi,Ödemiş,500.0,1.0,0.0,0.0
Kuvvetli Mahallesi,Ödemiş,24.02,2.0,0.0,0.0
Kuyucak Mahallesi,Kemalpaşa,7367.0,3.0,0.0,0.0
Kuşçuburun Mahallesi,Torbalı,16.37,2.0,0.0,0.0
Kuşçular Mahallesi,Urla,11.04,2.0,0.0,0.0
Köfündere Mahallesi,Ödemiş,1.91,1.0,0.0,0.0
Körfez Mahallesi,Bayraklı,0.0,0.0,0.0,0.0
Kösedere Mahallesi,Karaburun,1.8,1.0,0.0,0.0
Köseler Mahallesi,Ödemiş,1460.92,3.0,0.0,0.0
Köyiçi Mahallesi,Çiğli,2.27,1.0,9.5,1.0
Kültür Mahallesi,Konak,28564.0,2.0,0.0,0.0
Küner Mahallesi,Menderes,7.67,2.0,0.0,0.0
Kürdüllü Mahallesi,Tire,680.0,1.0,0.0,0.0
Küre Mahallesi,Ödemiş,3.19,1.0,0.0,0.0
Küçük Çiğli Mahallesi,Çiğli,0.0,0.0,2.1,1.0
Küçükada Mahallesi,Konak,0.0,0.0,4.07,1.0
Küçükavulcuk Mahallesi,Ödemiş,3.55,1.0,0.0,0.0
Küçükbahçe Mahallesi,Karaburun,32.15,2.0,0.0,0.0
Küçükburun Mahallesi,Tire,484.0,1.0,0.0,0.0
Küçükkale Mahallesi,Tire,1.56,1.0,0.0,0.0
Küçükkaya Mahallesi,Güzelbahçe,148.04,2.0,0.0,0.0
Küçükkemerdere Mahallesi,Tire,916.0,1.0,0.0,0.0
Küçükkömürcü Mahallesi,Tire,640.0,1.0,0.0,0.0
Küçükören Mahallesi,Ödemiş,506.65,2.0,0.0,0.0
Kılıç Reis Mahallesi,Konak,5.41,1.0,735.21,5.0
Kınık Organize Sanayi Bölgesi,Kınık,0.0,0.0,0.0,0.0
Kır Mahallesi,Menemen,0.0,0.0,0.0,0.0
Kıranlı Mahallesi,Bergama,1.15,1.0,0.0,0.0
Kıratlı Mahallesi,Dikili,3.1,1.0,0.0,0.0
Kırbaş Mahallesi,Torbalı,1.27,1.0,0.0,0.0
Kırcalar Mahallesi,Bergama,650.0,1.0,0.0,0.0
Kırklar Mahallesi,Buca,11.19,2.0,0.0,0.0
Kırköy Mahallesi,Kiraz,8.6,1.0,0.0,0.0
Kıroba Mahallesi,Dikili,0.0,0.0,1.21,1.0
Kırtepe Mahallesi,Tire,3.53,1.0,0.0,0.0
Kısık Mahallesi,Menderes,4.08,1.0,0.0,0.0
Kızılay Mahallesi,Bornova,205.2,2.0,0.0,0.0
Kızılca Mahallesi,Ödemiş,1.38,1.0,0.0,0.0
Kızılcaavlu Mahallesi,Ödemiş,4.06,1.0,0.0,0.0
Kızılcaağaç Mahallesi,Bayındır,501.64,2.0,0.0,0.0
Kızılcahavlu Mahallesi,Tire,2.19,1.0,0.0,0.0
Kızılcaova Mahallesi,Bayındır,8.9,2.0,0.0,0.0
Kızılkeçili Mahallesi,Bayındır,1.5,1.0,0.0,0.0
Kızıloba Mahallesi,Bayındır,2.4,1.0,0.0,0.0
Kızıltepe Mahallesi,Bergama,270.0,1.0,0.0,0.0
Kızılçukur Mahallesi,Dikili,1.1,1.0,0.0,0.0
Kızılüzüm Mahallesi,Kemalpaşa,3651.0,3.0,0.0,0.0
Kışla Mahallesi,Ödemiş,3.15,1.0,0.0,0.0
Laka Mahallesi,Bornova,2.7,1.0,0.0,0.0
Lale Mahallesi,Konak,0.0,0.0,0.0,0.0
Laleli Mahallesi,Buca,1.26,1.0,689.75,2.0
Latife Hanım Mahallesi,Karşıyaka,9.7,1.0,0.0,0.0
Levent Mahallesi,Konak,0.0,0.0,6.1,2.0
Limanreis Mahallesi,Narlıdere,32.95,7.0,0.0,0.0
Limontepe Mahallesi,Karabağlar,1.27,1.0,1.24,1.0
Lütuflar Mahallesi,Bayındır,1.6,1.0,0.0,0.0
M.Fevzi Çakmak Mahallesi,Urla,0.0,0.0,18.67,1.0
Mahmudiye Mahallesi,Bergama,0.0,0.0,0.0,0.0
Mahmutlar Mahallesi,Tire,1.04,1.0,0.0,0.0
Maliyeciler Mahallesi,Karabağlar,7.32,2.0,5.31,3.0
Maltepe Mahallesi,Bergama,935.77,12.0,0.0,0.0
Manavkuyu Mahallesi,Bayraklı,0.0,0.0,0.0,0.0
Mansuroğlu Mahallesi,Bayraklı,0.0,0.0,0.0,0.0
Mareşal Fevzi Çakmak Mahallesi,Foça,18.67,1.0,0.0,0.0
Maruflar Mahallesi,Bergama,1.0,1.0,0.0,0.0
Mavidere Mahallesi,Kiraz,1.6,1.0,0.0,0.0
Mavişehir Mahallesi,Karşıyaka,133.8,6.0,0.0,0.0
Mazılı Mahallesi,Dikili,0.0,0.0,0.0,0.0
Mecidiye Mahallesi,Konak,0.0,0.0,0.0,0.0
Mehmet Akif Ersoy Mahallesi,Kemalpaşa,3584.35,18.0,0.0,0.0
Mehmet Akif Mahallesi,Konak,0.0,0.0,750.0,1.0
Mehmet Ali Akman Mahallesi,Konak,9.41,2.0,1.91,1.0
Mehmetler Mahallesi,Tire,1.95,1.0,0.0,0.0
Mehtap Mahallesi,Konak,0.0,0.0,0.0,0.0
Mektep Mahallesi,Bayındır,8.0,1.0,4.0,1.0
Menderes Mahallesi,Beydağ,626.74,5.0,0.0,0.0
Merdivenli Mahallesi,Dikili,1.3,1.0,0.0,0.0
Meriç Mahallesi,Bornova,162.62,1.0,0.0,0.0
Merkez Mahallesi,Karaburun,14.99,2.0,0.0,0.0
Mermerli Mahallesi,Menemen,1000.0,1.0,0.0,0.0
Mersin Alanı Mahallesi,Seferihisar,0.0,0.0,0.0,0.0
Mersinli Mahallesi,Konak,0.0,0.0,2.37,1.0
Mersinlidere Mahallesi,Kiraz,700.0,1.0,0.0,0.0
Mescitli Mahallesi,Ödemiş,4.12,1.0,0.0,0.0
Metin Oktay Mahallesi,Karabağlar,1.3,1.0,16.79,5.0
Mevlana Mahallesi,Bornova,62.24,1.0,0.0,0.0
Meşrutiyet Mahallesi,Ödemiş,3.24,1.0,17.66,3.0
Millet Mahallesi,Konak,0.0,0.0,0.0,0.0
Mimar Sinan Mahallesi,Ödemiş,4394.17,6.0,0.0,0.0
Mirali Mahallesi,Konak,0.0,0.0,370.0,1.0
Mithatpaşa Mahallesi,Menderes,1850.45,10.0,0.0,0.0
Mordoğan Mahallesi,Karaburun,39.39,2.0,0.0,0.0
Muammer Akar Mahallesi,Karabağlar,1.24,1.0,27.01,3.0
Muhittin Erener Mahallesi,Bayraklı,0.0,0.0,0.0,0.0
Murat Mahallesi,Konak,0.0,0.0,162.62,1.0
Murat Reis Mahallesi,Konak,1.37,1.0,2.93,2.0
Muratbey Mahallesi,Torbalı,63.55,5.0,0.0,0.0
Murathan Mahallesi,Buca,11.2,2.0,14.0,1.0
Muratlar Mahallesi,Bergama,570.0,1.0,0.0,0.0
Mursallı Mahallesi,Ödemiş,4.11,1.0,0.0,0.0
Musabey Mahallesi,Menemen,0.0,0.0,0.0,0.0
Musacalı Mahallesi,Kınık,400.0,1.0,0.0,0.0
Musalar Mahallesi,Tire,578.0,1.0,0.0,0.0
Musalla Mahallesi,Çeşme,2530.64,14.0,0.0,0.0
Mustafa Kemal Atatürk Mahallesi,Foça,2714.77,15.0,0.0,0.0
Mustafa Kemal Mahallesi,Buca,24.8,5.0,0.0,0.0
Mustafa Kemal Paşa Mahallesi,Güzelbahçe,17.79,3.0,1287.45,3.0
Mutaflar Mahallesi,Beydağ,261.0,2.0,0.0,0.0
Mıstıklar Mahallesi,Kınık,2.44,1.0,0.0,0.0
Naime Mahallesi,Torbalı,2.42,1.0,0.0,0.0
Naipli Mahallesi,Urla,1.02,1.0,0.0,0.0
Naldöken Mahallesi,Bornova,0.0,0.0,0.0,0.0
Namazgah Mahallesi,Konak,0.0,0.0,3.89,2.0
Namık Kemal Mahallesi,Konak,24.41,1.0,0.0,0.0
Narlı Mahallesi,Narlıdere,751.62,11.0,0.0,0.0
Narlıca Mahallesi,Bergama,1.17,1.0,0.0,0.0
Nazarköy Mahallesi,Kemalpaşa,1.38,1.0,0.0,0.0
Nebiler Mahallesi,Dikili,2.6,1.0,0.0,0.0
Necat Hepkon Mahallesi,Seferihisar,0.0,0.0,0.0,0.0
Necati Uza Mahallesi,Bayındır,3.0,1.0,0.0,0.0
Nergiz Mahallesi,Karşıyaka,8.75,3.0,48.85,7.0
Nohutalan Mahallesi,Urla,670.0,1.0,0.0,0.0
Ocaklı Mahallesi,Ödemiş,1525.0,2.0,0.0,0.0
Odunkapı Mahallesi,Konak,0.0,0.0,24.41,1.0
Okçular Mahallesi,Bergama,400.0,1.0,0.0,0.0
Olgunlar Mahallesi,Kiraz,650.0,1.0,0.0,0.0
Onur Mahallesi,Balçova,8068.0,4.0,237.35,8.0
Org.Nafiz Gürman Mahallesi,Bayraklı,0.0,0.0,0.0,0.0
Orhangazi Mahallesi,Ödemiş,2.34,1.0,0.0,0.0
Orhanlı Mahallesi,Seferihisar,362.69,2.0,0.0,0.0
Ormanköy Mahallesi,Torbalı,4.72,1.0,0.0,0.0
Orta Mahalle,Bayındır,411.72,4.0,2569.67,3.0
Orta Mahallesi,Menderes,411.72,4.0,0.0,0.0
Ortaköy Mahallesi,Ödemiş,642.2,3.0,0.0,0.0
Oruşlar Mahallesi,Bergama,830.0,1.0,0.0,0.0
Osman Aksüner Mahallesi,Karabağlar,1.09,1.0,3.39,2.0
Osmancık Mahallesi,Tire,1.23,1.0,0.0,0.0
Osmangazi Mahallesi,Bayraklı,0.0,0.0,0.0,0.0
Osmaniye Mahallesi,Kınık,27.71,3.0,0.0,0.0
Osmanlar Mahallesi,Bayındır,850.0,1.0,0.0,0.0
Ovacık Mahallesi,Ödemiş,1828.12,13.0,0.0,0.0
Ovakent Mahallesi,Ödemiş,10.49,2.0,0.0,0.0
Oğlananası Atatürk Mahallesi,Menderes,3.07,1.0,0.0,0.0
Oğlananası Cumhuriyet Mahallesi,Menderes,0.0,0.0,0.0,0.0
Oğuzlar Mahallesi,Ödemiş,372.64,2.0,0.0,0.0
Palamutçuk Mahallesi,Beydağ,1.09,1.0,0.0,0.0
Pamukyazı Mahallesi,Torbalı,138.25,1.0,0.0,0.0
Pancar Mahallesi,Torbalı,3.22,1.0,0.0,0.0
Parlak Mahallesi,Karaburun,4.38,1.0,0.0,0.0
Payamlı Mahallesi,Seferihisar,624.61,4.0,0.0,0.0
Pazaryeri Mahallesi,Konak,0.0,0.0,3.89,2.0
Paşa Mahallesi,Tire,400.0,1.0,966.14,2.0
Paşaköy Mahallesi,Bergama,1.17,1.0,0.0,0.0
Peker Mahallesi,Karabağlar,5.6,1.0,0.0,0.0
Peşrefli Mahallesi,Tire,1.58,1.0,0.0,0.0
Pireveliler Mahallesi,Bergama,500.0,1.0,0.0,0.0
Piri Reis Mahallesi,Konak,724.24,2.0,18.16,5.0
Pirinççi Mahallesi,Ödemiş,5.68,1.0,0.0,0.0
Poligon Mahallesi,Karabağlar,5.54,3.0,0.0,0.0
Postacılar Mahallesi,Bayraklı,0.0,0.0,0.0,0.0
Poyracık Mahallesi,Kınık,612.4,6.0,0.0,0.0
Pınarbaşı Mahallesi,Kiraz,1.7,1.0,0.0,0.0
Pınarköy Mahallesi,Bergama,2.65,1.0,0.0,0.0
Pınarlı Mahallesi,Bayındır,4.79,3.0,0.0,0.0
R.Şevket İnce Mahallesi,Bayraklı,0.0,0.0,0.0,0.0
Rafet Paşa Mahallesi,Bornova,0.0,0.0,34.87,1.0
Rahmanlar Mahallesi,Bergama,290.0,1.0,0.0,0.0
Refet Bele Mahallesi,Karabağlar,1.86,1.0,11.4,5.0
Reis Mahallesi,Karabağlar,4.38,2.0,47.32,4.0
Reisdere Mahallesi,Çeşme,18.5,2.0,0.0,0.0
Rüstem Mahallesi,Urla,4.3,1.0,0.0,0.0
Sadıkpaşa Mahallesi,Bayındır,0.0,0.0,0.0,0.0
Sahilevleri Mahallesi,Narlıdere,7.77,3.0,0.0,0.0
Saip Mahallesi,Karaburun,1.6,1.0,0.0,0.0
Saipler Mahallesi,Torbalı,780.0,2.0,0.0,0.0
Sakarya Mahallesi,Konak,14.1,6.0,0.0,0.0
Salih Omurtak Mahallesi,Karabağlar,4.8,1.0,1.14,1.0
Salihler Mahallesi,Dikili,12.55,3.0,0.0,0.0
Salimbey Mahallesi,Dikili,75.8,2.0,0.0,0.0
Salman Mahallesi,Karaburun,1.12,1.0,0.0,0.0
Samanlıkköy Mahallesi,Dikili,0.0,0.0,0.0,0.0
Samurlu Mahallesi,Aliağa,1605.0,1.0,0.0,0.0
Sancaklı Mahallesi,Menderes,4.97,2.0,1.93,1.0
Sarnıçköy Mahallesi,Bornova,0.0,0.0,0.0,0.0
Sarpıncık Mahallesi,Karaburun,1.0,1.0,0.0,0.0
Saruhanlı Mahallesi,Tire,964.0,1.0,0.0,0.0
Sarıcalar Mahallesi,Bergama,1.0,1.0,0.0,0.0
Sarıcaoğlu Mahallesi,Bergama,570.0,1.0,0.0,0.0
Sarıdere Mahallesi,Bergama,980.0,1.0,0.0,0.0
Sarıkaya Mahallesi,Kiraz,769.1,2.0,0.0,0.0
Sarılar Mahallesi,Tire,723.85,4.0,0.0,0.0
Sarısu Mahallesi,Kiraz,1.0,1.0,0.0,0.0
Sarıyer Mahallesi,Karabağlar,0.0,0.0,12.15,3.0
Sarıyurt Mahallesi,Bayındır,1.58,1.0,0.0,0.0
Sarıçalı Mahallesi,Kemalpaşa,1.84,1.0,0.0,0.0
Sasalı Merkez Mahallesi,Çiğli,0.0,0.0,0.0,0.0
Saygı Mahallesi,Konak,750.0,1.0,1.5,1.0
Saçlı Mahallesi,Kiraz,880.0,2.0,0.0,0.0
Sağancı Mahallesi,Bergama,1.4,1.0,0.0,0.0
Sağlık Mahallesi,Torbalı,1.17,1.0,0.0,0.0
Sekiköy Mahallesi,Ödemiş,3.0,1.0,0.0,0.0
Seklik Mahallesi,Bergama,990.0,1.0,0.0,0.0
Selvili Mahallesi,Karabağlar,8.1,3.0,0.0,0.0
Selçuk Mahallesi,Bergama,5.77,1.0,0.0,0.0
Serintepe Mahallesi,Bornova,6.0,1.0,0.0,0.0
Sevgi Mahallesi,Gaziemir,45.51,9.0,0.0,0.0
Seydinnasrullah Mahallesi,Menemen,0.0,0.0,19653.0,2.0
Seyhan Mahallesi,Buca,5.0,1.0,0.0,0.0
Seyrekli Mahallesi,Ödemiş,6.0,1.0,0.0,0.0
Sinancılar Mahallesi,Kemalpaşa,1194.92,3.0,0.0,0.0
Sindel Mahallesi,Bergama,830.0,1.0,0.0,0.0
Siteler Mahallesi,Güzelbahçe,65708.04,10.0,0.0,0.0
Solaklar Mahallesi,Kiraz,3.77,2.0,0.0,0.0
Somak Mahallesi,Tire,466.0,1.0,0.0,0.0
Soğukkuyu Mahallesi,Bayraklı,0.0,0.0,0.0,0.0
Soğukpınar Mahallesi,Kemalpaşa,5880.39,5.0,0.0,0.0
Subaşı Mahallesi,Torbalı,0.0,0.0,0.0,0.0
Sucahlı Mahallesi,Kınık,2.5,1.0,0.0,0.0
Sultaniye Mahallesi,Selçuk,750.0,1.0,0.0,0.0
Suludere Mahallesi,Kiraz,1.7,1.0,0.0,0.0
Suçıktı Mahallesi,Ödemiş,500.0,1.0,0.0,0.0
Söğütören Mahallesi,Bayındır,2.0,1.0,0.0,0.0
Süleyman Demirel Mahallesi,Ödemiş,24.55,5.0,0.0,0.0
Süleymanlar Mahallesi,Ödemiş,2.51,1.0,0.0,0.0
Süleymanlı Mahallesi,Bergama,380.0,1.0,0.0,0.0
Sümer Mahallesi,Konak,0.0,0.0,54.11,2.0
Sütçüler Mahallesi,Kemalpaşa,1898.59,4.0,0.0,0.0
Süvari Mahallesi,Konak,0.0,0.0,2.59,1.0
Süzbeyli Mahallesi,Menemen,0.0,0.0,0.0,0.0
Sıra Mahallesi,Urla,22.51,3.0,0.0,0.0
Sırımlı Mahallesi,Kiraz,600.0,1.0,0.0,0.0
Sığacık Mahallesi,Seferihisar,17.16,2.0,0.0,0.0
Tabaklar Mahallesi,Beydağ,296.0,1.0,0.0,0.0
Tahsin Yazıcı Mahallesi,Karabağlar,40.1,6.0,0.0,2.0
Talatpaşa Mahallesi,Bergama,0.0,0.0,55.0,2.0
Tan Mahallesi,Konak,0.0,0.0,24.41,1.0
Tavukçukuru Mahallesi,Bergama,1.45,1.0,0.0,0.0
Taşkesik Mahallesi,Torbalı,1.54,1.0,0.0,0.0
Taşlıyatak Mahallesi,Kiraz,1.4,1.0,0.0,0.0
Taştepe Mahallesi,Kınık,5.6,1.0,0.0,0.0
Tekbıçaklar Mahallesi,Kiraz,600.0,1.0,0.0,0.0
Tekeli Atatürk Mahallesi,Menderes,7.57,1.0,0.0,0.0
Tekeli Fevzi Çakmak Mahallesi,Menderes,0.0,0.0,0.0,0.0
Tekke Mahallesi,Ödemiş,3.17,1.0,0.0,0.0
Tekkedere Mahallesi,Bergama,1.7,1.0,0.0,0.0
Teleferik Mahallesi,Balçova,5835.0,3.0,0.0,0.0
Telekler Mahallesi,Menemen,0.0,0.0,0.0,0.0
Tepeboz Mahallesi,Karaburun,624.45,2.0,0.0,0.0
Tepecik Mahallesi,Seferihisar,12.44,2.0,0.0,0.0
Tepekule Mahallesi,Bayraklı,0.0,0.0,0.0,0.0
Tepeköy Mahallesi,Bergama,20.68,5.0,0.0,0.0
Tersane Mahallesi,Karşıyaka,3.55,2.0,5172.75,2.0
Terzihaliller Mahallesi,Bergama,625.0,1.0,0.0,0.0
Tiyelti Mahallesi,Bergama,790.0,1.0,0.0,0.0
Tokatbaşı Mahallesi,Bayındır,1.5,1.0,0.0,0.0
Toki Mahallesi,Tire,17.08,1.0,0.0,0.0
Topalak Mahallesi,Tire,444.0,1.0,0.0,0.0
Topallar Mahallesi,Bergama,500.0,1.0,0.0,0.0
Toparlar Mahallesi,Tire,436.0,1.0,0.0,0.0
Torasan Mahallesi,Urla,8.14,3.0,0.0,0.0
Torbalı Mahallesi,Torbalı,31.11,6.0,0.0,0.0
Torbalı Organize Sanayi Bölgesi,Torbalı,0.0,0.0,0.0,0.0
Tosunlar Mahallesi,Ödemiş,1.48,1.0,0.0,0.0
Trakya Mahallesi,Konak,0.0,0.0,25.92,2.0
Tulum Mahallesi,Torbalı,27.4,1.0,0.0,0.0
Tumbullar Mahallesi,Kiraz,800.0,1.0,0.0,0.0
Tuna Mahallesi,Karşıyaka,13.6,4.0,0.0,0.0
Turabey Mahallesi,Bergama,0.0,0.0,53.91,2.0
Turabiye Mahallesi,Seferihisar,12.0,1.0,0.0,0.0
Turan Mahallesi,Bayındır,7.99,2.0,0.0,0.0
Turgut Mahallesi,Seferihisar,5.65,1.0,0.0,0.0
Turgut Reis Mahallesi,Konak,0.0,0.0,6.5,2.0
Turgutlar Mahallesi,Menemen,0.0,0.0,0.0,0.0
Turgutlu Mahallesi,Tire,1.57,1.0,0.0,0.0
Tuzcu Mahallesi,Konak,0.0,0.0,24.41,1.0
Tuzçullu Mahallesi,Menemen,0.0,0.0,0.0,0.0
Tülbentli Mahallesi,Menemen,0.0,0.0,19653.0,2.0
Türkcedit Mahallesi,Kınık,525.62,2.0,0.0,0.0
Türkmen Mahallesi,Ödemiş,15.59,3.0,0.0,0.0
Türkmenköy Mahallesi,Torbalı,162.8,1.0,0.0,0.0
Türkyılmaz Mahallesi,Konak,0.0,0.0,24.41,1.0
Türkönü Mahallesi,Ödemiş,4.0,1.0,0.0,0.0
Tınaztepe Mahallesi,Konak,0.0,0.0,24.41,1.0
Tırazlı Mahallesi,Karabağlar,500.0,1.0,0.0,0.0
Tırmanlar Mahallesi,Bergama,1.25,1.0,0.0,0.0
Ufuk Mahallesi,Buca,6.8,2.0,0.0,0.0
Ulamış Mahallesi,Seferihisar,7.2,2.0,0.0,0.0
Ulubatlı Mahallesi,Konak,9.5,1.0,0.0,0.0
Ulucami Mahallesi,Bergama,4.0,1.0,0.0,0.0
Ulus Mahallesi,Menemen,0.0,0.0,0.0,0.0
Umurbey Mahallesi,Ödemiş,58.51,7.0,0.0,0.0
Umurcalı Mahallesi,Kiraz,1.2,1.0,0.0,0.0
Umurlu Mahallesi,Kiraz,600.0,1.0,0.0,0.0
Umut Mahallesi,Karabağlar,0.0,0.0,4.06,1.0
Uzunburun Mahallesi,Dikili,1.8,1.0,0.0,0.0
Uzundere Mahallesi,Ödemiş,7.83,2.0,0.0,0.0
Uzunhasanlar Mahallesi,Aliağa,4527.0,1.0,0.0,0.0
Uzunkuyu Mahallesi,Urla,3.71,1.0,0.0,0.0
Uzunköy Mahallesi,Kiraz,1.0,1.0,0.0,0.0
Uğur Mahallesi,Konak,0.0,0.0,54.11,2.0
Uğur Mumcu Mahallesi,Menemen,3.65,2.0,0.0,0.0
Vali Rahmi Bey Mahallesi,Buca,4.0,2.0,17.4,1.0
Vatan Mahallesi,Karabağlar,6.36,4.0,11.43,1.0
Veliler Mahallesi,Ödemiş,7.65,2.0,0.0,0.0
Vezirağa Mahallesi,Konak,0.0,0.0,0.0,0.0
Villakent Mahallesi,Menemen,0.0,0.0,0.0,0.0
Vişneli Mahallesi,Kemalpaşa,669.74,2.0,0.0,0.0
Yahşelli Mahallesi,Menemen,0.0,0.0,0.0,0.0
Yahşibey Mahallesi,Dikili,1.2,1.0,0.0,0.0
Yaka Mahallesi,Urla,690.41,4.0,0.0,0.0
Yakacık Mahallesi,Bayındır,7.44,1.0,0.0,0.0
Yakakent Mahallesi,Çiğli,5853.0,1.0,0.0,0.0
Yakaköy Mahallesi,Bornova,0.0,0.0,2.5,1.0
Yakapınar Mahallesi,Bayındır,4.32,1.0,0.0,0.0
Yalnızdam Mahallesi,Bergama,560.0,1.0,0.0,0.0
Yalnızev Mahallesi,Bergama,2.25,1.0,0.0,0.0
Yalı Mahallesi,Güzelbahçe,24654.0,36.0,0.0,0.0
Yamandere Mahallesi,Tire,568.0,1.0,0.0,0.0
Yamanlar Mahallesi,Karşıyaka,1.6,1.0,0.0,0.0
Yanıkköy Mahallesi,Menemen,0.0,0.0,0.0,0.0
Yavuz Selim Mahallesi,Konak,0.0,0.0,1.5,1.0
Yayakent Mahallesi,Kınık,6.7,4.0,0.0,0.0
Yayla Mahallesi,Menemen,826.0,1.0,0.0,0.0
Yaylacık Mahallesi,Buca,7.93,3.0,2.25,1.0
Yaylaköy Mahallesi,Kınık,4.57,1.0,0.0,0.0
Yaylayurt Mahallesi,Dikili,1.5,1.0,0.0,0.0
Yazıbaşı Mahallesi,Torbalı,26.76,1.0,0.0,0.0
Yağcılar Mahallesi,Urla,3.67,2.0,0.0,0.0
Yağlar Mahallesi,Kiraz,1.9,1.0,0.0,0.0
Yaşar Kemal Mahallesi,Karabağlar,12.33,2.0,0.0,0.0
Yedi Eylül Mahallesi,Torbalı,23.9,1.0,0.0,0.0
Yelaltı Mahallesi,Urla,1083.08,6.0,0.0,0.0
Yelki Mahallesi,Güzelbahçe,1296.96,9.0,0.0,0.0
Yemişler Mahallesi,Tire,482.0,1.0,0.0,0.0
Yemişlik Mahallesi,Torbalı,3.01,1.0,1.64,0.0
Yeni Mahalle Mahallesi,Çiğli,64442.18,16.0,0.0,0.0
Yeni Mahallesi,Kiraz,64442.18,16.0,0.0,0.0
Yenibağarası Mahallesi,Foça,0.0,0.0,0.0,0.0
Yenice Mahallesi,Dikili,8.5,4.0,0.0,0.0
Yeniceköy Mahallesi,Ödemiş,4.74,1.0,0.0,0.0
Yenidoğan Mahallesi,Konak,4.16,1.0,0.0,0.0
Yenigün Mahallesi,Buca,18.25,4.0,10.7,1.0
Yenikale Mahallesi,Narlıdere,1733.02,8.0,0.0,2.0
Yenikent Mahallesi,Bergama,62.1,6.0,0.0,0.0
Yenikurudere Mahallesi,Kemalpaşa,5.23,1.0,0.0,0.0
Yeniköy Mahallesi,Kiraz,906.75,6.0,0.0,0.0
Yeniler Mahallesi,Bergama,300.0,1.0,0.0,0.0
Yenioba Mahallesi,Tire,1.47,1.0,0.0,0.0
Yeniyurt Mahallesi,Beydağ,304.0,1.0,0.0,0.0
Yeniçiftlik Mahallesi,Tire,674.0,1.0,0.0,0.0
Yenişehir Mahallesi,Tire,7.84,3.0,0.0,0.0
Yenmiş Mahallesi,Kemalpaşa,0.0,0.0,0.0,0.0
Yerlitahtacı Mahallesi,Bergama,580.0,1.0,0.0,0.0
Yeğenli Mahallesi,Tire,1.26,1.0,0.0,0.0
Yeşil Mahallesi,Gaziemir,10.0,1.0,0.0,0.0
Yeşil Pınar Mahallesi,Menemen,0.0,0.0,0.0,0.0
Yeşilbağlar Mahallesi,Buca,13.6,5.0,0.21,0.0
Yeşildere Mahallesi,Kiraz,1.0,1.0,0.0,0.0
Yeşilköy Mahallesi,Ödemiş,991.98,4.0,0.0,0.0
Yeşilova Mahallesi,Bayındır,19.47,4.0,0.0,0.0
Yeşiltepe Mahallesi,Beydağ,211.07,2.0,0.0,0.0
Yeşilyurt Mahallesi,Kemalpaşa,1.43,1.0,0.0,0.0
Yeşilçam Mahallesi,Bornova,3.0,1.0,0.0,0.0
Yiğitler Mahallesi,Kemalpaşa,692.75,2.0,0.0,0.0
Yolüstü Mahallesi,Ödemiş,895.59,2.0,0.0,0.0
Yortanlı Mahallesi,Bergama,210.0,1.0,0.0,0.0
Yoğurtçular Mahallesi,Torbalı,1.1,1.0,0.0,0.0
Yukarı Mahalle,Kınık,440.0,1.0,525.62,2.0
Yukarı Şehitkemal Mahallesi,Aliağa,0.0,0.0,0.0,0.0
Yukarıada Mahallesi,Bergama,1.23,1.0,0.0,0.0
Yukarıaktepe Mahallesi,Beydağ,1280.0,3.0,0.0,0.0
Yukarıbey Kaplan Mahallesi,Bergama,0.0,0.0,0.0,0.0
Yukarıbey Mahallesi,Bergama,3.3,1.0,0.0,0.0
Yukarıcuma Mahallesi,Bergama,1.0,1.0,0.0,0.0
Yukarıkırıklar Mahallesi,Bergama,1.0,1.0,0.0,0.0
Yukarıkızılca Merkez Mahallesi,Kemalpaşa,0.0,0.0,0.0,0.0
Yukarıtosunlar Mahallesi,Beydağ,608.0,1.0,0.0,0.0
Yunus Emre Mahallesi,Karabağlar,27.39,4.0,0.0,0.0
Yurdoğlu Mahallesi,Karabağlar,39.6,1.0,179.04,3.0
Yusufdere Mahallesi,Ödemiş,1.91,1.0,0.0,0.0
Yusuflu Mahallesi,Bayındır,3.88,1.0,0.0,0.0
Yüksekköy Mahallesi,Aliağa,603.0,1.0,0.0,0.0
Yüzbaşı Şerafettin Mahallesi,Karabağlar,1.53,1.0,39.6,1.0
Yılanlı Mahallesi,Ödemiş,500.0,1.0,0.0,0.0
Yıldırım Beyazıt Mahallesi,Bornova,0.0,0.0,2.74,1.0
Yıldırım Mahallesi,Menemen,0.0,0.0,0.0,0.0
Yıldız Mahallesi,Buca,22.8,7.0,0.0,0.0
Yıldızlar Mahallesi,Buca,0.0,0.0,0.0,0.0
Zafer Mahallesi,Bergama,20272.83,11.0,0.0,0.0
Zafertepe Mahallesi,Konak,0.0,0.0,5.92,4.0
Zağnoz Mahallesi,Bergama,0.0,0.0,500.0,1.0
Zeamet Mahallesi,Kemalpaşa,409.0,1.0,0.0,0.0
Zeybek Mahallesi,Konak,0.0,0.0,2.99,2.0
Zeytinalanı Mahallesi,Urla,8.54,2.0,28.91,4.0
Zeytindağ Mahallesi,Bergama,16.0,2.0,0.0,0.0
Zeytineli Mahallesi,Urla,835.0,1.0,0.0,0.0
Zeytinköy Mahallesi,Selçuk,800.0,1.0,0.0,0.0
Zeytinler Mahallesi,Urla,1.03,1.0,0.0,0.0
Zeytinlik Mahallesi,Menemen,2.02,1.0,0.0,0.0
Zeytinova Mahallesi,Bayındır,5.4,1.0,0.0,0.0
Zübeyde Hanım Mahallesi,Karşıyaka,39.8,7.0,0.0,0.0
Çahabey Mahallesi,Konak,0.0,0.0,24.41,1.0
Çakabey Mahallesi,Çeşme,7.0,2.0,0.0,0.0
Çakaltepe Mahallesi,Menderes,3.17,1.0,0.0,0.0
Çakmaklı Mahallesi,Aliağa,4671.0,1.0,0.0,0.0
Çakırbeyli Mahallesi,Torbalı,6.2,1.0,0.0,0.0
Çakırlar Mahallesi,Bergama,300.0,1.0,0.0,0.0
Çaldıran Mahallesi,Buca,4.75,1.0,0.0,0.0
Çaltı Mahallesi,Kınık,3.0,1.0,0.0,0.0
Çaltıkoru Mahallesi,Bergama,220.0,1.0,0.0,0.0
Çaltılıdere Mahallesi,Aliağa,7830.0,1.0,0.0,0.0
Çalıbahçe Mahallesi,Bergama,320.0,1.0,0.0,0.0
Çalıkuşu Mahallesi,Karabağlar,5.9,3.0,3.89,2.0
Çamavlu Mahallesi,Bergama,1.67,1.0,0.0,0.0
Çambel Mahallesi,Kemalpaşa,2939.0,4.0,0.0,0.0
Çamiçi Mahallesi,Bornova,2.4,1.0,0.0,0.0
Çamkule Mahallesi,Bornova,0.0,0.0,0.0,0.0
Çamköy Mahallesi,Bergama,415.0,1.0,0.0,0.0
Çamlı Mahallesi,Güzelbahçe,5.74,1.0,0.0,0.0
Çamlıbel Mahallesi,Bayındır,800.0,1.0,0.0,0.0
Çamlıca Mahallesi,Ödemiş,742.18,2.0,0.0,0.0
Çamlık Mahallesi,Beydağ,22.02,2.0,0.0,0.0
Çamlıkule Mahallesi,Buca,9.52,5.0,0.2,0.0
Çamlıpınar Mahallesi,Buca,6.9,3.0,1.8,1.0
Çamlıçay Mahallesi,Urla,414.0,4.0,0.0,0.0
Çamoba Mahallesi,Bergama,200.0,1.0,0.0,0.0
Çamtepe Mahallesi,Seferihisar,869.94,7.0,0.0,0.0
Çamyayla Mahallesi,Ödemiş,2.2,1.0,0.0,0.0
Çamönü Mahallesi,Menderes,2.54,1.0,0.0,0.0
Çanakçı Mahallesi,Kiraz,1.98,1.0,0.0,0.0
Çandarlı Mahallesi,Dikili,19.5,3.0,0.0,0.0
Çankaya Mahallesi,Konak,4.5,1.0,0.0,0.0
Çanköy Mahallesi,Kınık,937.0,1.0,0.0,0.0
Çapak Mahallesi,Torbalı,5.72,2.0,0.0,0.0
Çatak Mahallesi,Kiraz,1.11,1.0,0.0,0.0
Çatalca Mahallesi,Menderes,3.79,1.0,0.0,0.0
Çatalkaya Mahallesi,Narlıdere,2138.74,7.0,751.55,7.0
Çavuş Mahallesi,Menemen,0.0,0.0,0.0,0.0
Çay Mahallesi,Bayraklı,0.0,0.0,0.0,0.0
Çayağzı Mahallesi,Kiraz,9.2,1.0,0.0,0.0
Çaybaşı Mahallesi,Torbalı,0.0,0.0,0.0,0.0
Çaylı Mahallesi,Ödemiş,12.3,2.0,0.0,0.0
Çayır Mahallesi,Ödemiş,2.27,1.0,0.0,0.0
Çayırlı Mahallesi,Tire,425.0,1.0,0.0,0.0
Çağdaş Mahallesi,Buca,135.79,3.0,2685.76,2.0
Çağlan Mahallesi,Dikili,555.0,1.0,0.0,0.0
Çağlayan Mahallesi,Ödemiş,60.6,2.0,0.0,0.0
Çelebi Mahallesi,Güzelbahçe,2138.17,7.0,245.67,0.0
Çeltikçi Mahallesi,Bergama,1.8,1.0,0.0,0.0
Çenikler Mahallesi,Bayındır,750.0,1.0,0.0,0.0
Çeriközü Mahallesi,Tire,663.0,1.0,0.0,0.0
Çetin Emeç Mahallesi,Balçova,16813.0,6.0,0.0,0.0
Çiftlik Mahallesi,Çeşme,911.53,4.0,0.0,0.0
Çiftlikköy Mahallesi,Beydağ,4.79,2.0,0.0,0.0
Çiftçigediği Mahallesi,Bayındır,728.0,1.0,0.0,0.0
Çile Mahallesi,Menderes,5.57,1.0,0.0,0.0
Çileme Mahallesi,Menderes,24.35,1.0,0.0,0.0
Çimentepe Mahallesi,Konak,0.0,0.0,0.0,0.0
Çiniliköy Mahallesi,Kemalpaşa,2.02,1.0,0.0,0.0
Çiniyeri Mahallesi,Tire,936.19,2.0,0.0,0.0
Çitköy Mahallesi,Bergama,1.4,1.0,600.0,1.0
Çiçek Mahallesi,Bayraklı,0.0,0.0,0.0,0.0
Çiçekli Mahallesi,Bornova,0.0,0.0,0.0,0.0
Çobanköy Mahallesi,Tire,2.0,1.0,0.0,0.0
Çobanlar Mahallesi,Bergama,791.04,3.0,0.0,0.0
Çolak İbrahim Bey Mahallesi,Seferihisar,10.0,1.0,0.0,0.0
Çomaklar Mahallesi,Beydağ,1.6,1.0,0.0,0.0
Çoraklar Mahallesi,Aliağa,658.0,1.0,0.0,0.0
Çukuralanı Mahallesi,Dikili,0.0,0.0,0.0,0.0
Çukuraltı Mahallesi,Menderes,14.62,3.0,0.0,0.0
Çukurköy Mahallesi,Tire,916.0,1.0,0.0,0.0
Çömlekçi Mahallesi,Kiraz,1.4,1.0,0.0,0.0
Çürükbağlar Mahallesi,Bergama,1.3,1.0,0.0,0.0
Çınar Mahallesi,Bayındır,902.74,4.0,0.0,0.0
Çınardibi Mahallesi,Bayındır,6.74,2.0,0.0,0.0
Çınarköy Mahallesi,Kemalpaşa,0.0,0.0,0.0,0.0
Çınarlı Mahallesi,Konak,14.0,1.0,0.0,0.0
Çınartepe Mahallesi,Konak,45.4,1.0,0.0,0.0
Çırpı Cami Mahallesi,Bayındır,0.0,0.0,0.0,0.0
Çıtak Mahallesi,Aliağa,2233.0,2.0,0.0,0.0
Öksüzler Mahallesi,Bergama,325.0,1.0,0.0,0.0
Ören 75. Yıl Cumhuriyet Mahallesi,Kemalpaşa,0.0,0.0,0.0,0.0
Ören Mahallesi,Kiraz,400.0,1.0,0.0,0.0
Örencik Mahallesi,Kiraz,702.4,2.0,0.0,0.0
Örenli Mahallesi,Bergama,1.23,1.0,0.0,0.0
Örlemiş Mahallesi,Bergama,690.0,1.0,0.0,0.0
Örnekkent Mahallesi,Aliağa,0.0,0.0,0.0,0.0
Örnekköy Mahallesi,Kemalpaşa,45.16,7.0,0.0,0.0
Örtülü Mahallesi,Kınık,2.4,2.0,0.0,0.0
Özbek Mahallesi,Urla,19.76,5.0,0.0,0.0
Özbey Mahallesi,Torbalı,70.0,1.0,0.0,0.0
Özdere Cumhuriyet Mahallesi,Menderes,15.23,1.0,0.0,0.0
Özgür Mahallesi,Karabağlar,0.0,0.0,0.0,0.0
Ülkü Mahallesi,Konak,0.0,0.0,2.59,1.0
Ümit Mahallesi,Bornova,8.0,2.0,0.0,0.0
Üniversite Mahallesi,Çeşme,754.4,3.0,0.0,0.0
Ürkütler Mahallesi,Bergama,685.0,1.0,0.0,0.0
Üzümler Mahallesi,Tire,1.68,1.0,0.0,0.0
Üzümlü Mahallesi,Ödemiş,2.43,1.0,0.0,0.0
Üç Eylül Mahallesi,Ödemiş,0.0,0.0,0.0,0.0
Üçkonak Mahallesi,Ödemiş,5.78,1.0,0.0,0.0
Üçkuyular Mahallesi,Karabağlar,5.77,3.0,19.2,7.0
Üçtepe Mahallesi,Bergama,360.0,1.0,0.0,0.0
İTOB Organize Sanayi Bölgesi,Menderes,0.0,0.0,0.0,0.0
İbni Melek Mahallesi,Tire,15.49,3.0,0.0,0.0
İbni Melek Organize Sanayi Bölgesi,Tire,0.0,0.0,0.0,0.0
İbrahimağa Mahallesi,Kınık,2.7,1.0,0.0,0.0
İbrahimçavuş Mahallesi,Bayındır,0.0,0.0,3.0,1.0
İhsan Alyanak Mahallesi,Karabağlar,0.0,0.0,0.0,0.0
İhsaniye Mahallesi,Seferihisar,15.37,3.0,0.0,0.0
İkizler Mahallesi,Bergama,350.0,1.0,0.0,0.0
İlkkurşun Mahallesi,Ödemiş,10.43,1.0,0.0,0.0
İmariye Mahallesi,Konak,0.0,0.0,4.02,1.0
İmbatlı Mahallesi,Karşıyaka,11.45,3.0,3.3,2.0
İncecikler Mahallesi,Bergama,2.0,1.0,0.0,0.0
İnciraltı Mahallesi,Balçova,11889.0,1.0,0.0,0.0
İncirli Pınar Mahallesi,Menemen,0.0,0.0,0.0,0.0
İnecik Mahallesi,Karaburun,703.03,2.0,0.0,0.0
İneşir Mahallesi,Bergama,270.0,1.0,0.0,0.0
İnkılap Mahallesi,Bergama,96.9,4.0,0.0,0.0
İnönü Mahallesi,Torbalı,103.43,16.0,0.0,0.0
İpekçiler Mahallesi,Tire,884.0,1.0,402.28,2.0
İsa Bey Mahallesi,Selçuk,0.0,0.0,0.0,0.0
İskele Mahallesi,Karaburun,77.43,5.0,0.0,0.0
İslamlar Mahallesi,Dikili,3.1,1.0,0.0,0.0
İslamsaray Mahallesi,Bergama,51.0,1.0,0.0,0.0
İsmailli Hacılar Mahallesi,Bergama,0.0,0.0,0.0,0.0
İsmailli Mahallesi,Bergama,1.4,1.0,0.0,0.0
İsmet Kaptan Mahallesi,Konak,0.0,0.0,420.44,1.0
İsmet Paşa Mahallesi,Konak,2.3,1.0,0.0,0.0
İsmet İnönü Mahallesi,Menemen,10212.57,8.0,0.0,0.0
İsmetpaşa Mahallesi,Dikili,2082.42,9.0,0.0,0.0
İstiklal Mahallesi,Torbalı,1950.2,9.0,0.0,0.0
İzkent Mahallesi,Buca,225.73,3.0,0.0,0.0
İzmir Serbest Bölgesi,Menemen,0.0,0.0,0.0,0.0
İçmeler Mahallesi,Urla,42.07,6.0,0.0,0.0
İğdeli Mahallesi,Kiraz,5.0,1.0,0.0,0.0
İğnedere Mahallesi,Menemen,0.0,0.0,0.0,0.0
Şakran Hasbi Efendi Mahallesi,Aliağa,0.0,0.0,0.0,0.0
Şakran Sayfiye Mahallesi,Aliağa,0.0,0.0,0.0,0.0
Şaşal Mahallesi,Menderes,6.92,1.0,0.0,0.0
Şehit Mehmet Mahallesi,Çeşme,3542.9,7.0,0.0,0.0
Şehit Nedim Tuğaltay Mahallesi,Konak,0.0,0.0,24.41,1.0
Şehitkemal Mahallesi,Aliağa,0.0,0.0,0.0,0.0
Şehitler Mahallesi,Torbalı,5.4,2.0,0.0,0.0
Şemikler Mahallesi,Karşıyaka,17.7,5.0,0.0,0.0
Şemsiler Mahallesi,Kiraz,1.3,1.0,0.0,0.0
Şifne Mahallesi,Çeşme,505.34,4.0,0.0,0.0
Şirince Mahallesi,Selçuk,2.33,1.0,0.0,0.0
Şirinkapı Mahallesi,Buca,737.6,2.0,219.23,2.0
Şirinkent Mahallesi,Urla,9.24,2.0,0.0,0.0
Şirinköy Mahallesi,Ödemiş,4.08,1.0,0.0,0.0
Şirintepe Mahallesi,Çiğli,3519.0,1.0,0.0,0.0
