name,ilce_adi,LST_C,NDVI_L8,NDBI_L8
1.Kadriye Mahallesi,Konak,36.06413791904058,0.0722136743966249,0.0275682047646309
100. Yıl Mahallesi,Bayraklı,39.39667974587718,0.1125914533419754,0.0131957870286356
14 Mayıs Mahallesi,Selçuk,30.88212436513795,0.2255200017802748,-0.0933418908364781
16 Eylül Mahallesi,Çeşme,32.78243250387866,0.1546319348869888,-0.0084854587828506
19 Mayıs Mahallesi,Torbalı,36.392095597637976,0.16327047876327566,-0.0336333515394122
2. İnönü Mahallesi,Narlıdere,26.407939287443533,0.2390838056672903,-0.1314809219842437
2.Kadriye Mahallesi,Konak,37.75305654383468,0.1288156923203662,-0.0049618597868416
26 Ağustos Mahallesi,Konak,35.706408956219626,0.0685799694175934,0.0313718884669775
29 Ekim Mahallesi,Menemen,34.28363526502253,0.1983471136761378,-0.04706024033616345
30 Ağustos Mahallesi,Menemen,36.50143000598111,0.113015919075739,-0.0127437005509104
4 Eylül Mahallesi,Tire,37.20715985133972,0.1221566678818142,0.0018894353610524
75. Yıl Mahallesi,Bayraklı,36.59466544329853,0.1082497932455301,-0.0071062604833614
75.Yıl Cumhuriyet Mahallesi,Menemen,33.95278231100064,0.1781106257057625,-0.0425158979125519
8 Eylül Mahallesi,Kemalpaşa,36.80993224878424,0.1911317525497786,-0.0410390565526167
85. Yıl Cumhuriyet Mahallesi,Kemalpaşa,35.570910540782165,0.2164231663820105,-0.0764095524149555
85.Yıl Cumhuriyet Mahallesi,Menemen,33.29716321170687,0.1739923525496103,-0.0384965550868258
9 Eylül Mahallesi,Menemen,36.94592057792709,0.1514223375994881,-0.0347121170906301
Abdi İpekçi Mahallesi,Karabağlar,37.29222787986854,0.084727493593556,0.0324793098418261
Acarlar Mahallesi,Selçuk,30.82933583081528,0.2266330142162134,-0.0931331432952418
Adaküre Mahallesi,Beydağ,27.723134265699144,0.2570203581851821,-0.0892622487336116
Adalet Mahallesi,Bayraklı,35.55010671496995,0.0945657959315883,-0.0017242670018501
Adatepe Mahallesi,Buca,31.16965623166641,0.2040864079753324,-0.0670899502069056
Adnan Menderes Mahallesi,Tire,37.49477782201677,0.2069227460382665,-0.0385566494398133
Adnan Süvari Mahallesi,Karabağlar,35.19864963991393,0.1181175007042623,-0.0196877774634285
Ahmet Efendi Mahallesi,Çiğli,38.90562522406004,0.1054158995750534,-0.0047971685275226
Ahmet Taner Kışlalı Mahallesi,Çiğli,36.51867985433667,0.1530274659549581,-0.0325342810189383
Ahmetbeyler Mahallesi,Bergama,35.95819070000203,0.1872328251799177,-0.0160671534520536
Ahmetbeyli Mahallesi,Menderes,29.96491108069014,0.2533101344263855,-0.0990144290814142
Ahmetler Mahallesi,Kiraz,28.89527975925245,0.2492931467918008,-0.0415264623445853
Ahmetli Mahallesi,Torbalı,30.014638369732317,0.246105120203897,-0.1002177798302805
Ahıhıdır Mahallesi,Menemen,34.9977246897069,0.2246390686433435,-0.0633456857072147
Akalan Mahallesi,Kemalpaşa,34.20516939000148,0.2113577060402984,-0.0494146041636831
Akarca Mahallesi,Seferihisar,32.251350048625895,0.1643949885595057,-0.0193304660212151
Akarcalı Mahallesi,Konak,36.63605824751539,0.0986257756937598,0.0056546104303567
Akdeniz Mahallesi,Konak,34.96496218662267,0.0593731511655791,0.0094704700799501
Akkoyunlu Mahallesi,Tire,37.69267626231572,0.2162184640650249,-0.0266387021512734
Akmescit Mahallesi,Tire,31.682704138799405,0.2064765226907318,-0.0366026321160416
Akpınar Mahallesi,Kiraz,29.839154927403943,0.2397019338347183,-0.0595481764483561
Aksoy Mahallesi,Karşıyaka,33.62647457100275,0.1030193782858706,0.0062732992067018
Aktepe Mahallesi,Beydağ,35.65132172005856,0.1476639602906816,-0.0114132246324654
Akyurt Mahallesi,Tire,29.86257951520427,0.2576320304020811,-0.1105282107290729
Akçaköy Mahallesi,Menderes,39.64178005592096,0.1905078981468967,-0.0132147930401457
Akçaşehir Mahallesi,Tire,30.910678626486643,0.246162505109592,-0.0969378962255278
Akçenger Mahallesi,Bergama,34.274997531721226,0.2215477020229758,-0.0382271492695277
Akın Simav Mahallesi,Konak,35.12058107216103,0.0765902227948701,0.0145704469424116
Akıncı Mahallesi,Konak,36.13102125488704,0.0603210263360002,0.0337630228452688
Akıncılar Mahallesi,Ödemiş,37.293001779953634,0.1141648143342602,0.004832731934650451
Alacalar Mahallesi,Bergama,35.50283124012708,0.2298741095415602,-0.0628640639600735
Alacalı Mahallesi,Tire,33.959813735220024,0.2166015136722326,-0.0370104959511647
Alakeçili Mahallesi,Beydağ,33.5136616573547,0.2566327494309027,-0.0886447666122343
Alaniçi Mahallesi,Menemen,32.07450504016667,0.2012666495209617,-0.0442782402900512
Alanköy Mahallesi,Bayındır,31.19088506066205,0.2498078904503522,-0.0804556066588146
Alankıyı Mahallesi,Bayındır,25.80199660332081,0.2791810512462574,-0.1363119633176167
Alaybey Mahallesi,Karşıyaka,35.81672589303898,0.0676562006015812,0.0322745129555635
Alaylı Mahallesi,Tire,29.410337321198668,0.2672097888590305,-0.1266399852221708
Alaçatı Mahallesi,Çeşme,34.2562347442347,0.1448352034399063,0.0207900047215768
Alaşarlı Mahallesi,Ödemiş,35.73117721066314,0.2414683342021242,-0.0671048008868948
Alhatlı Mahallesi,Bergama,31.976922872127165,0.2282404001115092,-0.0677011829850753
Ali Fuat Cebesoy Mahallesi,Karabağlar,35.85977929855808,0.0883290541839198,0.0067450090884416
Ali Fuat Erden Mahallesi,Karabağlar,34.71880586723326,0.1301487755405055,-0.0140935529397213
Ali Reis Mahallesi,Konak,34.782283840108605,0.0887007867933203,0.0245030395416336
Aliağa Organize Sanayi Bölgesi,Aliağa,36.21968929910953,0.0959677812732099,0.0116679093950554
Alibeyli Mahallesi,Bergama,38.14730924012414,0.1847315169957071,0.0048735856835292
Alpaslan Mahallesi,Bayraklı,35.902437328184966,0.080089265171484,0.0234518935836531
Alpkent Mahallesi,Torbalı,35.0285925595906,0.1090596786338569,0.0091628061639551
Alsancak Mahallesi,Konak,35.29978737148124,0.0621949882525755,0.025682701818122
Altay Mahallesi,Konak,34.51669056343914,0.1215734392198359,-0.0097687430347305
Altıevler Mahallesi,Narlıdere,33.34787442596526,0.1854813068635788,-0.0567437659024514
Altınkum Mahallesi,Çeşme,32.49812257789972,0.1541671827177261,0.0033849466100838
Altınoluk Mahallesi,Kiraz,27.8385797544846,0.2628184606133876,-0.0834477432497578
Altınordu Mahallesi,Konak,34.20058462949646,0.0921139144881664,0.0297715141431366
Altıntaş Mahallesi,Urla,34.61535163411454,0.10390287957725414,0.014406407960649303
Altıntepe Mahallesi,Menderes,36.11324712509132,0.1880278888237034,-0.039820606759335
Altınyunus Mahallesi,Çeşme,29.367679840113706,0.1617219802018199,-0.047021358006866
Anadolu Mahallesi,Konak,35.92697187655174,0.0709465805106142,0.0321066804737749
Anafartalar Mahallesi,Ödemiş,38.28089707002328,0.118650603304032,0.0138072314962042
Anbarseki Mahallesi,Karaburun,29.01164520798194,0.2581477187042596,-0.1057825769296799
Ansızca Mahallesi,Kemalpaşa,32.89945781335743,0.2161334842278896,-0.0724713158966574
Arap Hasan Mahallesi,Karabağlar,36.19298333418737,0.0666549577477479,0.0366279609024517
Ardıç Mahallesi,Çeşme,29.921811921640263,0.1944702272187678,-0.0494133237484538
Arkacılar Mahallesi,Kiraz,38.0585480781718,0.2263680710096768,-0.0269700922107663
Armağanlar Mahallesi,Bergama,35.83020020370795,0.2073952175230691,-0.0414906982667776
Armutlu Mahallesi,Tire,30.206682245822392,0.2566816530452505,-0.0787761089402815
Arpadere Mahallesi,Kınık,34.676165707461216,0.2082880470275992,-0.0257863209143852
Arpaseki Mahallesi,Kınık,34.61850599828059,0.1809513865972428,-0.0151488695816149
Arslanlar Mahallesi,Torbalı,36.46258804181824,0.2175208664380636,-0.0687488636040914
Artıcak Mahallesi,Ödemiş,25.975731480305274,0.252189608234499,-0.1110498393680836
Arıkbaşı Mahallesi,Bayındır,38.12195764897684,0.2203189890148434,-0.0685298359849876
Ata Mahallesi,Menderes,37.599907924526654,0.1663717529728991,-0.0060039049551819
Atakent Mahallesi,Karşıyaka,33.65645967912119,0.1574494499079741,-0.0471818875328911
Ataköy Mahallesi,Menderes,29.41252026228317,0.2434576340603633,-0.100130562576635
Atalan Mahallesi,Torbalı,33.956810601518214,0.243784375294493,-0.089636263746327
Atamer Mahallesi,Konak,34.0839867771357,0.1080969445738111,-0.0114990862098895
Atatürk Mahallesi,Bayındır,34.79520871330755,0.16577412322658028,-0.03372446311863984
Atatürk Organize Sanayi Bölgesi,Çiğli,39.372651464523074,0.0656855143132735,0.0160634919800442
Atatürk Plastik Organize Sanayi Bölgesi,Menemen,37.063301322593226,0.0919935143621528,0.0124309113958583
Ataşehir Mahallesi,Çiğli,37.046083048664144,0.1033056105322496,-0.0103147165567408
Atilla Mahallesi,Konak,35.43705002753054,0.0583637632333561,0.0423233656676453
Atmaca Mahallesi,Bergama,38.32021725361079,0.131887287010656,0.0182097672754517
Atçılar Mahallesi,Bergama,37.66551804635986,0.1927521757031196,-0.0065234399917603
Atıfbey Mahallesi,Gaziemir,35.0207730645851,0.1030205336003793,0.0076799721051947
Avunduk Mahallesi,Bergama,34.404590567994944,0.2112097332727139,-0.0328345415118233
Avunduruk Mahallesi,Kiraz,33.74077339921829,0.22564562648695063,-0.04876090959241415
Ayaklıkırı Mahallesi,Tire,33.554730233601305,0.2165205118976093,-0.0446475083300144
Ayaskent Mahallesi,Bergama,34.86728941956296,0.1861062398854482,-0.0206914678367247
Aydoğdu Mahallesi,Kiraz,35.41507927492478,0.1940829653388046,-0.037288541572832054
Aydın Mahallesi,Karabağlar,35.66544032752435,0.0881752799014935,0.0013675956034086
Aydınlıkevler Mahallesi,Çiğli,36.47401724362965,0.132202854063973,-0.0118068287567062
Ayrancılar Mahallesi,Torbalı,37.39628180262604,0.1614632958973458,-0.019551020776921
Ayvacık Mahallesi,Menemen,36.55074132264927,0.1881035058062147,-0.0466742758843916
Ayvatlar Mahallesi,Bergama,31.763001325764808,0.2526185698300388,-0.1065155795987118
Aziziye Mahallesi,Bergama,36.61483803400799,0.15272414895979428,-0.006857123765737268
Aşağı Mahalle,Kınık,38.58094193974238,0.1318581807049317,0.0202840857917974
Aşağı Yenmiş Mahallesi,Kemalpaşa,38.85357332913957,0.1417944981533842,0.00019468797497951303
Aşağıbey Mahallesi,Bergama,31.223001049760907,0.2500929041753827,-0.1100075957561947
Aşağıcuma Mahallesi,Bergama,36.622977217106666,0.2251858969772627,-0.0485410777289856
Aşağıkırıklar Mahallesi,Bergama,35.46458136866524,0.1548047555743051,-0.0092782677248391
Aşağıkızılca Mahallesi,Kemalpaşa,32.55222410120252,0.2435021249092603,-0.0971963575705404
Aşağıılgındere Mahallesi,Bergama,33.84950768814314,0.2197025170098272,-0.0570643635416978
Aşağışakran Mahallesi,Aliağa,35.12072237853369,0.1829963718561554,-0.02333409568712
Aşık Veysel Mahallesi,Karabağlar,37.73399438106667,0.0539893979171963,0.0194573329511159
B.Hayrettin Paşa Mahallesi,Aliağa,34.4736970830806,0.1470654179248182,-0.0091897609476975
Bademalan Mahallesi,Kınık,34.524314726273,0.2181678171255553,-0.0571782127623325
Bademler Mahallesi,Urla,32.61461103455618,0.195957922161073,-0.0420377159712084
Bademli Mahallesi,Ödemiş,31.955229995322874,0.22457586117985684,-0.06917339613278535
Bahar Mahallesi,Karabağlar,36.41569494310208,0.0751105945634482,0.0138137180807221
Bahariye Mahallesi,Tire,31.026231070680126,0.1694742389796591,-0.039140137032624145
Bahriye Üçok Mahallesi,Karabağlar,35.86743225472487,0.10657892086929649,0.0113264732186089
Bahçearası Mahallesi,Kiraz,29.57107383270372,0.2379199425331212,-0.0512106275479649
Bahçedere Mahallesi,Aliağa,41.26113081721618,0.1266723917971103,0.0319969144543906
Bahçelerarası Mahallesi,Balçova,34.507207279041914,0.1843520945488423,-0.0537228708709277
Bahçeli Mahallesi,Dikili,35.568864419831705,0.1945775369763301,-0.0280082134095164
Bahçelievler Mahallesi,Torbalı,36.797280224211136,0.12746548300593577,0.0009575755094092748
Bakırköy Mahallesi,Beydağ,32.64693740266436,0.2130056720976222,-0.0520952032918395
Balaban Mahallesi,Kınık,35.693736240274276,0.20290212258261264,-0.027679752253187452
Balabanlı Mahallesi,Ödemiş,35.13325083607343,0.2598569999487579,-0.0787904015114145
Balatçık Mahallesi,Çiğli,40.19003237361638,0.1151388978705742,-0.0073612306434724
Balcılar Mahallesi,Bayındır,26.205993394053987,0.2754918766577227,-0.1317027239284903
Ballıkuyu Mahallesi,Konak,37.10216766947796,0.0821495675590775,0.0244469870549312
Balıklıova Mahallesi,Urla,32.8301214518925,0.2115231955547492,-0.0371677691506116
Barbaros Mahallesi,Urla,36.354276416309226,0.12987774258431004,0.0018405999069795204
Barutçu Mahallesi,Selçuk,31.513986497785048,0.2379857219845252,-0.0817684345625022
Barış Mahallesi,Karabağlar,36.7761772658973,0.07467741009718876,0.02672790468893165
Basın Sitesi Mahallesi,Karabağlar,35.610262329707346,0.0893969863906519,0.0120499777849923
Bayraklı Mahallesi,Bayraklı,34.02272895769421,0.0982063024617906,-0.00530108970206
Bayramcılar Mahallesi,Bergama,35.77170919160936,0.218793746726942,-0.021359244096726
Bayramlı Mahallesi,Kemalpaşa,27.16609238329808,0.2717530829367549,-0.1224446462416551
Bayırlı Mahallesi,Ödemiş,26.34461508278117,0.2984266118139739,-0.1217652386038406
Bağalan Mahallesi,Kınık,35.287989474861696,0.2147728506793519,-0.0516085452468135
Bağcılar Mahallesi,Menemen,35.79201990021941,0.1885953356220208,-0.0347554947161283
Bağyurdu 29 Ekim Mahallesi,Kemalpaşa,25.97516611835787,0.2981269585084366,-0.1458344397432214
Bağyurdu Organize Sanayi Bölgesi,Kemalpaşa,40.48639732966133,0.1137846268812905,3.094468241880562e-05
Başaran Mahallesi,Kiraz,31.133173329034005,0.2482779178913619,-0.0376879207804949
Başköy Mahallesi,Tire,31.008424868978334,0.2317275555156695,-0.0645145803263371
Bebekler Mahallesi,Ödemiş,28.01099089934328,0.2800344496379855,-0.1333513276754799
Bekirler Mahallesi,Bergama,32.12348565074417,0.2358522039765385,-0.0695571904474733
Belen Mahallesi,Menemen,36.77137934482195,0.2078209855455114,-0.0367269614485187
Belenbaşı Mahallesi,Buca,34.22962185034556,0.2213347821518924,-0.0692005721193912
Belevi Mahallesi,Selçuk,33.31318005903639,0.2276368628213416,-0.0794382897293477
Bengiler Mahallesi,Seferihisar,31.73632664860657,0.2521376493526861,-0.0992479899590303
Bengisu Mahallesi,Ödemiş,38.14994680610066,0.1185313671082791,0.0320994910665123
Bergama Organize Sanayi Bölgesi,Bergama,38.08281313775629,0.0936822260919852,0.0363107591271365
Beyazevler Mahallesi,Gaziemir,33.94060483015035,0.1711781244022174,-0.0507656993889461
Beyazıtlar Mahallesi,Ödemiş,36.5284883164652,0.2513516862913103,-0.0598272845571055
Beyköy Mahallesi,Beydağ,28.06055103003576,0.2626866054509276,-0.0999284715045813
Beyler Mahallesi,Seferihisar,33.05819903619995,0.2083041304434941,-0.0565394562259359
Beşpınar Mahallesi,Kemalpaşa,29.653454792015225,0.2113685980885639,-0.0620095401154075
Beşyol Mahallesi,Bornova,31.270690485138896,0.1973419961581926,-0.0511949443836568
Binbaşı Reşatbey Mahallesi,Gaziemir,36.72749167766136,0.0945340402714961,0.0015588307841892
Birgi Mahallesi,Ödemiş,34.218689649444585,0.22980652845670202,-0.05202364959066625
Birlik Mahallesi,Bornova,36.627484101713854,0.0666816464597153,0.0148959497297482
Bostanlı Mahallesi,Karşıyaka,33.93940166993165,0.1025201471968005,0.0012685545660566
Boyalık Mahallesi,Çeşme,30.228009712020707,0.151444132953271,-0.0443967617402332
Boynuyoğun Mahallesi,Tire,33.15210072684548,0.2362388759989595,-0.0839893168087582
Bozalan Mahallesi,Menemen,32.290829708532165,0.2362699596563412,-0.0809608583421866
Bozcayaka Mahallesi,Ödemiş,37.880266492982365,0.2021898077465185,-0.0086086539122313
Bozdağ Mahallesi,Ödemiş,25.70470782929284,0.2249458793398262,-0.0836230213510153
Bozkurt Mahallesi,Konak,34.527739733883266,0.0762584659502591,0.0368926814511456
Bozköy Mahallesi,Bergama,33.43003880782844,0.19620007120525113,-0.058371168461239076
Bozyaka Mahallesi,Karabağlar,37.47593957133216,0.0517814635905141,0.0383674130096603
Bozyerler Mahallesi,Bergama,34.55036607187119,0.2249390771054161,-0.063346597055242
Boğaziçi Mahallesi,Konak,36.75656492093802,0.072637895420583,0.0304624994652462
Buca Koop Mahallesi,Buca,34.959730206971415,0.1132308150611099,-0.0078848284573196
Buca Organize Sanayi Bölgesi,Buca,33.49994076068567,0.0994447707399866,0.0038303270549613
Bucak Mahallesi,Ödemiş,35.68118583387994,0.2127110900546801,-0.0260619214032442
Bulgurca Mahallesi,Menderes,39.29227907713928,0.1838089990140174,-0.0159906759883224
Buruncuk Mahallesi,Bayındır,38.21672188514817,0.21297442584696247,-0.0502573949738742
Bölcek Mahallesi,Bergama,34.73610323243115,0.1856408506681869,-0.0351328969662337
Bülbüldere Mahallesi,Torbalı,36.4882329783799,0.2139805324107925,-0.0250603139762423
Bülbüller Mahallesi,Ödemiş,33.79237617793044,0.2466277419863857,-0.0842079079700476
Büyükavulcuk Mahallesi,Ödemiş,39.06445802564019,0.2302217448731952,-0.0620915839384836
Büyükkale Mahallesi,Tire,30.37918969738141,0.2530317951168281,-0.1216918742575478
Büyükkemerdere Mahallesi,Tire,27.548092924702285,0.2689286750673265,-0.0989306371701063
Büyükkömürcü Mahallesi,Tire,29.723922899587755,0.2473620089463639,-0.0797610811689079
Büyükoba Mahallesi,Kınık,35.046725916605745,0.2056610940018434,-0.0437207926909355
Bıyıklar Mahallesi,Bayındır,39.536899768427126,0.1393874528922624,0.0220498600017158
Bıçakçı Mahallesi,Ödemiş,27.129768761936123,0.282523837704246,-0.1084262123186745
Cambazlı Mahallesi,Tire,25.287357879192687,0.2741493949002158,-0.1305651810691863
Camiatik Mahallesi,Urla,32.465902568630376,0.1961432742299136,-0.0422213993072692
Camii Mahallesi,Bayındır,39.71743064955298,0.1152657685721962,0.0530470034251363
Camiikebir Mahallesi,Menemen,35.86744124777089,0.2236165169667782,-0.0685812178977964
Camikebir Mahallesi,Seferihisar,32.35064189195125,0.2130975972607561,-0.0574773463830204
Celal Bayar Mahallesi,Çeşme,31.378002953724376,0.171662857573055,-0.0236829181497296
Cengiz Topel Mahallesi,Konak,36.39629544784864,0.1377242869867281,-0.0167361041613631
Cengizhan Mahallesi,Bayraklı,35.734300320779425,0.0965990894649925,0.0137578836632194
Cennetoğlu Mahallesi,Karabağlar,37.626420654791474,0.0680157622901622,0.0262084838870349
Cennetçeşme Mahallesi,Karabağlar,36.58492599532636,0.1305322615246775,0.0053014972283924
Ceritler Mahallesi,Kiraz,35.01395490573539,0.2470481663136161,-0.0568320596970212
Cevaplı Mahallesi,Bergama,36.444951255219095,0.2004887922874241,-0.0342749611559858
Cevizalan Mahallesi,Ödemiş,33.021599824119576,0.2367029798064143,-0.019303522066703
Cevizli Mahallesi,Kiraz,30.337513342464277,0.2319003099397326,-0.0450706220516223
Cumalı Mahallesi,Kemalpaşa,32.044635859599374,0.2196137043421004,-0.073701730036218
Cumhuriyet Mahallesi,Bayındır,35.56841546509645,0.17546576693473878,-0.03808092828163566
Cüneytbey Mahallesi,Menderes,38.46106630197453,0.1246097627966468,0.0039985608256844
Dallık Mahallesi,Tire,26.69538148088044,0.2751393229782206,-0.1202466295160511
Dalyan Mahallesi,Çeşme,31.988255803941843,0.1534501788132888,-0.0174968344959216
Damlacık Mahallesi,Kemalpaşa,31.78750804741584,0.2288427424183294,-0.0732282864213215
Dayıemir Mahallesi,Konak,36.50742422969699,0.0627870737427613,0.0506003585515499
Dağdere Mahallesi,Tire,31.41700768543106,0.2185896531535686,-0.0515189093103749
Dağkızılca Mahallesi,Torbalı,32.04541597374912,0.2387601326560048,-0.090704244871021
Dağteke Mahallesi,Torbalı,32.07451348144309,0.234152567373007,-0.1008157415163729
Dağıstan Mahallesi,Bergama,33.847736604439056,0.2201547229958466,-0.0594756201642131
Dedebaşı Mahallesi,Karşıyaka,36.192798389230575,0.0734925391703772,0.0286268427981989
Deliktaş Mahallesi,Dikili,37.68253475615472,0.1831083098094792,-0.0144599286618279
Demirci Mahallesi,Torbalı,34.41994368839523,0.2186535779975559,-0.0550238904411591
Demircidere Mahallesi,Bergama,31.170124510694272,0.2428279549039767,-0.1120261121674243
Demircili Mahallesi,Ödemiş,35.444944306525045,0.20536771813922672,-0.0469265928586474
Demircilik Mahallesi,Bayındır,39.64802836828285,0.1957408967257692,-0.0287017697573839
Demirdere Mahallesi,Ödemiş,26.951886186344105,0.2285889810580417,-0.0690399459512716
Demirköprü Mahallesi,Karşıyaka,36.07010770256773,0.06494120220801,0.0265089012310213
Demirtaş Mahallesi,Dikili,38.27756079492253,0.1790142723461119,-0.0079869606675781
Denizköy Mahallesi,Dikili,35.45135092443478,0.2066709786672095,-0.044091909359445
Denizli Mahallesi,Urla,30.13462270648837,0.2099900264382821,-0.0789303785102071
Dere Mahallesi,Tire,27.294572245577022,0.2280430566539222,-0.0879435026599555
Derebaşı Mahallesi,Tire,38.6223098762349,0.2183490593761167,-0.0429868834688052
Dereköy Hacılar Mahallesi,Bergama,31.055800154136303,0.2415343738456314,-0.0704370751353166
Dereköy Mahallesi,Bergama,33.486111568647694,0.23216513987205886,-0.06372637599599655
Dereli Mahallesi,Tire,29.415418818335567,0.2387743937726163,-0.0855426217459687
Dereuzunyer Mahallesi,Ödemiş,30.953764350963343,0.2073995137950171,-0.0825690868033655
Dernekli Mahallesi,Bayındır,30.957230087633764,0.2756242006985094,-0.1278814970066127
Develi Mahallesi,Menderes,37.24504051422436,0.1788838139317265,-0.0096783136233449
Devrim Mahallesi,Karabağlar,37.1430454763136,0.1083496437535847,0.0138352087249776
Değirmencieli Mahallesi,Kınık,34.65040763495741,0.2092748455910804,-0.0538026034114709
Değirmendere Mahallesi,Menderes,32.40233087552264,0.2232057743984911,-0.07879135831555545
Dibekçi Mahallesi,Tire,28.302287344875307,0.2057081030184672,-0.0543963418340815
Dicle Mahallesi,Buca,37.16300435627525,0.0598363389446004,0.0291445151376744
Dirmil Mahallesi,Torbalı,35.4210865215923,0.2147419189662987,-0.053514492698898
Dokuz Eylül Mahallesi,Gaziemir,34.25861150178418,0.1721412761728838,-0.0310161406250729
Dokuzlar Mahallesi,Kiraz,29.99679907454907,0.2459327148747455,-0.0609411544309571
Dolaplıkuyu Mahallesi,Konak,36.34659448929892,0.0698227822659132,0.0342011522642797
Dolaylar Mahallesi,Ödemiş,30.6099584354888,0.2597567060547992,-0.0982908212349245
Donanmacı Mahallesi,Karşıyaka,34.47797572448216,0.0893304086474053,0.0095342750968254
Doyranlı Mahallesi,Tire,39.99240718134318,0.2125614583237071,-0.029075929593962
Doğa Mahallesi,Menemen,37.01255017039114,0.1976268728317714,-0.0278323020231307
Doğanay Mahallesi,Karabağlar,36.99565651282526,0.0600853075407847,0.04368949529911
Doğancı Mahallesi,Bergama,39.41223765966789,0.1722203316749919,0.0355747805847981
Doğancılar Mahallesi,Kiraz,31.38736160329203,0.2353832371797248,-0.05595437288851235
Doğanlar Mahallesi,Bornova,36.90515579592684,0.0660492475434263,0.0179085511608692
Doğançay Mahallesi,Bayraklı,34.09614402376763,0.1913968963227771,-0.0454442264634665
Duatepe Mahallesi,Tire,32.141160734471946,0.1540116700237114,-0.03286751119805245
Dumlupınar Mahallesi,Tire,33.2701028946322,0.14017329444334006,-0.006026936310062249
Durmuşlar Mahallesi,Bergama,36.315058126348056,0.1792339409356806,0.0077272330184495
Dündarlı Mahallesi,Tire,33.41193911387917,0.22842577267262046,-0.06599269387019915
Düverlik Mahallesi,Torbalı,35.80818298567819,0.2135747780837031,-0.0759788510185024
Düzce Mahallesi,Seferihisar,31.34383319429775,0.2266127938967562,-0.0661755898828589
Efeler Mahallesi,Buca,36.47881469303787,0.1077166528614291,0.0066411564769219
Efemçukuru Mahallesi,Menderes,34.28875293840067,0.2059910354787979,-0.049797011422439
Ege Mahallesi,Konak,35.93689994917161,0.0777605793158736,0.0080894384740531
Egekent Mahallesi,Çiğli,41.08818778278718,0.1363450724826709,-0.0236052642117176
Egemen Mahallesi,Kemalpaşa,31.21665464170092,0.2624450879969047,-0.1276324192222921
Egemenlik Mahallesi,Bornova,34.91302028415641,0.1125491880374196,-0.0161525620425861
Elifli Mahallesi,Bayındır,36.53350250787954,0.2528691126894389,-0.091839452350381
Elmadere Mahallesi,Kınık,34.467515039220466,0.1845616617943725,-0.0244332412123812
Emek Mahallesi,Bayraklı,36.9308608547859,0.0942437256929577,0.0117209777565605
Emenler Mahallesi,Kiraz,30.33407129421345,0.2595267869769471,-0.0484554823721212
Emir Sultan Mahallesi,Konak,36.65393976551872,0.0864293251990206,-0.0025511128530852
Emiralem Merkez Mahallesi,Menemen,34.726050187418835,0.2161810718044802,-0.0702051325810007
Emirli Mahallesi,Ödemiş,34.35381031745589,0.2400783877292046,-0.0727749690000908
Emmioğlu Mahallesi,Ödemiş,36.84490399965111,0.2335407543693128,-0.080030361030672
Emrez Mahallesi,Gaziemir,38.15776345118141,0.0796671136834081,0.017221817632406
Ergene Mahallesi,Bornova,37.96950925651308,0.1068443384759195,0.00046482272416469326
Ergenli Mahallesi,Bayındır,35.09242262147772,0.2369288144188612,-0.0762664933514059
Erikli Mahallesi,Beydağ,27.12415424151298,0.290019252452335,-0.1226357104905727
Ertuğrul Mahallesi,Ödemiş,34.96209665877724,0.16153325770562071,-0.0237812449614674
Erzene Mahallesi,Bornova,36.07799328561525,0.1993705265562084,-0.0613365876162038
Esatpaşa Mahallesi,Menemen,37.78086981054872,0.1087654147328152,-0.0048195352980043
Esenlik Mahallesi,Karabağlar,35.73806773796892,0.0489209713984691,0.0467528769862281
Esentepe Mahallesi,Dikili,38.17264742631065,0.1421942277219501,-0.005093262414159467
Esenyalı Mahallesi,Karabağlar,35.83087088641458,0.1121906276017995,0.0025803798796969
Eskioba Mahallesi,Tire,35.4006481648911,0.2265339123709315,-0.055536436454285
Etiler Mahallesi,Konak,37.54387945234488,0.0659611674763969,0.0266636359261042
Evka 3 Mahallesi,Bornova,35.994245497106164,0.1697497857477139,-0.0474091064835084
Evka 4 Mahallesi,Bornova,37.92506854512972,0.142653635142205,-0.0210465982346567
Evka-2 Mahallesi,Çiğli,39.23426570406638,0.1457540335081808,-0.020221404197196
Evka-5 Mahallesi,Çiğli,38.136625827463256,0.1323114858614132,-0.0193637648677292
Evka-6 Mahallesi,Çiğli,38.461277327942256,0.1328970540867725,-0.0221273333142303
Eğerci Mahallesi,Torbalı,36.0457366679746,0.196512494578306,-0.0594008730870889
Eğiller Mahallesi,Bergama,36.24199975548028,0.1764736399993241,0.0061553520726732
Eğitim Mahallesi,Balçova,35.94981930446068,0.0957125049182277,0.005829768155438
Eğlenhoca Mahallesi,Karaburun,30.87637298294796,0.2439939382420896,-0.083161945482953
Eğridere Mahallesi,Tire,31.102265080562727,0.23043842073658286,-0.05945675771141856
Eğrigöl Mahallesi,Bergama,33.47465513134488,0.1937436403937144,-0.0334379568303054
Fahrettin Altay Mahallesi,Karabağlar,35.88869631454139,0.1322894818684974,-0.0171965016323266
Fahrettinpaşa Mahallesi,Çeşme,31.558899381481496,0.1922588636373384,-0.0571145957069247
Faik Paşa Mahallesi,Konak,35.029259781261686,0.0876234116723232,0.0290339310943639
Fatih Mahallesi,Bergama,35.44173026864477,0.1693888640158445,-0.03503880256093997
Ferahlı Mahallesi,Konak,35.63474663049919,0.0837519695829475,0.0214921574718242
Ferizler Mahallesi,Bergama,36.31267208277698,0.1862083300502475,-0.0020798382061922
Fevzi Paşa Mahallesi,Konak,36.42394449833719,0.0802695469486467,0.0202904805837951
Fevzi Çakmak Mahallesi,Torbalı,36.78997168107461,0.15604508060099645,-0.0064143368498898
Fevzipaşa Mahallesi,Bergama,36.19873281202329,0.1764958361140691,-0.02032013270895955
Fikri Altay Mahallesi,Karşıyaka,36.76338885832176,0.0702820445458074,0.028471810165847
Fuat Edip Baksı Mahallesi,Bayraklı,35.82543295625513,0.1139034292215888,-0.001745688561964
Fırat Mahallesi,Buca,36.15826048287258,0.1018451092271684,0.0035218848546608
Fırınlı Mahallesi,Bayındır,36.40259251120111,0.2455148937718546,-0.0815140496766052
Gaybi Mahallesi,Menemen,37.8842549991514,0.1003811120451499,0.0281918722906916
Gaylan Mahallesi,Bergama,36.3514177332272,0.1933912641479395,-0.0244614491599226
Gazi Mahallesi,Menemen,36.45131656492905,0.10059557998693192,0.017728247414146935
Gazi Mustafa Kemal Mahallesi,Torbalı,35.17512681590017,0.19934308062097794,-0.04817485901126685
Gazi Osman Paşa Mahallesi,Bornova,35.9877837171243,0.0619238568911517,0.0145396033424218
Gazikent Mahallesi,Gaziemir,34.66065430069457,0.1353612458736142,-0.0243575333486589
Gaziler Mahallesi,Bayındır,34.279251623875055,0.1655174949155003,-0.026997760664216552
Gaziosmanpaşa Mahallesi,Bergama,37.02564714676032,0.103692438562729,0.0117692721773441
Gazipaşa Mahallesi,Dikili,36.54525945138494,0.13705593960795392,0.011123536579327164
Gedik Mahallesi,Kiraz,35.16662641447544,0.2277812055419351,-0.025286598886726
General Asım Gündüz Mahallesi,Karabağlar,37.05155819652275,0.0915132051275964,-0.0016195376522088
General Kazım Özalp Mahallesi,Karabağlar,36.23159024290889,0.104717002117208,-0.0027046085327581
Gereli Mahallesi,Ödemiş,36.3177065900953,0.2633040643017708,-0.0708637057246371
Germiyan Mahallesi,Çeşme,34.89506272278452,0.1875952994818036,-0.012768266176354
Gerçekli Mahallesi,Ödemiş,37.04403091785609,0.2164879174068676,-0.026508781697419
Goncalar Mahallesi,Karşıyaka,36.07279885095822,0.0650755510249512,0.0388314592094839
Göbeller Mahallesi,Bergama,32.135226376467415,0.2432214665854868,-0.0929139509459392
Gödence Mahallesi,Seferihisar,30.714723328412468,0.2417614473001647,-0.0994602219340337
Gökdere Mahallesi,Bornova,31.57660116545262,0.2101988069517223,-0.0720670147969373
Göksu Mahallesi,Buca,35.67006807386071,0.0428048267265052,0.0412520938656263
Göktepe Mahallesi,Menemen,33.45799598454565,0.2123479790510012,-0.0609465063861656
Gökyaka Mahallesi,Kemalpaşa,30.7678650880183,0.2483321941713796,-0.1017626029559234
Gökçealan Mahallesi,Selçuk,33.76606558798844,0.2419823757143449,-0.1064638605928067
Gökçeağıl Mahallesi,Dikili,35.891693764506364,0.2116151944539135,-0.0489478265869754
Gökçen Mahallesi,Tire,35.92577494055007,0.2268536457490308,-0.0717744650950489
Gökçeyurt Mahallesi,Bergama,35.61533155793205,0.2217165338694019,-0.060392778762842346
Gölcük Mahallesi,Ödemiş,31.45554590765552,0.19170045643925537,-0.05766236149083013
Gölcükler Mahallesi,Menderes,37.60425164655494,0.1697341168002415,-0.0099447708313936
Göllüce Mahallesi,Torbalı,37.76358311819305,0.2149501374020051,-0.0410508796120104
Gölova Mahallesi,Menderes,30.3863661453354,0.2437111762061173,-0.0863410789932953
Görece Cumhuriyet Mahallesi,Menderes,36.060532292699904,0.2025673520882894,-0.0435823689205833
Görece Mahallesi,Menemen,35.95877057210829,0.2155354775306814,-0.0480375124581692
Göztepe Mahallesi,Konak,34.76775256977165,0.1026098001657719,-0.0035018003579549
Göçbeyli Kaplan Mahallesi,Bergama,32.20933635771277,0.248199613393458,-0.0788384191143403
Göçbeyli Mahallesi,Bergama,36.15570263080598,0.1821861981060564,-0.0287387250942107
Gülbahçe Mahallesi,Urla,34.957149132772976,0.1966999233964557,-0.037384853075323
Gültepe Mahallesi,Bergama,32.96532901902594,0.2318575771639534,-0.0790113141155841
Gülyaka Mahallesi,Karabağlar,36.60517290942063,0.0632873699593061,0.0316011879095297
Gümüldür Atatürk Mahallesi,Menderes,29.434493494144437,0.2391925124739652,-0.1010530229415954
Gümüldür Cumhuriyet Mahallesi,Menderes,29.263136021503225,0.2612279381481445,-0.1189076776808644
Gümüldür Fevzi Çakmak Mahallesi,Menderes,30.25178460677888,0.2389788877990274,-0.0995993493488126
Gümüldür İnönü Mahallesi,Menderes,28.04815959454613,0.2525916310216329,-0.1225662124390509
Gümüşpala Mahallesi,Bayraklı,35.939494475842146,0.0776585793079169,0.016778074214882
Günaltay Mahallesi,Karabağlar,36.98906429484626,0.0755398369533281,0.0219364405071938
Günerli Mahallesi,Menemen,34.62410229099391,0.2080098288989419,-0.0481604523894414
Güney Mahallesi,Ödemiş,32.213321994162065,0.164600691513728,-0.03295380729548195
Güneş Mahallesi,Konak,36.90561594596464,0.0551417422483875,0.0471314343412697
Güneşli Mahallesi,Bergama,34.15296673062644,0.18452210707734018,-0.015461559859510266
Güngör Mahallesi,Konak,36.01983307263455,0.0671975960529037,0.0416268338950459
Günlüce Mahallesi,Ödemiş,34.06267559431717,0.2352727374701859,-0.0741853610169716
Gürpınar Mahallesi,Bornova,29.56253499028571,0.2138441972626999,-0.0955451901612214
Güven Mahallesi,Buca,36.98769060419738,0.0620361896164602,0.0549538135761485
Güvendik Mahallesi,Urla,29.79547491193226,0.2328565467443341,-0.1064268683366539
Güzelhisar Mahallesi,Aliağa,34.7372849037244,0.1821872180255949,-0.0317961632869984
Güzeltepe Mahallesi,Çiğli,39.21298033188752,0.1057690103974309,0.0172239746812372
Güzelyalı Mahallesi,Konak,36.17621579000003,0.0845395194473778,0.0212173195254877
Güzelyurt Mahallesi,Konak,37.21780304258716,0.0560572532748795,0.0671125288449813
Hacı Beşir Mahallesi,Bayındır,39.40577242047414,0.1258942759577969,0.0398428061195574
Hacı İbrahim Mahallesi,Bayındır,37.70203815604072,0.2154705853481772,-0.0303032349140853
Hacı İsa Mahallesi,Urla,31.93617266603121,0.1208814009963304,-0.0076689589918365
Hacıhamzalar Mahallesi,Bergama,33.66761711105806,0.2462928213555943,-0.0647336416406814
Hacıhasan Mahallesi,Ödemiş,29.35559668085337,0.2658833487669707,-0.0811778706375937
Hacıveli Mahallesi,Foça,37.6778767528038,0.1669951554514891,-0.0134518521443629
Hacıömerli Mahallesi,Aliağa,38.304469269795135,0.1629600495006465,0.0096673820618346
Halilağalar Mahallesi,Bergama,31.14150400076993,0.2373877317193697,-0.0737422915905563
Halilbeyli Mahallesi,Kemalpaşa,38.574139002697606,0.1806683915380313,-0.032524331614145
Haliller Mahallesi,Kiraz,34.68678823003747,0.2178362529664322,-0.0352150436591079
Halkapınar Mahallesi,Tire,32.51530406403808,0.15833748255901176,-0.0588772645126671
Halıköy Mahallesi,Beydağ,29.498663092754644,0.2540081091060515,-0.085282155990391
Hamam Mahallesi,Ödemiş,27.400237183573893,0.279826634116812,-0.096187402743668
Hamzababa Mahallesi,Kemalpaşa,26.92776492989106,0.3308717205588885,-0.152117256219059
Hamzahocalı Mahallesi,Kınık,35.36534513139238,0.195120900748629,-0.040953660501486
Hamzalısüleymaniye Mahallesi,Bergama,37.20683696817593,0.1720133678805423,-0.0085322924384333
Harmandalı Gazi Mustafa Kemal Atatürk Mahallesi,Çiğli,36.480853707499065,0.1816579641435405,-0.038126283336913
Hasan Özdemir Mahallesi,Konak,38.181998748602034,0.0872447464687829,0.0201709901102318
Hasanlar Mahallesi,Menemen,35.31000583424013,0.2306026952669068,-0.0653290893890786
Hasançavuşlar Mahallesi,Tire,34.30698913168057,0.2163130639095586,-0.0553396578885286
Hasköy Mahallesi,Bayındır,34.8913272990162,0.256635697887565,-0.1065905251506213
Hasseki Mahallesi,Karaburun,32.16584084097143,0.1956627193835703,-0.0494250224728097
Hatay Mahallesi,Bayındır,39.33148560907309,0.2058343997441412,-0.023463390997265
Hatundere Mahallesi,Menemen,36.60227570345432,0.1872197577842977,-0.0284528541462286
Havutçulu Mahallesi,Selçuk,34.3516029150172,0.2456317638569904,-0.1034313394859468
Havuzbaşı Mahallesi,Bayındır,37.187584142936245,0.2027349547781084,-0.0571037482736206
Haykıran Mahallesi,Menemen,37.63741074423248,0.2162521924241499,-0.0389318786122489
Helvacı Mahallesi,Torbalı,33.998576295360934,0.2260303783222203,-0.0819771005065051
Hilal Mahallesi,Konak,37.075209489015535,0.0967994311743295,0.0052006234508914
Hisar Mahallesi,Kiraz,35.99322615289722,0.2455870882758755,-0.0557519782666057
Hisarköy Mahallesi,Bergama,30.947137302550185,0.2422348823414914,-0.0996817989161206
Hisarlık Mahallesi,Tire,27.95910642415503,0.27360390612534913,-0.12844339266312754
Horozgediği Mahallesi,Aliağa,35.896671369852804,0.1006471497850919,-0.0073674637417338
Horzum Mahallesi,Ödemiş,29.46512852708457,0.2256673921984874,-0.0786008174325378
Hurşidiye Mahallesi,Konak,36.65752349829059,0.0556726439742458,0.056664443591065
Huzur Mahallesi,Narlıdere,32.32198161159445,0.16507429166742926,-0.05352524806416764
Hürriyet Mahallesi,Ödemiş,34.413854606358484,0.18348344387647017,-0.04857072795362475
Hıdırlık Mahallesi,Seferihisar,31.450956846057,0.2254766752600983,-0.0854859750072612
Ildır Mahallesi,Çeşme,34.263984621102075,0.1849916441475139,-0.0154539813661405
Ilgıncaber Mahallesi,Bergama,33.95630965896673,0.2297388633114427,-0.0621643584562636
Ilıca Mahallesi,Narlıdere,31.316705066907733,0.1779520731704912,-0.0595700556448342
Ilıpınar Mahallesi,Foça,34.32972098322864,0.1790793466642385,-0.0449110789104098
Irmak Mahallesi,Menemen,34.43729023295035,0.14495068207792894,-0.027642524766459002
Işık Mahallesi,Ödemiş,37.27273540193875,0.235410764049796,-0.0585321123320818
Işıklar Mahallesi,Bornova,35.66249285572609,0.16387130478215942,-0.030018393970017574
Işıklı Mahallesi,Tire,34.604310196159915,0.2343699630134727,-0.0714033756415657
Kabaağaç Mahallesi,Bayındır,30.00107491056924,0.2675974011293838,-0.1113273649178528
Kabakum Mahallesi,Dikili,36.625090278138586,0.1835060205898051,-0.0309316034256228
Kadifekale Mahallesi,Konak,34.897404024163286,0.125120228168522,-0.0169360763732037
Kadriye Mahallesi,Bergama,35.92432755106609,0.1933451555179233,-0.0131351527263241
Kadıköy Mahallesi,Bergama,34.61179338739065,0.168889206313255,-0.0110747447140816
Kadıovacık Mahallesi,Urla,33.45174579086762,0.2145018444417595,-0.0409784872475884
Kahraman Mescit Mahallesi,Konak,35.19948732167568,0.0861396588183738,0.0469994522832535
Kahramandere Mahallesi,Güzelbahçe,32.10954295608629,0.15896569632306,-0.0343271695295224
Kahramanlar Mahallesi,Konak,35.9756019780679,0.0745899604025178,0.0116512210114364
Kahrat Mahallesi,Tire,36.16483957125714,0.2294587299659617,-0.0641139171207321
Kaklıç Mahallesi,Çiğli,35.40547561351391,0.1435938378264414,-0.0198224906451723
Kalabak Mahallesi,Urla,35.091376539858516,0.17465731871025358,-0.02424046476688635
Kaleardı Mahallesi,Bergama,38.47602816227566,0.193850269632376,0.0027237783706557
Kaleköy Mahallesi,Kiraz,34.03349186026233,0.2342905830151808,-0.0624019290241733
Kalemköy Mahallesi,Kınık,33.889954037609805,0.2005636378364579,-0.0422715773172875
Kamberler Mahallesi,Kemalpaşa,28.43869409098613,0.2699177953924648,-0.1085144525007162
Kaplan Mahallesi,Tire,25.88322056248527,0.2533715029482261,-0.1098378436752495
Kaplancık Mahallesi,Torbalı,33.07428984708418,0.2300956298469864,-0.0698298435396479
Kapukaya Mahallesi,Bergama,36.467599018296326,0.19915407642396,-0.019008255588224752
Karabağ Mahallesi,Kiraz,34.865757177651545,0.2541188136035569,-0.0606265504386755
Karabağlar Mahallesi,Karabağlar,37.22553299413003,0.0562184886872006,0.0298400924793888
Karabulu Mahallesi,Kiraz,31.57599614209548,0.2270868644427826,-0.0257079294401349
Karaburç Mahallesi,Kiraz,34.36601996645749,0.2354140687111386,-0.0406529440257916
Karaca Ali Mahallesi,Tire,31.735210760974194,0.2471866396110059,-0.1051363539039021
Karacaağaç Mahallesi,Buca,34.6870931207492,0.2305045857277824,-0.0721682162026922
Karacaoğlan Mahallesi,Bornova,37.334501043666805,0.0928046941585405,-0.0001316897489697446
Karadere Mahallesi,Kınık,33.80335572391914,0.223681378539214,-0.0274184449622374
Karadoğan Mahallesi,Ödemiş,37.44657932971902,0.2315374394790348,-0.0726761657619418
Karahalilli Mahallesi,Bayındır,37.81189916684914,0.234473373921368,-0.0745095151458034
Karahayıt Mahallesi,Bayındır,33.52386321956527,0.2096893322005584,-0.054310991775211
Karahıdırlı Mahallesi,Bergama,34.58116295999946,0.211279163739905,-0.0531005904155549
Karakova Mahallesi,Ödemiş,34.32517577232216,0.2548710356321164,-0.0887751118669444
Karakuyu Mahallesi,Menderes,33.59468888363508,0.20660623060871675,-0.07001707529459344
Karakuzu Mahallesi,Aliağa,36.35974275408828,0.1953107306188629,-0.035107014197285
Karaköy Mahallesi,Aliağa,37.01861650464154,0.1637416754632228,-0.0039007343595046495
Karakızlar Mahallesi,Torbalı,34.1038217898219,0.228123368017293,-0.0783225382612385
Karalar Mahallesi,Bergama,34.503824771734195,0.2164393485443852,-0.0438767341103028
Karaman Mahallesi,Kiraz,37.01651612044056,0.2325872942114784,-0.0328320247669771
Karanfil Mahallesi,Buca,33.855275556237686,0.1488007574233165,-0.030443140594975
Karaoba Mahallesi,Beydağ,35.02603487813088,0.2346421972858345,-0.0419719105749404
Karaorman Mahallesi,Menemen,30.106726143175862,0.2288678273589419,-0.0862550678678372
Karaot Mahallesi,Torbalı,32.75506731235233,0.2259618304561259,-0.0789203961465284
Karapınar Mahallesi,Bayındır,34.5124893381527,0.2157607462210653,-0.0494653188866926
Karateke Mahallesi,Tire,37.50967865328523,0.2142262941806616,-0.0313334523670261
Karatekeli Mahallesi,Kınık,36.4189250176021,0.1548692525002273,0.0014588162279945
Karaveliler Mahallesi,Bergama,31.50492000720728,0.25009109093594845,-0.10450027618297413
Karaçam Mahallesi,Bornova,32.017035830177484,0.2134733272524921,-0.0664047873084216
Karşıyaka Mahallesi,Torbalı,36.18482624441625,0.1905354299894947,-0.0638375273281244
Kasımpaşa Mahallesi,Menderes,37.13516289174088,0.1313053403574034,-0.007135288713822251
Katrancı Mahallesi,Bergama,32.269478928916854,0.2293106346257288,-0.0650007721766069
Katıralanı Mahallesi,Dikili,36.41468469044912,0.2047090094901363,-0.0236273855886505
Kavacık Mahallesi,Karabağlar,29.513954331838395,0.2310701734554471,-0.09119979691936
Kavakdere Mahallesi,Seferihisar,31.936042626814096,0.2369736295773007,-0.0836566404555511
Kavaklıdere Mahallesi,Bornova,28.955650741778847,0.2154875395752845,-0.0916679923948559
Kayadibi Mahallesi,Bornova,32.62077996997,0.2276035597739345,-0.0658930981501123
Kayaköy Mahallesi,Ödemiş,37.13662957284672,0.2371029837409359,-0.0726722367910012
Kaymakçı Mahallesi,Ödemiş,38.24012854864621,0.2248522245079505,-0.0300126912576732
Kaynaklar Merkez Mahallesi,Buca,27.121183416966534,0.2448750792455965,-0.112498548946702
Kazanlı Mahallesi,Ödemiş,34.58318723910319,0.2712817715797636,-0.0983363182316485
Kazım Dirik Mahallesi,Foça,33.547211613656316,0.1408035262322751,-0.023151546746711202
Kazım Karabekir Mahallesi,Torbalı,37.03913824476783,0.12292266037120915,0.0007719821553790491
Kazımdirik Mahallesi,Bornova,36.49853466152736,0.1130394063481634,-0.0202431129791864
Kazımpaşa Mahallesi,Menemen,32.036498822453154,0.21016341038420316,-0.0721913494059868
Kaşıkçı Mahallesi,Bergama,36.40057746305023,0.2230350468540886,-0.0547648613413702
Keler Mahallesi,Menderes,30.321510767365883,0.210233005466857,-0.0752725046275169
Kemal Atatürk Mahallesi,Menemen,32.0270030208733,0.2199953368315186,-0.0693343722233105
Kemal Reis Mahallesi,Konak,36.44121285266128,0.0759154119872253,0.0273694405981145
Kemalpaşa Mahallesi,Menderes,34.27049042752031,0.14804486541900308,-0.032016716392116194
Kemalpaşa Organize Sanayi Bölgesi,Kemalpaşa,39.24239963952534,0.0919516161829199,0.0181668998500357
Kemenler Mahallesi,Ödemiş,34.80362240784611,0.2072795793950868,-0.0404890321793134
Kemer Mahallesi,Ödemiş,27.350318002452727,0.2658012899927588,-0.0908216228333647
Kerpiçlik Mahallesi,Ödemiş,30.616277143036463,0.2633970233401739,-0.1019870141773474
Kesik Mahallesi,Menemen,33.59335618656718,0.2030895590905427,-0.0570931558695503
Kestelli Mahallesi,Konak,36.72076186508257,0.0763262791277946,0.0476149442580414
Ketenci Mahallesi,Tire,37.00822605750719,0.135982132477525,0.0171997339857898
Kibar Mahallesi,Kiraz,34.11726835231498,0.14447204542014538,0.00475493090092715
Kireli Mahallesi,Tire,36.03065971378175,0.2357168132718454,-0.073860114343791
Koca Mehmetler Mahallesi,Foça,37.75022552848196,0.1893368931797411,-0.0365616998475713
Kocaaliler Mahallesi,Tire,36.9423652132823,0.2010635413989304,-0.0170625587756334
Kocahaliller Mahallesi,Bergama,34.14077645843922,0.2511758320338382,-0.0576694837663013
Kocakapı Mahallesi,Konak,36.47572751366189,0.0894878512199948,0.0107867405596448
Kocaköy Mahallesi,Bergama,34.1914178389242,0.2202907239972245,-0.0568941452815015
Kocaoba Mahallesi,Dikili,37.052340373627246,0.186692660219327,-0.0056974894989901
Kocatepe Mahallesi,Konak,35.428722279592655,0.05403080113236,0.0390599247746722
Kocaömerli Mahallesi,Kınık,34.495589032770425,0.2028955687979389,-0.0511114454044716
Kodukburun Mahallesi,Kınık,33.65490097072386,0.2214740255648929,-0.0621525744182266
Konak Mahallesi,Konak,35.698531505747745,0.0867971526084696,0.0174704565950954
Konaklı Mahallesi,Ödemiş,33.944121210674794,0.2578895863033152,-0.094181626390547
Korutürk Mahallesi,Balçova,35.13326787671096,0.1336711482552753,-0.0248816947284178
Kosova Mahallesi,Konak,37.70561241861402,0.0990272336724737,0.0159337950546229
Koyuneli Mahallesi,Bergama,34.58727154359778,0.2158360648139898,-0.0488008775022917
Kozağaç Mahallesi,Buca,35.604816147957585,0.0795099878176066,0.0131691676531068
Kozbeyli Mahallesi,Foça,34.15775293239407,0.1858283117315388,-0.0491351136121221
Kozluca Mahallesi,Bergama,35.784602833261346,0.221741439516929,-0.0683640348834573
Koşukavak Mahallesi,Bornova,35.821271366953795,0.0524611880581813,0.0205100842704549
Kubilay Mahallesi,Konak,34.5913842319346,0.0963221140889856,0.0192658888781132
Kurfallı Mahallesi,Bergama,34.706996794555856,0.1870476718781209,-0.0367917685767527
Kurt Mahallesi,Bayındır,39.112426173013226,0.1193491527416459,0.0421989398021174
Kurtuluş Mahallesi,Bergama,36.71067168011107,0.13164115669072451,0.012239219569452276
Kurucuova Mahallesi,Ödemiş,39.06047520576906,0.2284913831402135,-0.0296205871291844
Kurudere Mahallesi,Beydağ,32.12354521012569,0.23752224641737513,-0.0682396449415532
Kuruçeşme Mahallesi,Buca,33.71965189097419,0.0905327155702839,0.0142861710114848
Kurşak Mahallesi,Tire,34.44101234308939,0.2278719173154093,-0.0558285320020278
Kutlubeyler Mahallesi,Ödemiş,32.681344025546814,0.2459655598767735,-0.047584305482435
Kuvvetli Mahallesi,Ödemiş,37.46170411261795,0.2366804204707548,-0.0811418730865541
Kuyucak Mahallesi,Kemalpaşa,31.49810422484849,0.22370228685184362,-0.07847092410526754
Kuşçuburun Mahallesi,Torbalı,35.820345811292746,0.2029635346908108,-0.0436523403027958
Kuşçular Mahallesi,Urla,31.56988350647325,0.2229643239233282,-0.0683497016130095
Köfündere Mahallesi,Ödemiş,38.6346628352892,0.2043199826682243,0.0046638466993369
Körfez Mahallesi,Bayraklı,36.91660531598015,0.1727349900970493,-0.0283720399479005
Kösedere Mahallesi,Karaburun,30.716723182238017,0.2493820766302034,-0.0631315449751686
Köseler Mahallesi,Ödemiş,33.73062546877192,0.23619636209326833,-0.06254181068216065
Köyiçi Mahallesi,Çiğli,37.08189501290542,0.1327202256717612,-0.0089174244086194
Kültür Mahallesi,Konak,36.29606931687721,0.1213459386368933,-0.00338423507141465
Küner Mahallesi,Menderes,34.84900034973757,0.2158579652441145,-0.057817314341381
Kürdüllü Mahallesi,Tire,33.70201644043109,0.2523812462919011,-0.0911913051486321
Küre Mahallesi,Ödemiş,28.39853598800085,0.2712286601497614,-0.0956377702293746
Küçük Çiğli Mahallesi,Çiğli,39.17970379827708,0.0620502980118308,0.0207139362258544
Küçükada Mahallesi,Konak,35.87899028193976,0.117433610824862,-0.0157920106949856
Küçükavulcuk Mahallesi,Ödemiş,38.70126558777351,0.2207612195890465,-0.0331676749127517
Küçükbahçe Mahallesi,Karaburun,33.024373541233665,0.2105318144360515,-0.0512484189116709
Küçükburun Mahallesi,Tire,33.08617416089742,0.2288071307015375,-0.0665200465048269
Küçükkale Mahallesi,Tire,29.807116284704957,0.2422864077300888,-0.1164594127742572
Küçükkaya Mahallesi,Güzelbahçe,29.164505930542862,0.2132050804279619,-0.0678614620372126
Küçükkemerdere Mahallesi,Tire,28.43717306782658,0.2551156436289229,-0.0884743135485115
Küçükkömürcü Mahallesi,Tire,30.761869997936213,0.2392516298560217,-0.0641640183589439
Küçükören Mahallesi,Ödemiş,27.98329505441018,0.2597760374732636,-0.0753723560390179
Kılıç Reis Mahallesi,Konak,36.30865661458756,0.0563912525907968,0.0454394301440814
Kınık Organize Sanayi Bölgesi,Kınık,39.39430559729158,0.1076340564474684,0.0375430994220491
Kır Mahallesi,Menemen,29.718507762228526,0.2354746405701282,-0.1022123725470543
Kıranlı Mahallesi,Bergama,30.59312615531096,0.237414877519257,-0.0499498200395668
Kıratlı Mahallesi,Dikili,36.04119924746255,0.198561011212067,-0.0406307565589928
Kırbaş Mahallesi,Torbalı,33.94032920285352,0.2145377153529457,-0.063015326158704
Kırcalar Mahallesi,Bergama,34.88172799069023,0.2113534983717912,-0.0347899496379825
Kırklar Mahallesi,Buca,29.76733219962963,0.2256951333770205,-0.0733206649474437
Kırköy Mahallesi,Kiraz,36.76219728935089,0.2306816807914958,-0.0318130034806319
Kıroba Mahallesi,Dikili,39.88116742787539,0.1795843904640034,0.0104532822734308
Kırtepe Mahallesi,Tire,35.163290805503124,0.2324082421303007,-0.0658395218165975
Kısık Mahallesi,Menderes,35.26884166259313,0.1980712288864556,-0.045423712784058
Kızılay Mahallesi,Bornova,38.59893392737956,0.1378841478956108,-0.0162903185596174
Kızılca Mahallesi,Ödemiş,29.75179104640765,0.2581229153482679,-0.09481937770608
Kızılcaavlu Mahallesi,Ödemiş,36.45745880418716,0.2461347510104352,-0.0645063913548252
Kızılcaağaç Mahallesi,Bayındır,30.10914923463758,0.2652713507098992,-0.1166968263893893
Kızılcahavlu Mahallesi,Tire,35.03132779961945,0.2361411684768719,-0.07727686175879
Kızılcaova Mahallesi,Bayındır,37.52028233552984,0.2333930957630677,-0.0865292474299
Kızılkeçili Mahallesi,Bayındır,28.87072427110496,0.2798654381021646,-0.1172867202952598
Kızıloba Mahallesi,Bayındır,27.532558702459923,0.3057037662791202,-0.1482526691519526
Kızıltepe Mahallesi,Bergama,36.77158810413704,0.1905672988174206,-0.0213613852937854
Kızılçukur Mahallesi,Dikili,40.48348257041496,0.1657556112953639,0.0155819399362948
Kızılüzüm Mahallesi,Kemalpaşa,27.996510267668288,0.2459793540619509,-0.1221058782785862
Kışla Mahallesi,Ödemiş,40.25963608513145,0.2004435864863614,0.0026737593439807
Laka Mahallesi,Bornova,38.66584558094784,0.1636019383301596,-0.0019430088850679
Lale Mahallesi,Konak,35.73017961719102,0.105645102165815,0.00018498264530905105
Laleli Mahallesi,Buca,35.60213764249272,0.0553715432644935,0.0425786587945616
Latife Hanım Mahallesi,Karşıyaka,35.81873817566466,0.1780653918773577,-0.0388256821331948
Levent Mahallesi,Konak,35.73212379523657,0.0685765233619426,0.0305090265778005
Limanreis Mahallesi,Narlıdere,28.298152276304258,0.2308184583994713,-0.1103603138355182
Limontepe Mahallesi,Karabağlar,35.669391049180284,0.1255290229372684,-0.0074749517124186
Lütuflar Mahallesi,Bayındır,32.72358215648712,0.2356081510935899,-0.07597154857567
M.Fevzi Çakmak Mahallesi,Urla,30.754220543057464,0.1737179143997652,-0.0478377069188239
Mahmudiye Mahallesi,Bergama,37.0089395268219,0.2042046420268836,-0.0182663096720405
Mahmutlar Mahallesi,Tire,35.74073690568389,0.2349959161793847,-0.0756301977677102
Maliyeciler Mahallesi,Karabağlar,36.49092501531046,0.1103976987201732,-0.0020335839089127
Maltepe Mahallesi,Bergama,34.66907278568309,0.12534612800815445,-0.0119056941662613
Manavkuyu Mahallesi,Bayraklı,35.03790203543698,0.1258006537618544,-0.0273816133076386
Mansuroğlu Mahallesi,Bayraklı,35.67837959837603,0.1080840764665343,-0.0144021443773004
Mareşal Fevzi Çakmak Mahallesi,Foça,36.8022126663352,0.2095244833739749,-0.0528900660843402
Maruflar Mahallesi,Bergama,34.7960107724798,0.2066162377797087,-0.0475429497534681
Mavidere Mahallesi,Kiraz,29.279986789385116,0.2104778360857727,-0.0170694883021587
Mavişehir Mahallesi,Karşıyaka,34.65871718661677,0.1186875084112372,-0.0225711389902149
Mazılı Mahallesi,Dikili,34.85762229145502,0.2356112292565708,-0.0644024122258939
Mecidiye Mahallesi,Konak,34.937306238153866,0.0870600987639692,0.0371188128669547
Mehmet Akif Ersoy Mahallesi,Kemalpaşa,34.91590888791003,0.2163367303537554,-0.0557172009773223
Mehmet Akif Mahallesi,Konak,35.034927055305005,0.0787845225730655,0.0187726564144286
Mehmet Ali Akman Mahallesi,Konak,35.12891889836007,0.1410041948451976,-0.0392429262545324
Mehmetler Mahallesi,Tire,31.13384799799641,0.2291515346980746,-0.096261847162977
Mehtap Mahallesi,Konak,35.59011089804648,0.0817295083194523,0.020851150707193
Mektep Mahallesi,Bayındır,38.82219838111944,0.2082907371063294,-0.0773614798147343
Menderes Mahallesi,Beydağ,35.86135623167901,0.1423577999210131,-0.0018808606849159669
Merdivenli Mahallesi,Dikili,34.77919826179293,0.2165610694006286,-0.0454219928549387
Meriç Mahallesi,Bornova,36.08129667257518,0.1192251047670153,-0.0105318443238611
Merkez Mahallesi,Karaburun,32.88930113319446,0.1784165003654543,-0.0415987076434797
Mermerli Mahallesi,Menemen,36.5209738696599,0.2067799934630264,-0.0551455128718547
Mersin Alanı Mahallesi,Seferihisar,30.149371485853585,0.248024749795147,-0.1072029846965388
Mersinli Mahallesi,Konak,37.18052921245796,0.0769633319867795,-0.0025964842862929
Mersinlidere Mahallesi,Kiraz,31.506722082151644,0.1995255744079828,-0.0141345618611586
Mescitli Mahallesi,Ödemiş,35.187742672355455,0.2498665275924644,-0.0787225324847543
Metin Oktay Mahallesi,Karabağlar,36.69702319453955,0.0858402651251835,0.0144379496124011
Mevlana Mahallesi,Bornova,36.2476844556466,0.0887410595821416,0.0020078314865578
Meşrutiyet Mahallesi,Ödemiş,40.04843466819575,0.1046873767902322,0.0422137985585084
Millet Mahallesi,Konak,36.17797320611083,0.0755501363745266,0.0252213181531675
Mimar Sinan Mahallesi,Ödemiş,36.94405316942394,0.1279584773346345,-0.0035169855707751336
Mirali Mahallesi,Konak,35.424146756734714,0.0851597578904661,0.0318299676302203
Mithatpaşa Mahallesi,Menderes,37.186133928418236,0.1151901995429576,0.010822408079219232
Mordoğan Mahallesi,Karaburun,32.13305176418645,0.2154652431887892,-0.0562184625832389
Muammer Akar Mahallesi,Karabağlar,35.813429701568936,0.1765561870881997,-0.0379308217123189
Muhittin Erener Mahallesi,Bayraklı,36.080648921775065,0.0643433576111158,0.0260369050247316
Murat Mahallesi,Konak,36.23725834926695,0.0843992685431211,0.0191564911478196
Murat Reis Mahallesi,Konak,35.96380831285918,0.0680589704323962,0.0266682724003585
Muratbey Mahallesi,Torbalı,34.90285669392791,0.187113555452192,-0.0629386842891328
Murathan Mahallesi,Buca,34.79053158623569,0.128690817416565,-0.0054367139228427
Muratlar Mahallesi,Bergama,33.21388895177315,0.2461446164641263,-0.0863198234372538
Mursallı Mahallesi,Ödemiş,35.26487496753593,0.2241114760197759,-0.0546385898757441
Musabey Mahallesi,Menemen,34.068034246134886,0.2367552551310978,-0.081822960044839
Musacalı Mahallesi,Kınık,35.754753355787535,0.1880638789549431,-0.0316922520743018
Musalar Mahallesi,Tire,31.266144538337294,0.220697087338772,-0.054634826601665
Musalla Mahallesi,Çeşme,33.88128997934066,0.1598273021646568,-0.0062579453221788
Mustafa Kemal Atatürk Mahallesi,Foça,35.68731680672323,0.19288714945124005,-0.0494730950793184
Mustafa Kemal Mahallesi,Buca,37.45515677957634,0.12161714391233419,0.005765851955295999
Mustafa Kemal Paşa Mahallesi,Güzelbahçe,31.703392154139863,0.1406008077141139,-0.0144721628095754
Mutaflar Mahallesi,Beydağ,31.12328241960769,0.2234530466315831,-0.0489871695469751
Mıstıklar Mahallesi,Kınık,33.34938294928416,0.2250694278551337,-0.063349251736843
Naime Mahallesi,Torbalı,33.771004756525755,0.2561674290115991,-0.1051550191509024
Naipli Mahallesi,Urla,31.874658370957327,0.2048741064595528,-0.0493570850827724
Naldöken Mahallesi,Bornova,34.73069165909328,0.1717468381785594,-0.0455269071803313
Namazgah Mahallesi,Konak,36.0817967700525,0.1565222667071132,-0.0211517342772976
Namık Kemal Mahallesi,Konak,33.367825563341235,0.1338320766624651,-0.0241839081471117
Narlı Mahallesi,Narlıdere,30.51408507638357,0.2350233555023185,-0.1117734232997754
Narlıca Mahallesi,Bergama,36.94218285627961,0.2170960759080002,-0.0508562699929761
Nazarköy Mahallesi,Kemalpaşa,28.72145633731408,0.2522368026366018,-0.1141326746253676
Nebiler Mahallesi,Dikili,38.89590248609241,0.1923032907050283,-0.013616375828837
Necat Hepkon Mahallesi,Seferihisar,34.21609657753151,0.1131576729351688,0.0314187020085866
Necati Uza Mahallesi,Bayındır,39.24964005183103,0.1887647228154039,-0.0606209537090841
Nergiz Mahallesi,Karşıyaka,35.67849684503826,0.0759320029929394,0.0317272334732974
Nohutalan Mahallesi,Urla,31.391235611527225,0.2369622131616834,-0.0777326293137264
Ocaklı Mahallesi,Ödemiş,38.54458633495416,0.2350159831568262,-0.0540378636854598
Odunkapı Mahallesi,Konak,34.5852405215666,0.0872057260405612,0.0344586706113595
Okçular Mahallesi,Bergama,30.95447260714209,0.2331455096457418,-0.0932045988057485
Olgunlar Mahallesi,Kiraz,32.104915315561655,0.1814651760143198,0.0153695979653627
Onur Mahallesi,Balçova,37.133826294623006,0.09457836893046985,0.0210730020147169
Org.Nafiz Gürman Mahallesi,Bayraklı,36.34862681579272,0.1317082740650904,0.0003713148253624587
Orhangazi Mahallesi,Ödemiş,37.37895377331382,0.1848146694310882,-0.0028975558045461
Orhanlı Mahallesi,Seferihisar,32.3123357239652,0.2278029551566543,-0.070618910407359
Ormanköy Mahallesi,Torbalı,34.19211879037182,0.2309431110383311,-0.0846364187568636
Orta Mahalle,Bayındır,39.40736379414426,0.1452620210861877,0.0244052113561146
Orta Mahallesi,Menderes,29.820963971531743,0.2185388012203445,-0.09433662115166
Ortaköy Mahallesi,Ödemiş,35.30393711976672,0.21445292715299766,-0.056634251504763665
Oruşlar Mahallesi,Bergama,32.978969198506604,0.2287499300492959,-0.0407013148371532
Osman Aksüner Mahallesi,Karabağlar,37.795558709315394,0.0769918069666231,0.0095979379570674
Osmancık Mahallesi,Tire,28.33517268324318,0.2517109723773342,-0.0933944971329271
Osmangazi Mahallesi,Bayraklı,36.99059158465048,0.1055687093214011,-0.0068143778303046
Osmaniye Mahallesi,Kınık,35.39603508405848,0.1878332629656866,-0.0356374880554996
Osmanlar Mahallesi,Bayındır,30.41850799826948,0.2813078348550259,-0.1205180539077458
Ovacık Mahallesi,Ödemiş,30.218384707277973,0.23771486694742036,-0.07347742706591637
Ovakent Mahallesi,Ödemiş,33.51293330274486,0.2583193473983423,-0.0956549525329323
Oğlananası Atatürk Mahallesi,Menderes,36.95706498753653,0.1890399295823168,-0.0287212963162669
Oğlananası Cumhuriyet Mahallesi,Menderes,37.17155029832911,0.2084077053327028,-0.0421207489421489
Oğuzlar Mahallesi,Ödemiş,34.13046593540094,0.16771770728999094,-0.0474429777448021
Palamutçuk Mahallesi,Beydağ,27.70580028316066,0.2509608034578476,-0.0993556365787043
Pamukyazı Mahallesi,Torbalı,35.22019304484918,0.2129679466449571,-0.0711197242644421
Pancar Mahallesi,Torbalı,33.58498246303876,0.1887944942500662,-0.0158621142417789
Parlak Mahallesi,Karaburun,33.06928015134629,0.1864864176545525,-0.0314249477591697
Payamlı Mahallesi,Seferihisar,29.948542796263702,0.24298575528761773,-0.1010202003443762
Pazaryeri Mahallesi,Konak,34.1030553961348,0.0935370229426761,0.0232403696478445
Paşa Mahallesi,Tire,33.39680281514691,0.1866300225202916,-0.0461572607746051
Paşaköy Mahallesi,Bergama,35.271252582909284,0.157755897124954,-0.0107187622697181
Peker Mahallesi,Karabağlar,37.96585200412333,0.0998199767839844,0.0158838406549465
Peşrefli Mahallesi,Tire,35.31967204922334,0.225687356938152,-0.0652506434869528
Pireveliler Mahallesi,Bergama,35.464695598627635,0.2334907000810911,-0.0507899840864458
Piri Reis Mahallesi,Konak,36.57977558676884,0.0690941595003658,0.0307719318625853
Pirinççi Mahallesi,Ödemiş,32.06051747938449,0.2404395812692802,-0.0854504321675147
Poligon Mahallesi,Karabağlar,34.43133827426384,0.2030963843565072,-0.0702486295036736
Postacılar Mahallesi,Bayraklı,37.54236264450462,0.1080417222999545,0.0064676426526684
Poyracık Mahallesi,Kınık,34.570532637143934,0.1965733576189773,-0.0419124086155949
Pınarbaşı Mahallesi,Kiraz,29.178312237307097,0.264101773454967,-0.073939990848577
Pınarköy Mahallesi,Bergama,35.7455368539458,0.2193292842714384,-0.0456994870422666
Pınarlı Mahallesi,Bayındır,36.71443078278367,0.2169686813885253,-0.0481875125416205
R.Şevket İnce Mahallesi,Bayraklı,37.486968169334425,0.0827718628876677,0.0150272592828826
Rafet Paşa Mahallesi,Bornova,36.212961006949904,0.057572938484668,0.0164184488156122
Rahmanlar Mahallesi,Bergama,38.3034900493572,0.1913904766638933,-0.0015615925143881
Refet Bele Mahallesi,Karabağlar,36.39284917011327,0.0796856915159594,0.0184076975920245
Reis Mahallesi,Karabağlar,37.08278916262254,0.0667409761509378,0.0407097319790762
Reisdere Mahallesi,Çeşme,33.33333723196961,0.1007592066883512,0.0102878569914796
Rüstem Mahallesi,Urla,33.577816116715134,0.1981510932738064,-0.0314973115140036
Sadıkpaşa Mahallesi,Bayındır,35.3069258707818,0.2538306163294703,-0.1075550840286195
Sahilevleri Mahallesi,Narlıdere,33.5011287855768,0.2164342926907758,-0.0772251373590413
Saip Mahallesi,Karaburun,31.36316682921832,0.2165014278881921,-0.0639132820560504
Saipler Mahallesi,Torbalı,35.94775997359176,0.210071815238384,-0.0547979515143418
Sakarya Mahallesi,Konak,33.75234118134152,0.12010259830173835,0.002889493099935702
Salih Omurtak Mahallesi,Karabağlar,35.413059417416406,0.1305222406873251,-0.0151420898671039
Salihler Mahallesi,Dikili,36.69171121494895,0.1867138200739683,-0.0237551838533151
Salimbey Mahallesi,Dikili,35.38670194926415,0.166399307414455,-0.0011586361989647
Salman Mahallesi,Karaburun,33.94452896953943,0.1688445119044302,-0.0182193865890129
Samanlıkköy Mahallesi,Dikili,34.292763822404275,0.2239750635010808,-0.0551865796645602
Samurlu Mahallesi,Aliağa,36.11927189843219,0.1622074226287403,-0.0269169757118289
Sancaklı Mahallesi,Menderes,33.76476098029078,0.21493953155729867,-0.057538043983919804
Sarnıçköy Mahallesi,Bornova,33.4116279967663,0.201948449973718,-0.0332053344559158
Sarpıncık Mahallesi,Karaburun,33.30090931024211,0.1838352281141021,-0.0369123674590386
Saruhanlı Mahallesi,Tire,32.9879927749504,0.254194611328181,-0.08313098053896
Sarıcalar Mahallesi,Bergama,37.392970085182846,0.2027676512820257,-0.0439104246734523
Sarıcaoğlu Mahallesi,Bergama,32.68136989502425,0.2404852135811526,-0.0670331044231714
Sarıdere Mahallesi,Bergama,32.79193955329907,0.2023486443734541,-0.05520499929306
Sarıkaya Mahallesi,Kiraz,34.14206888856714,0.22401843245379005,-0.0502807664972629
Sarılar Mahallesi,Tire,29.79842622076852,0.2531533870300877,-0.09557838005284296
Sarısu Mahallesi,Kiraz,26.76896033777041,0.3023390739213099,-0.0968412592010332
Sarıyer Mahallesi,Karabağlar,37.89947157224301,0.0584843148453384,0.0405762158120822
Sarıyurt Mahallesi,Bayındır,26.35047596202117,0.2834587697573439,-0.137086555803766
Sarıçalı Mahallesi,Kemalpaşa,37.15716115624414,0.2052259836705261,-0.0485036464040491
Sasalı Merkez Mahallesi,Çiğli,27.382631890443005,0.00069068492978802,-0.0272254054688966
Saygı Mahallesi,Konak,35.697403727512985,0.0742109911956281,0.0238697918747767
Saçlı Mahallesi,Kiraz,33.52407238850907,0.2698297477816169,-0.0771193991236602
Sağancı Mahallesi,Bergama,37.60631045664957,0.1756478504334498,-0.0092144983751972
Sağlık Mahallesi,Torbalı,33.29860915142516,0.2181424208984572,-0.0677644359153864
Sekiköy Mahallesi,Ödemiş,36.769542964099344,0.2460124223980564,-0.0772312482912301
Seklik Mahallesi,Bergama,39.83995515202368,0.1794237146473229,0.0150554430424886
Selvili Mahallesi,Karabağlar,36.97103798918136,0.0754778360018017,0.0273989722294499
Selçuk Mahallesi,Bergama,37.05574595857655,0.1476452045075507,-0.00290709763339425
Serintepe Mahallesi,Bornova,35.66822854951375,0.0863035123642146,0.0056197762951856
Sevgi Mahallesi,Gaziemir,35.914784324361705,0.13126778357277785,-0.0048902653201095495
Seydinnasrullah Mahallesi,Menemen,37.02027721601981,0.1105507678226276,0.0257594167574142
Seyhan Mahallesi,Buca,37.29720505960735,0.036694088617077,0.0334266721242511
Seyrekli Mahallesi,Ödemiş,35.985609660214,0.2607686710707267,-0.1092643709762062
Sinancılar Mahallesi,Kemalpaşa,29.94555001842761,0.2750583829640464,-0.1286984229039895
Sindel Mahallesi,Bergama,34.654902082625284,0.2308720332893483,-0.0749374481811253
Siteler Mahallesi,Güzelbahçe,33.34989705507441,0.151526241957435,-0.03957880423451645
Solaklar Mahallesi,Kiraz,34.30873188811188,0.18519273016343,0.0078212495130842
Somak Mahallesi,Tire,34.49256422720845,0.2402992740279665,-0.0776057823588042
Soğukkuyu Mahallesi,Bayraklı,35.87386143114345,0.1420044173141937,-0.0374443174073399
Soğukpınar Mahallesi,Kemalpaşa,30.820485964264712,0.2556909219376308,-0.1095910018922588
Subaşı Mahallesi,Torbalı,35.59058822559993,0.1894543977457894,-0.0560553161713458
Sucahlı Mahallesi,Kınık,35.65352490976398,0.2024914796977634,-0.0425078237027122
Sultaniye Mahallesi,Selçuk,31.877837581270768,0.237692026706174,-0.0879175274301287
Suludere Mahallesi,Kiraz,34.612762739213736,0.252588443065343,-0.0723261011550455
Suçıktı Mahallesi,Ödemiş,30.028669890646345,0.2539458332913681,-0.0890397479947527
Söğütören Mahallesi,Bayındır,33.45780481803184,0.2408066085547475,-0.0902445318436154
Süleyman Demirel Mahallesi,Ödemiş,39.40699399497648,0.1468996195310357,-0.0083552597471396
Süleymanlar Mahallesi,Ödemiş,30.727629327425127,0.2348739861280667,-0.0609847712021606
Süleymanlı Mahallesi,Bergama,36.706861603901324,0.19910975256262436,-0.04044568106597545
Sümer Mahallesi,Konak,34.5033065917143,0.1071046033430667,0.0079205395668626
Sütçüler Mahallesi,Kemalpaşa,33.375684441347,0.2125764726645814,-0.0532667191327903
Süvari Mahallesi,Konak,34.91252710173773,0.0880331965621377,0.0212184560327419
Süzbeyli Mahallesi,Menemen,27.565822344438665,-0.0008772837414506438,-0.0131764582660159
Sıra Mahallesi,Urla,34.41132270733412,0.1762105163322251,-0.0141983342256176
Sırımlı Mahallesi,Kiraz,33.26857801337891,0.1937624734767233,-0.0014278716635675
Sığacık Mahallesi,Seferihisar,31.206526669464232,0.2188063221776514,-0.0592006152003969
Tabaklar Mahallesi,Beydağ,27.76930932643938,0.2772850346114482,-0.1132032634826105
Tahsin Yazıcı Mahallesi,Karabağlar,35.52253342617391,0.1270109947474637,-0.020315216173712
Talatpaşa Mahallesi,Bergama,38.34549040249229,0.1349890528165553,0.0361537891853921
Tan Mahallesi,Konak,35.55281307526743,0.0715752993219772,0.0477692674350361
Tavukçukuru Mahallesi,Bergama,33.97804204752792,0.2213145774893412,-0.049957061637365
Taşkesik Mahallesi,Torbalı,39.0695787987369,0.2065461871442763,-0.0450107260346085
Taşlıyatak Mahallesi,Kiraz,30.668199539048867,0.2109027550210494,8.248279704866031e-05
Taştepe Mahallesi,Kınık,34.3248646144629,0.2022064279586101,-0.05309906942123
Tekbıçaklar Mahallesi,Kiraz,34.13162995541698,0.1892293736940096,-0.0057762866070392
Tekeli Atatürk Mahallesi,Menderes,35.843265882662784,0.1884193589272237,-0.0180064786949766
Tekeli Fevzi Çakmak Mahallesi,Menderes,38.716405824583845,0.1550376928421452,0.0139440322819025
Tekke Mahallesi,Ödemiş,27.589800882073384,0.2482190135164198,-0.0833337349445998
Tekkedere Mahallesi,Bergama,33.123199644819266,0.2033868145109547,-0.0531814035546465
Teleferik Mahallesi,Balçova,31.08297653168273,0.2258765281661519,-0.1032374056780885
Telekler Mahallesi,Menemen,39.85332790807286,0.1849341170123919,0.0195433359326898
Tepeboz Mahallesi,Karaburun,31.083732157598984,0.206615051799736,-0.0628341825067975
Tepecik Mahallesi,Seferihisar,33.275623783802715,0.1692255433156139,-0.0050009922965617
Tepekule Mahallesi,Bayraklı,35.75261597770438,0.1040115921682852,-0.0053492876537914
Tepeköy Mahallesi,Bergama,36.77233882693437,0.1516389191976372,-0.012416102314827399
Tersane Mahallesi,Karşıyaka,34.962577216319474,0.0667055117821791,0.0171770528644062
Terzihaliller Mahallesi,Bergama,34.87687552401123,0.233187107162494,-0.0426075643623065
Tiyelti Mahallesi,Bergama,34.741146427675126,0.2003942355280621,-0.0210226495708575
Tokatbaşı Mahallesi,Bayındır,34.28665416109392,0.254665372079975,-0.1054024467246615
Toki Mahallesi,Tire,36.712621228242526,0.2160191234980834,-0.0525996808861255
Topalak Mahallesi,Tire,28.486874871071414,0.2385577491597085,-0.0758966153180086
Topallar Mahallesi,Bergama,30.959184216697118,0.2386180794085028,-0.0750083516130732
Toparlar Mahallesi,Tire,33.80016803476772,0.2321311907574091,-0.0713888037406776
Torasan Mahallesi,Urla,32.84068918376025,0.1838367013762453,-0.0286865025674606
Torbalı Mahallesi,Torbalı,34.770827455274535,0.2161579134396025,-0.0936832224885449
Torbalı Organize Sanayi Bölgesi,Torbalı,35.50406048487277,0.1093316091475612,-0.0042461880396232
Tosunlar Mahallesi,Ödemiş,28.02560121002408,0.2681117682803028,-0.12838595905354
Trakya Mahallesi,Konak,36.934189021216376,0.0788568046229398,0.031168777860443
Tulum Mahallesi,Torbalı,34.983414411812625,0.2384752694565291,-0.0724215790577845
Tumbullar Mahallesi,Kiraz,32.721121474930726,0.2345648920235158,-0.0388661945981489
Tuna Mahallesi,Karşıyaka,36.40916654666526,0.0592370055962375,0.0220151762511573
Turabey Mahallesi,Bergama,37.05233357176147,0.109288316803064,0.0182274523839699
Turabiye Mahallesi,Seferihisar,32.12885608723217,0.1852797718853904,-0.0428106879058241
Turan Mahallesi,Bayındır,35.19521511381059,0.19337145381661816,-0.04912312032339633
Turgut Mahallesi,Seferihisar,31.541700478516624,0.2569467787398089,-0.0985673497846793
Turgut Reis Mahallesi,Konak,34.20354509879827,0.0760758174286144,0.0087117031599526
Turgutlar Mahallesi,Menemen,32.63326756682408,0.2437173387054602,-0.0797418932490211
Turgutlu Mahallesi,Tire,39.91288688445183,0.1998501102190927,-0.0101918352986876
Tuzcu Mahallesi,Konak,35.13710520386591,0.0671229573233293,0.049150120808831
Tuzçullu Mahallesi,Menemen,34.3973477108584,0.1744134771250236,-0.026841219755617
Tülbentli Mahallesi,Menemen,36.87062821690644,0.088974551271899,0.0441037850943515
Türkcedit Mahallesi,Kınık,33.11440792165071,0.2166449484735687,-0.0807644733019025
Türkmen Mahallesi,Ödemiş,38.13050033204798,0.2046650923119982,-0.0578453432022457
Türkmenköy Mahallesi,Torbalı,36.37592399818022,0.2015822708063433,-0.0331512403612694
Türkyılmaz Mahallesi,Konak,34.85081448926038,0.1006033531219296,0.0217348732411516
Türkönü Mahallesi,Ödemiş,39.90898148700109,0.2273928184631574,-0.0191814266539832
Tınaztepe Mahallesi,Konak,34.930409858572546,0.0779537719054979,0.0244987856715847
Tırazlı Mahallesi,Karabağlar,28.67345539317398,0.2443222672570433,-0.1139054240400465
Tırmanlar Mahallesi,Bergama,34.506958715944904,0.2323444451308318,-0.0482502767678313
Ufuk Mahallesi,Buca,34.60278897599503,0.163666304564567,-0.0264881988988354
Ulamış Mahallesi,Seferihisar,32.75695929520306,0.1913166653415854,-0.0370428001927396
Ulubatlı Mahallesi,Konak,35.31296558201886,0.0781862849966735,0.0215190717545166
Ulucami Mahallesi,Bergama,37.11173952749444,0.1787420001278204,-0.0110499803475645
Ulus Mahallesi,Menemen,35.60704407550485,0.1390090765470076,-0.0236482918991354
Umurbey Mahallesi,Ödemiş,35.87765816411044,0.1646293826111191,-0.0440817629434548
Umurcalı Mahallesi,Kiraz,35.69747964606242,0.2437114766762342,-0.0569185135603991
Umurlu Mahallesi,Kiraz,30.61396740942756,0.2310359997516329,-0.0407337164431802
Umut Mahallesi,Karabağlar,37.71001262742909,0.076439133903106,0.0375073945754227
Uzunburun Mahallesi,Dikili,37.30623766377545,0.1797185093793448,0.0079266674855119
Uzundere Mahallesi,Ödemiş,36.9946907008912,0.19803946293728564,-0.029899794773153552
Uzunhasanlar Mahallesi,Aliağa,39.10194290237342,0.1630870529161144,-0.0061770265783086
Uzunkuyu Mahallesi,Urla,33.44155846219505,0.1964830147144116,-0.0380513459510767
Uzunköy Mahallesi,Kiraz,29.57865383845312,0.2826289699935541,-0.0694318850648961
Uğur Mahallesi,Konak,36.04140031704617,0.0730833137111786,0.0443640979045094
Uğur Mumcu Mahallesi,Menemen,37.51430261348117,0.08558740775185576,0.019727194012489565
Vali Rahmi Bey Mahallesi,Buca,35.98212063191224,0.1095341253447037,0.0075292970423114
Vatan Mahallesi,Karabağlar,36.05000223534774,0.0940963905649748,0.0102427042123815
Veliler Mahallesi,Ödemiş,32.75856414317167,0.2363713640410959,-0.05718793259263315
Vezirağa Mahallesi,Konak,38.58292953163884,0.1573631709578237,-0.0290553398624261
Villakent Mahallesi,Menemen,39.36988317339922,0.1392631935116502,0.0080468194896281
Vişneli Mahallesi,Kemalpaşa,28.86556161601739,0.2544927774538029,-0.1056709168921123
Yahşelli Mahallesi,Menemen,36.15634551993174,0.1839227567698903,-0.0374828553223248
Yahşibey Mahallesi,Dikili,32.99895890643264,0.2023831191687976,-0.0337438179422526
Yaka Mahallesi,Urla,29.435040307219335,0.19125515216441857,-0.06246159119581205
Yakacık Mahallesi,Bayındır,35.68051489080801,0.2743101782290091,-0.1173395411673335
Yakakent Mahallesi,Çiğli,37.60002507111947,0.1672975013139897,-0.0064112542003236
Yakaköy Mahallesi,Bornova,31.529201906578752,0.238937414100309,-0.0946265368972602
Yakapınar Mahallesi,Bayındır,37.11908086551252,0.2337788415042525,-0.0843685221098305
Yalnızdam Mahallesi,Bergama,34.84874275704139,0.2378276299201182,-0.0730901211000108
Yalnızev Mahallesi,Bergama,37.29916826232717,0.1988447120667547,-0.0368781984626387
Yalı Mahallesi,Güzelbahçe,34.07539825422269,0.14992291468271168,-0.026412925599357925
Yamandere Mahallesi,Tire,28.771290603619804,0.2207100983956743,-0.0611468708151484
Yamanlar Mahallesi,Karşıyaka,35.0076845543026,0.1694035853626635,-0.03882517925355375
Yanıkköy Mahallesi,Menemen,37.578175903909234,0.1910283643161858,-0.0221788054771892
Yavuz Selim Mahallesi,Konak,36.04180321612378,0.0641916280203889,0.0351288611112964
Yayakent Mahallesi,Kınık,35.39938284964589,0.1991090561186774,-0.0452251634986248
Yayla Mahallesi,Menemen,31.790584373570315,0.22401304180292403,-0.07767320991889401
Yaylacık Mahallesi,Buca,35.260714407527544,0.0888215328581573,0.0112054998042268
Yaylaköy Mahallesi,Kınık,32.30240028129112,0.2247159611520314,-0.0604087138456364
Yaylayurt Mahallesi,Dikili,37.402812879204696,0.1714174023243298,-0.0049957584593831
Yazıbaşı Mahallesi,Torbalı,38.75615198704012,0.1459604257855086,-0.0106157479188956
Yağcılar Mahallesi,Urla,30.88762954138683,0.24576318065437863,-0.0869890825697281
Yağlar Mahallesi,Kiraz,37.754699795813565,0.2221448626557822,-0.0231409165912105
Yaşar Kemal Mahallesi,Karabağlar,35.87835712492887,0.1675513916258963,-0.0309453009786942
Yedi Eylül Mahallesi,Torbalı,36.84454400219452,0.1324380124172239,-0.0295000274934395
Yelaltı Mahallesi,Urla,32.17576373339022,0.1788440758501353,-0.0289219349231588
Yelki Mahallesi,Güzelbahçe,32.66363294778053,0.1954179189134725,-0.0469999432981618
Yemişler Mahallesi,Tire,30.749755504791477,0.2574762848852471,-0.0848352927423733
Yemişlik Mahallesi,Torbalı,36.1842990639081,0.1355349974068469,-0.0205249842003716
Yeni Mahalle Mahallesi,Çiğli,37.98478733293872,0.0759077854734684,0.006763477032816
Yeni Mahallesi,Kiraz,34.92846082577543,0.10521506653132069,0.020445746759842603
Yenibağarası Mahallesi,Foça,33.94435069464939,0.137807543949418,-0.0211032447203561
Yenice Mahallesi,Dikili,35.84849874064352,0.2063687532606671,-0.0380624835153529
Yeniceköy Mahallesi,Ödemiş,38.056130510534416,0.2208484143754789,-0.0666892664793292
Yenidoğan Mahallesi,Konak,37.50305032481364,0.0752970059869823,0.0115684245149713
Yenigün Mahallesi,Buca,36.632891768267015,0.06250977775967716,0.0400513573822272
Yenikale Mahallesi,Narlıdere,34.59556833639923,0.1140662380530879,-0.0187135867693593
Yenikent Mahallesi,Bergama,33.37838459970979,0.18462515442910948,-0.03778378070143265
Yenikurudere Mahallesi,Kemalpaşa,26.673525943861677,0.2606146264723019,-0.1100439733535618
Yeniköy Mahallesi,Kiraz,35.59198449641251,0.2161148937816752,-0.05592770418555596
Yeniler Mahallesi,Bergama,35.3031195901861,0.2029739178045179,-0.0105876609723274
Yenioba Mahallesi,Tire,36.08343035363778,0.2031473581431507,-0.0166269060317558
Yeniyurt Mahallesi,Beydağ,27.561889993640985,0.2817981161137001,-0.1153317055479631
Yeniçiftlik Mahallesi,Tire,34.98225541906374,0.2435211035123494,-0.0885942679719662
Yenişehir Mahallesi,Tire,34.31375128564275,0.19414516523158132,-0.03900529097036776
Yenmiş Mahallesi,Kemalpaşa,34.37680630321023,0.2167227640971351,-0.0530242402623092
Yerlitahtacı Mahallesi,Bergama,32.60484957273389,0.2364587923570045,-0.0655260663516917
Yeğenli Mahallesi,Tire,34.93252188265908,0.2378456234099005,-0.068905583436212
Yeşil Mahallesi,Gaziemir,30.430066737854933,0.2377973430149387,-0.1012657875282932
Yeşil Pınar Mahallesi,Menemen,33.65879032100703,0.187693563768874,-0.0547723697495481
Yeşilbağlar Mahallesi,Buca,36.21455980585099,0.0620731635071719,0.0333581702065811
Yeşildere Mahallesi,Kiraz,35.106538971186914,0.20022668409708214,-0.0366286392265602
Yeşilköy Mahallesi,Ödemiş,34.208025439833044,0.21413257163168378,-0.0625557292664637
Yeşilova Mahallesi,Bayındır,36.08029618299706,0.1498764127849396,-0.0337246469593524
Yeşiltepe Mahallesi,Beydağ,30.697551300181246,0.16432349308685845,-0.0334582385393302
Yeşilyurt Mahallesi,Kemalpaşa,34.01520927933834,0.2393347677495074,-0.0925382581017273
Yeşilçam Mahallesi,Bornova,35.187804228694766,0.1040842879616131,-0.001488764598828
Yiğitler Mahallesi,Kemalpaşa,33.23254354314837,0.17205308695061747,-0.04425113976036925
Yolüstü Mahallesi,Ödemiş,35.80116056992414,0.274492647574549,-0.0920081600907209
Yortanlı Mahallesi,Bergama,35.42632129305157,0.2161527442458611,-0.0313126992527137
Yoğurtçular Mahallesi,Torbalı,35.421401574253935,0.2137701327896175,-0.0458261463456206
Yukarı Mahalle,Kınık,38.16075828835278,0.1481832310429889,0.007399685038357
Yukarı Şehitkemal Mahallesi,Aliağa,30.9723330358677,0.1960292663547656,-0.0494675663856576
Yukarıada Mahallesi,Bergama,31.83246084748236,0.2417566111358367,-0.0675031317507179
Yukarıaktepe Mahallesi,Beydağ,32.06121791984758,0.2155798505358875,-0.0276039115983399
Yukarıbey Kaplan Mahallesi,Bergama,31.526462142005528,0.2533064545952592,-0.1155304980986462
Yukarıbey Mahallesi,Bergama,31.98516383283963,0.2592817809341899,-0.096937967073454
Yukarıcuma Mahallesi,Bergama,33.993671794312554,0.2517857999789384,-0.0596335580862645
Yukarıkırıklar Mahallesi,Bergama,37.31005177168085,0.1997130150873798,-0.0292367372347297
Yukarıkızılca Merkez Mahallesi,Kemalpaşa,29.88936453935108,0.2361057152754742,-0.0975002532436874
Yukarıtosunlar Mahallesi,Beydağ,36.54775661743233,0.2438032639892417,-0.054754946854189
Yunus Emre Mahallesi,Karabağlar,37.15992415427711,0.0714520375138461,0.021317234178203602
Yurdoğlu Mahallesi,Karabağlar,37.563120408260616,0.1154711195452866,-0.0049748389727478
Yusufdere Mahallesi,Ödemiş,35.3854707087917,0.2546175512949645,-0.0639774672989384
Yusuflu Mahallesi,Bayındır,36.92575072722159,0.2337272916268711,-0.0788351955940468
Yüksekköy Mahallesi,Aliağa,38.37114642565562,0.1652326120590579,0.0106023347565871
Yüzbaşı Şerafettin Mahallesi,Karabağlar,36.60515237078721,0.0947081738940595,0.0177081253860987
Yılanlı Mahallesi,Ödemiş,28.9951846018823,0.2727063068241544,-0.0822564725483662
Yıldırım Beyazıt Mahallesi,Bornova,36.79399248994661,0.0480461104533664,0.0362920217526155
Yıldırım Mahallesi,Menemen,35.83021187397952,0.1917771472344966,-0.0438461610038194
Yıldız Mahallesi,Buca,35.43529787705444,0.07579371524749415,0.02410302124135935
Yıldızlar Mahallesi,Buca,33.97829577846029,0.2191216329692327,-0.0622794065929647
Zafer Mahallesi,Bergama,35.74367445908596,0.16012289502745938,-0.026367713977872045
Zafertepe Mahallesi,Konak,36.46330101712194,0.0738134105953317,0.0263937232109003
Zağnoz Mahallesi,Bergama,35.227038590227984,0.1781329829069003,-0.0058190443918614
Zeamet Mahallesi,Kemalpaşa,28.278186704093464,0.2702398530140535,-0.1251486737662265
Zeybek Mahallesi,Konak,36.26134010078083,0.0718964062614775,0.0302211521463524
Zeytinalanı Mahallesi,Urla,31.697134752217128,0.1451081267171814,-0.0169313679876629
Zeytindağ Mahallesi,Bergama,34.23819842141771,0.1710174272956001,-0.0269386309323927
Zeytineli Mahallesi,Urla,31.00732712653468,0.2193687093534634,-0.0478267434870146
Zeytinköy Mahallesi,Selçuk,32.10169504831283,0.2224019307964861,-0.0649236956330164
Zeytinler Mahallesi,Urla,29.601170092852502,0.2582837973351588,-0.1030988038833568
Zeytinlik Mahallesi,Menemen,36.65833124857956,0.08490778515405795,0.012167740522505799
Zeytinova Mahallesi,Bayındır,37.55559907882358,0.221024578215853,-0.0599771539488704
Zübeyde Hanım Mahallesi,Karşıyaka,37.84923899094461,0.1757168568394327,-0.022251945871015
Çahabey Mahallesi,Konak,35.75123238420674,0.0806211623219916,0.0355894419816859
Çakabey Mahallesi,Çeşme,32.35082434243312,0.1863660493616672,-0.02898343351646
Çakaltepe Mahallesi,Menderes,31.589990728848413,0.2243039288320039,-0.0673995827393137
Çakmaklı Mahallesi,Aliağa,34.520734575121175,0.1131811606273143,0.009173243835012
Çakırbeyli Mahallesi,Torbalı,34.79703658890384,0.2113128619680844,-0.0620753557398687
Çakırlar Mahallesi,Bergama,29.50233949208031,0.2681599936427396,-0.1154768432433229
Çaldıran Mahallesi,Buca,36.184749348326406,0.1098999846861405,-0.007901129907231
Çaltı Mahallesi,Kınık,36.307433759492696,0.1951247919718478,-0.0300033857753617
Çaltıkoru Mahallesi,Bergama,36.73542403081909,0.1697643729477556,-0.0006711366460711896
Çaltılıdere Mahallesi,Aliağa,35.66604684290295,0.1508719994002557,-0.0155276146402041
Çalıbahçe Mahallesi,Bergama,32.261079117142366,0.2009864463834924,-0.0470012773966449
Çalıkuşu Mahallesi,Karabağlar,36.96466247652471,0.069135793148536,0.0238685165730277
Çamavlu Mahallesi,Bergama,32.30544602756606,0.238887919213919,-0.0347326694709936
Çambel Mahallesi,Kemalpaşa,35.58179322430065,0.2004544603431873,-0.0397194418127078
Çamiçi Mahallesi,Bornova,33.47314570641699,0.2328607008927283,-0.0743212906372168
Çamkule Mahallesi,Bornova,33.30099227262138,0.1865277167053077,-0.048319352863513
Çamköy Mahallesi,Bergama,38.06683442984541,0.1801338030750865,-0.0398844835347293
Çamlı Mahallesi,Güzelbahçe,30.78181049870604,0.2305136551223232,-0.0863662367842841
Çamlıbel Mahallesi,Bayındır,29.515315680986244,0.2687833504109062,-0.1242920244988057
Çamlıca Mahallesi,Ödemiş,34.75491366034497,0.207671740675861,-0.0475792948502638
Çamlık Mahallesi,Beydağ,32.25707328348131,0.1850748046907507,-0.05791925412601817
Çamlıkule Mahallesi,Buca,36.05473990234087,0.0674906739665113,0.0272098008689818
Çamlıpınar Mahallesi,Buca,36.46652482597631,0.0808855518917105,0.0219031400706023
Çamlıçay Mahallesi,Urla,31.904158224530107,0.1567704155170321,-0.0340106507249308
Çamoba Mahallesi,Bergama,36.40908422356239,0.2169488958371824,-0.032226453955416
Çamtepe Mahallesi,Seferihisar,32.55042064916383,0.1812626251363843,-0.060814673365974355
Çamyayla Mahallesi,Ödemiş,27.355654988225695,0.2909987906642518,-0.1306509717405749
Çamönü Mahallesi,Menderes,31.263241731300337,0.2204245190219151,-0.0782023298430353
Çanakçı Mahallesi,Kiraz,31.73693224105305,0.236751815761097,-0.0449161662786795
Çandarlı Mahallesi,Dikili,36.52426871774912,0.1704432498867528,-0.0207234996576571
Çankaya Mahallesi,Konak,34.94024710562354,0.0738550093175079,0.0189184335009316
Çanköy Mahallesi,Kınık,33.03191494490156,0.2111367723405355,-0.048216169763807
Çapak Mahallesi,Torbalı,37.27008279551471,0.185693938132518,-0.0383406534146958
Çatak Mahallesi,Kiraz,28.40499152764116,0.2426458797872877,-0.0637876671306423
Çatalca Mahallesi,Menderes,34.87720385651912,0.2059606556724456,-0.0416075675462068
Çatalkaya Mahallesi,Narlıdere,33.78791592840622,0.1328594205103957,-0.0199289981716078
Çavuş Mahallesi,Menemen,35.92634070020576,0.2283103408821189,-0.067719829368658
Çay Mahallesi,Bayraklı,35.652786119809925,0.0598858265046562,0.0261611911528893
Çayağzı Mahallesi,Kiraz,31.99584348919213,0.2356321394025725,-0.0559699844533757
Çaybaşı Mahallesi,Torbalı,35.50022820700688,0.1982933696304379,-0.0630354844968319
Çaylı Mahallesi,Ödemiş,36.45045966941103,0.2386330379600135,-0.0649956083930309
Çayır Mahallesi,Ödemiş,28.022244350140607,0.2717586681420776,-0.10835550088332
Çayırlı Mahallesi,Tire,31.33594926693077,0.2516331866251418,-0.0937978041052422
Çağdaş Mahallesi,Buca,36.712281849135955,0.13739604240514336,-0.02447208352287565
Çağlan Mahallesi,Dikili,31.731654441947686,0.2515126934120101,-0.1017590800761455
Çağlayan Mahallesi,Ödemiş,30.25341416350976,0.2852227836483078,-0.1168894666619546
Çelebi Mahallesi,Güzelbahçe,31.86795395019124,0.1498273756675122,-0.0174005660631189
Çeltikçi Mahallesi,Bergama,35.99616231117595,0.2104875476109761,-0.0265806249207512
Çenikler Mahallesi,Bayındır,35.74127606186364,0.2268054224352601,-0.0579971117220657
Çeriközü Mahallesi,Tire,27.700631913826182,0.2207886102456747,-0.0847932126942609
Çetin Emeç Mahallesi,Balçova,34.358255847332,0.1945341213141659,-0.0601381552067145
Çiftlik Mahallesi,Çeşme,33.05819836226371,0.1560064021255696,0.0034332626350938
Çiftlikköy Mahallesi,Beydağ,35.7537909777688,0.2080387075155628,-0.0323228088040051
Çiftçigediği Mahallesi,Bayındır,39.44263383193095,0.2159154636629938,-0.0675454871733531
Çile Mahallesi,Menderes,31.06588813042195,0.2534969179744684,-0.1000148953537714
Çileme Mahallesi,Menderes,34.30640596256987,0.1931807029976188,-0.0230547858779785
Çimentepe Mahallesi,Konak,35.70139403026178,0.0650879500862056,0.0370026822258664
Çiniliköy Mahallesi,Kemalpaşa,32.094830254374564,0.2223989388494271,-0.0779553265521196
Çiniyeri Mahallesi,Tire,34.81149295325675,0.2416726806091159,-0.079608192174832
Çitköy Mahallesi,Bergama,36.582944714233165,0.1978912352033834,-0.0213960297810042
Çiçek Mahallesi,Bayraklı,36.40443232970125,0.0750642292440802,0.0222234705865539
Çiçekli Mahallesi,Bornova,31.823156446583848,0.2369994648276546,-0.0964571666042177
Çobanköy Mahallesi,Tire,34.21080371165172,0.2409533373347201,-0.0725391311531277
Çobanlar Mahallesi,Bergama,31.755747081964902,0.23948768417252617,-0.07184184704088613
Çolak İbrahim Bey Mahallesi,Seferihisar,34.26333371536347,0.1512747432441887,0.0120512679111244
Çomaklar Mahallesi,Beydağ,26.1935841205741,0.2875020899793313,-0.1259067130585775
Çoraklar Mahallesi,Aliağa,38.28254479087878,0.1674636136297691,0.0008983147087641014
Çukuralanı Mahallesi,Dikili,36.0260086456905,0.2080917310124405,-0.0606366309675155
Çukuraltı Mahallesi,Menderes,29.67687674922732,0.230139795824264,-0.098175352703903
Çukurköy Mahallesi,Tire,29.81383180773495,0.24764173854651814,-0.09050733169141609
Çömlekçi Mahallesi,Kiraz,36.06956693276219,0.2314813755040991,-0.0472390236338422
Çürükbağlar Mahallesi,Bergama,32.259778490402056,0.2522356232529696,-0.0830471051098597
Çınar Mahallesi,Bayındır,37.7108598808385,0.13256938015654646,0.0081023085550218
Çınardibi Mahallesi,Bayındır,29.33015703504537,0.253464053741087,-0.1116556361962042
Çınarköy Mahallesi,Kemalpaşa,27.597772221022403,0.2457699589725878,-0.1147827736500223
Çınarlı Mahallesi,Konak,35.75489219391594,0.0957990780211246,-0.0153461022783363
Çınartepe Mahallesi,Konak,33.26222209858241,0.1131673548929523,-0.0118657943916402
Çırpı Cami Mahallesi,Bayındır,36.60320301733055,0.2278338679821344,-0.0860673799409258
Çıtak Mahallesi,Aliağa,33.74904592583025,0.2070973809401804,-0.0548207285122417
Öksüzler Mahallesi,Bergama,36.160925145503526,0.2062139882057876,-0.0165209189982593
Ören 75. Yıl Cumhuriyet Mahallesi,Kemalpaşa,33.16358741232954,0.2679439152558903,-0.1197455153001937
Ören Mahallesi,Kiraz,29.940402453620127,0.2286783916447748,-0.0421332267537628
Örencik Mahallesi,Kiraz,30.308308380152948,0.2286240326794865,-0.0315109356934751
Örenli Mahallesi,Bergama,37.24034979913028,0.1927651084483355,-0.0015635787752457
Örlemiş Mahallesi,Bergama,36.66920340409081,0.1856544724934089,-0.0142987088698767
Örnekkent Mahallesi,Aliağa,36.767874528568925,0.1176247438848005,0.0145740654169325
Örnekköy Mahallesi,Kemalpaşa,36.23230888888534,0.17484521625286087,-0.03997875960458385
Örtülü Mahallesi,Kınık,33.98724755705738,0.2191064981283417,-0.039951790327805
Özbek Mahallesi,Urla,31.767065931388032,0.2394351278258645,-0.0852402102152345
Özbey Mahallesi,Torbalı,34.06108601755365,0.2081540188186349,-0.0817060202760558
Özdere Cumhuriyet Mahallesi,Menderes,30.73150446395699,0.2452416563546139,-0.0928715739886063
Özgür Mahallesi,Karabağlar,37.57051910581902,0.0956342939650316,0.0280455154346737
Ülkü Mahallesi,Konak,35.85848733567549,0.0663085238551394,0.0481431249880616
Ümit Mahallesi,Bornova,36.41540963232976,0.1177064877312132,-0.0034548915197887
Üniversite Mahallesi,Çeşme,33.46342978614941,0.1639041251725432,-0.026130925377423
Ürkütler Mahallesi,Bergama,32.472694313890464,0.2452303291522301,-0.0671542362640068
Üzümler Mahallesi,Tire,31.59591970521777,0.23489331477163,-0.1052641511145747
Üzümlü Mahallesi,Ödemiş,34.98464255911922,0.262839236391668,-0.0957042602368048
Üç Eylül Mahallesi,Ödemiş,36.84331557319177,0.2533014107315769,-0.1005362318111409
Üçkonak Mahallesi,Ödemiş,35.80879833429656,0.2338987153739704,-0.0314151939680395
Üçkuyular Mahallesi,Karabağlar,35.613988686043854,0.1009254881782925,0.0139117137707375
Üçtepe Mahallesi,Bergama,31.5909157941278,0.2476444886115964,-0.0808151814899313
İTOB Organize Sanayi Bölgesi,Menderes,39.20886081898532,0.0975986015787792,0.0081736735636283
İbni Melek Mahallesi,Tire,35.58076109000737,0.2268455024558118,-0.0624446255256287
İbni Melek Organize Sanayi Bölgesi,Tire,41.31962828718243,0.1397142862783773,0.0183755197666437
İbrahimağa Mahallesi,Kınık,36.89021359797671,0.1949815142049816,-0.0126517010029296
İbrahimçavuş Mahallesi,Bayındır,39.294456064766514,0.1963460178226853,-0.0628578352126001
İhsan Alyanak Mahallesi,Karabağlar,36.687237394320846,0.0709186499575081,0.0301005650219881
İhsaniye Mahallesi,Seferihisar,33.98875290840732,0.2328200968565911,-0.07686201873855465
İkizler Mahallesi,Bergama,30.469717974868686,0.2434181978626927,-0.0832784468376097
İlkkurşun Mahallesi,Ödemiş,38.54198610650866,0.2159855298216792,-0.0509505643899045
İmariye Mahallesi,Konak,38.53000849986086,0.1683730844584564,-0.0192642371864365
İmbatlı Mahallesi,Karşıyaka,36.043966175771125,0.0979545620723107,-0.0029679352541034
İncecikler Mahallesi,Bergama,29.751563651249008,0.2429045014013858,-0.0881737112992753
İnciraltı Mahallesi,Balçova,34.77705172848839,0.1852235239097013,-0.0435375236437892
İncirli Pınar Mahallesi,Menemen,36.66532269216584,0.0806218690838521,0.0256803012337773
İnecik Mahallesi,Karaburun,33.4187947561592,0.2186161964168185,-0.070880885583198
İneşir Mahallesi,Bergama,34.18612771676838,0.2301701688488349,-0.0394821935917453
İnkılap Mahallesi,Bergama,36.413094973745515,0.1203771667552887,6.609477766899999e-05
İnönü Mahallesi,Torbalı,36.59535216232107,0.1465610107442898,-0.01934932425010611
İpekçiler Mahallesi,Tire,38.3790614895931,0.0958425384644358,0.0237787345895271
İsa Bey Mahallesi,Selçuk,33.65471328579416,0.2281132820447836,-0.0705906258822683
İskele Mahallesi,Karaburun,33.854519049821334,0.18180082278264958,-0.038807348298432104
İslamlar Mahallesi,Dikili,38.29625787899133,0.1887927109149388,-0.0123026652103621
İslamsaray Mahallesi,Bergama,35.210100333309704,0.188590567880042,-0.0400549774832001
İsmailli Hacılar Mahallesi,Bergama,35.3063610738291,0.2128624237733286,-0.0238373155298994
İsmailli Mahallesi,Bergama,36.97244687325577,0.2044303391296359,-0.0143608448489211
İsmet Kaptan Mahallesi,Konak,35.35116171412198,0.0855600665375946,-0.0031246847169443
İsmet Paşa Mahallesi,Konak,36.092603366943045,0.0842777141162389,0.0173623695239002
İsmet İnönü Mahallesi,Menemen,34.541615669405914,0.12030725834884914,-0.004712328488015749
İsmetpaşa Mahallesi,Dikili,35.499600459906645,0.1671207806007366,-0.016241026783094
İstiklal Mahallesi,Torbalı,36.74580141861322,0.1700337438992642,-0.01721333933470886
İzkent Mahallesi,Buca,37.46878330474031,0.13038379497697644,-0.01060120706535185
İzmir Serbest Bölgesi,Menemen,39.74294430450099,0.1512651079421817,-0.0096810437960746
İçmeler Mahallesi,Urla,32.2366010006983,0.2023326535240701,-0.0461751155936029
İğdeli Mahallesi,Kiraz,31.42811808162505,0.2058673182019199,-0.0070239415902602
İğnedere Mahallesi,Menemen,35.37825266038198,0.2250599474553626,-0.0734917935079031
Şakran Hasbi Efendi Mahallesi,Aliağa,33.89072187742878,0.1644780063793674,-0.0175896989536804
Şakran Sayfiye Mahallesi,Aliağa,34.135751255945635,0.1498207277292618,-0.017024660569057
Şaşal Mahallesi,Menderes,36.08375396214849,0.2058275271913294,-0.0204298992319349
Şehit Mehmet Mahallesi,Çeşme,32.9826730127723,0.1663168191002444,0.00038258219108296354
Şehit Nedim Tuğaltay Mahallesi,Konak,34.95085653882261,0.065597709917253,0.0521383127708348
Şehitkemal Mahallesi,Aliağa,35.71449090699648,0.1644621208867529,-0.0217833422645525
Şehitler Mahallesi,Torbalı,36.075984163048645,0.1887895620522999,-0.04955087209060185
Şemikler Mahallesi,Karşıyaka,36.51487385177106,0.0790086281297491,0.0153152153866397
Şemsiler Mahallesi,Kiraz,34.40105490973793,0.2715805144656655,-0.0856544390011897
Şifne Mahallesi,Çeşme,33.545397743561814,0.1416467502283526,0.0009598584614717216
Şirince Mahallesi,Selçuk,30.84858546730845,0.2484501744621481,-0.1028061950086999
Şirinkapı Mahallesi,Buca,35.196097006034286,0.1264166754463705,-0.0070395711260925
Şirinkent Mahallesi,Urla,31.59349633379785,0.1991338495215994,-0.0613288105492665
Şirinköy Mahallesi,Ödemiş,36.03476463310528,0.2365078830932573,-0.0720698488162657
Şirintepe Mahallesi,Çiğli,36.537352114625406,0.0918578071619277,0.019777396030366
