ILCE,MAHALLE,MAHALLE_NUFUS_2025,TARIH,YILLIK_NUFUS_ARTIS_HIZI,YILLIK_ARTIS_ORANI,NUFUS_2_YIL_SONRA
Aliaga,Ataturk Mah.,9104,2023,12.7,0.127,11563
Aliaga,Asagisakran Mah.,267,2023,12.7,0.127,339
Aliaga,B.Hayrettin Pasa Mah.,1597,2023,12.7,0.127,2028
Aliaga,Bahcedere Mah.,11997,2023,12.7,0.127,15238
Aliaga,Bozkoy Mah.,539,2023,12.7,0.127,685
Aliaga,Fatih Mah.,2490,2023,12.7,0.127,3163
Aliaga,Guzelhisar Mah.,694,2023,12.7,0.127,881
Aliaga,Haciomerli Mah.,910,2023,12.7,0.127,1156
Aliaga,Horozgedigi Mah.,283,2023,12.7,0.127,359
Aliaga,Kalabak Mah.,453,2023,12.7,0.127,575
Aliaga,Kapukaya Mah.,175,2023,12.7,0.127,222
Aliaga,Karakuzu Mah.,515,2023,12.7,0.127,654
Aliaga,Karakoy Mah.,193,2023,12.7,0.127,245
Aliaga,Kazim Dirik Mah.,8118,2023,12.7,0.127,10311
Aliaga,Kurtulus Mah.,8427,2023,12.7,0.127,10703
Aliaga,Kultur Mah.,8592,2023,12.7,0.127,10913
Aliaga,Mimar Sinan Mah.,1301,2023,12.7,0.127,1652
Aliaga,Samurlu Mah.,422,2023,12.7,0.127,536
Aliaga,Siteler Mah.,14104,2023,12.7,0.127,17914
Aliaga,Uzunhasanlar Mah.,265,2023,12.7,0.127,337
Aliaga,Yali Mah.,3685,2023,12.7,0.127,4680
Aliaga,Yeni Mah.,18474,2023,12.7,0.127,23464
Aliaga,Yukari Sehitkemal Mah.,687,2023,12.7,0.127,873
Aliaga,Yuksekkoy Mah.,150,2023,12.7,0.127,191
Aliaga,Cakmakli Mah.,884,2023,12.7,0.127,1123
Aliaga,Caltilidere Mah.,742,2023,12.7,0.127,942
Aliaga,Coraklar Mah.,123,2023,12.7,0.127,156
Aliaga,Citak Mah.,487,2023,12.7,0.127,619
Aliaga,Ornekkent Mah.,7539,2023,12.7,0.127,9576
Aliaga,Sakran Hasbi Efendi Mah.,3277,2023,12.7,0.127,4162
Aliaga,Sakran Sayfiye Mah.,3617,2023,12.7,0.127,4594
Aliaga,Sehitkemal Mah.,781,2023,12.7,0.127,992
Balcova,Bahcelerarasi Mah.,597,2023,-36.46,-0.36460000000000004,241
Balcova,Egitim Mah.,13633,2023,-36.46,-0.36460000000000004,5504
Balcova,Fevzi Cakmak Mah.,10936,2023,-36.46,-0.36460000000000004,4415
Balcova,Koruturk Mah.,12300,2023,-36.46,-0.36460000000000004,4966
Balcova,Onur Mah.,15693,2023,-36.46,-0.36460000000000004,6336
Balcova,Teleferik Mah.,8432,2023,-36.46,-0.36460000000000004,3404
Balcova,Cetin Emec Mah.,10953,2023,-36.46,-0.36460000000000004,4422
Balcova,Inciralti Mah.,3199,2023,-36.46,-0.36460000000000004,1292
Bayrakli,100. Yil Mah.,6829,2023,8.11,0.08109999999999999,7982
Bayrakli,75. Yil Mah.,3330,2023,8.11,0.08109999999999999,3892
Bayrakli,Adalet Mah.,18405,2023,8.11,0.08109999999999999,21511
Bayrakli,Alpaslan Mah.,8107,2023,8.11,0.08109999999999999,9475
Bayrakli,Bayrakli Mah.,6211,2023,8.11,0.08109999999999999,7259
Bayrakli,Cengizhan Mah.,12243,2023,8.11,0.08109999999999999,14309
Bayrakli,Dogancay Mah.,2242,2023,8.11,0.08109999999999999,2620
Bayrakli,Emek Mah.,12562,2023,8.11,0.08109999999999999,14682
Bayrakli,Fuat Edip Baksi Mah.,11077,2023,8.11,0.08109999999999999,12947
Bayrakli,Gumuspala Mah.,15554,2023,8.11,0.08109999999999999,18179
Bayrakli,Korfez Mah.,5916,2023,8.11,0.08109999999999999,6914
Bayrakli,Manavkuyu Mah.,24158,2023,8.11,0.08109999999999999,28235
Bayrakli,Mansuroglu Mah.,19688,2023,8.11,0.08109999999999999,23011
Bayrakli,Muhittin Erener Mah.,8178,2023,8.11,0.08109999999999999,9558
Bayrakli,Onur Mah.,14937,2023,8.11,0.08109999999999999,17458
Bayrakli,Org.Nafiz Gurman Mah.,13851,2023,8.11,0.08109999999999999,16189
Bayrakli,Osmangazi Mah.,25348,2023,8.11,0.08109999999999999,29626
Bayrakli,Postacilar Mah.,12544,2023,8.11,0.08109999999999999,14661
Bayrakli,R.Sevket Ince Mah.,12495,2023,8.11,0.08109999999999999,14604
Bayrakli,Sogukkuyu Mah.,11921,2023,8.11,0.08109999999999999,13933
Bayrakli,Tepekule Mah.,14256,2023,8.11,0.08109999999999999,16662
Bayrakli,Turan Mah.,311,2023,8.11,0.08109999999999999,363
Bayrakli,Yamanlar Mah.,18662,2023,8.11,0.08109999999999999,21812
Bayrakli,Cay Mah.,7816,2023,8.11,0.08109999999999999,9135
Bayrakli,Cicek Mah.,9840,2023,8.11,0.08109999999999999,11501
Bayindir,Alankoy Mah.,146,2023,13.51,0.1351,188
Bayindir,Alankiyi Mah.,389,2023,13.51,0.1351,501
Bayindir,Arikbasi Mah.,818,2023,13.51,0.1351,1054
Bayindir,Ataturk Mah.,595,2023,13.51,0.1351,767
Bayindir,Balcilar Mah.,310,2023,13.51,0.1351,399
Bayindir,Buruncuk Mah.,476,2023,13.51,0.1351,613
Bayindir,Biyiklar Mah.,572,2023,13.51,0.1351,737
Bayindir,Camii Mah.,581,2023,13.51,0.1351,749
Bayindir,Cumhuriyet Mah.,747,2023,13.51,0.1351,962
Bayindir,Demircilik Mah.,857,2023,13.51,0.1351,1104
Bayindir,Derekoy Mah.,230,2023,13.51,0.1351,296
Bayindir,Dernekli Mah.,149,2023,13.51,0.1351,192
Bayindir,Elifli Mah.,294,2023,13.51,0.1351,379
Bayindir,Ergenli Mah.,488,2023,13.51,0.1351,629
Bayindir,Fatih Mah.,3405,2023,13.51,0.1351,4387
Bayindir,Firinli Mah.,1057,2023,13.51,0.1351,1362
Bayindir,Gaziler Mah.,56,2023,13.51,0.1351,72
Bayindir,Haci Besir Mah.,729,2023,13.51,0.1351,939
Bayindir,Haci Ibrahim Mah.,1351,2023,13.51,0.1351,1741
Bayindir,Haskoy Mah.,772,2023,13.51,0.1351,995
Bayindir,Hatay Mah.,616,2023,13.51,0.1351,794
Bayindir,Havuzbasi Mah.,394,2023,13.51,0.1351,508
Bayindir,Hisarlik Mah.,286,2023,13.51,0.1351,368
Bayindir,Kabaagac Mah.,74,2023,13.51,0.1351,95
Bayindir,Karahalilli Mah.,440,2023,13.51,0.1351,567
Bayindir,Karahayit Mah.,32,2023,13.51,0.1351,41
Bayindir,Karapinar Mah.,63,2023,13.51,0.1351,81
Bayindir,Karaveliler Mah.,735,2023,13.51,0.1351,947
Bayindir,Kurt Mah.,732,2023,13.51,0.1351,943
Bayindir,Kizilcaagac Mah.,218,2023,13.51,0.1351,281
Bayindir,Kizilcaova Mah.,935,2023,13.51,0.1351,1205
Bayindir,Kizilkecili Mah.,518,2023,13.51,0.1351,667
Bayindir,Kiziloba Mah.,641,2023,13.51,0.1351,826
Bayindir,Lutuflar Mah.,422,2023,13.51,0.1351,544
Bayindir,Mektep Mah.,931,2023,13.51,0.1351,1200
Bayindir,Mithatpasa Mah.,739,2023,13.51,0.1351,952
Bayindir,Necati Uza Mah.,1350,2023,13.51,0.1351,1739
Bayindir,Orta Mah.,226,2023,13.51,0.1351,291
Bayindir,Osmanlar Mah.,279,2023,13.51,0.1351,359
Bayindir,Pinarli Mah.,1244,2023,13.51,0.1351,1603
Bayindir,Sadikpasa Mah.,5033,2023,13.51,0.1351,6485
Bayindir,Sariyurt Mah.,346,2023,13.51,0.1351,446
Bayindir,Sogutoren Mah.,725,2023,13.51,0.1351,934
Bayindir,Tokatbasi Mah.,525,2023,13.51,0.1351,676
Bayindir,Turan Mah.,388,2023,13.51,0.1351,500
Bayindir,Yakacik Mah.,567,2023,13.51,0.1351,731
Bayindir,Yakapinar Mah.,863,2023,13.51,0.1351,1112
Bayindir,Yeni Mah.,691,2023,13.51,0.1351,890
Bayindir,Yenice Mah.,115,2023,13.51,0.1351,148
Bayindir,Yesilova Mah.,732,2023,13.51,0.1351,943
Bayindir,Yusuflu Mah.,835,2023,13.51,0.1351,1076
Bayindir,Zeytinova Mah.,1184,2023,13.51,0.1351,1526
Bayindir,Camlibel Mah.,292,2023,13.51,0.1351,376
Bayindir,Cenikler Mah.,57,2023,13.51,0.1351,73
Bayindir,Ciftcigedigi Mah.,213,2023,13.51,0.1351,274
Bayindir,Cinar Mah.,114,2023,13.51,0.1351,147
Bayindir,Cinardibi Mah.,731,2023,13.51,0.1351,942
Bayindir,Cirpi Cami Mah.,1045,2023,13.51,0.1351,1346
Bayindir,Ibrahimcavus Mah.,618,2023,13.51,0.1351,796
Bergama,Ahmetbeyler Mah.,248,2023,12.96,0.12960000000000002,316
Bergama,Akcenger Mah.,180,2023,12.96,0.12960000000000002,230
Bergama,Alacalar Mah.,107,2023,12.96,0.12960000000000002,137
Bergama,Alhatli Mah.,228,2023,12.96,0.12960000000000002,291
Bergama,Alibeyli Mah.,394,2023,12.96,0.12960000000000002,503
Bergama,Armaganlar Mah.,105,2023,12.96,0.12960000000000002,134
Bergama,Ataturk Mah.,6035,2023,12.96,0.12960000000000002,7701
Bergama,Atmaca Mah.,1921,2023,12.96,0.12960000000000002,2451
Bergama,Atcilar Mah.,56,2023,12.96,0.12960000000000002,71
Bergama,Avunduk Mah.,24,2023,12.96,0.12960000000000002,31
Bergama,Avunduruk Mah.,46,2023,12.96,0.12960000000000002,59
Bergama,Ayaskent Mah.,643,2023,12.96,0.12960000000000002,820
Bergama,Ayvatlar Mah.,195,2023,12.96,0.12960000000000002,249
Bergama,Aziziye Mah.,300,2023,12.96,0.12960000000000002,383
Bergama,Asagibey Mah.,475,2023,12.96,0.12960000000000002,606
Bergama,Asagicuma Mah.,475,2023,12.96,0.12960000000000002,606
Bergama,Asagikiriklar Mah.,476,2023,12.96,0.12960000000000002,607
Bergama,Asagiilgindere Mah.,79,2023,12.96,0.12960000000000002,101
Bergama,Bahcelievler Mah.,6736,2023,12.96,0.12960000000000002,8595
Bergama,Balaban Mah.,23,2023,12.96,0.12960000000000002,29
Bergama,Barbaros Mah.,513,2023,12.96,0.12960000000000002,655
Bergama,Bayramcilar Mah.,142,2023,12.96,0.12960000000000002,181
Bergama,Bekirler Mah.,18,2023,12.96,0.12960000000000002,23
Bergama,Bozkoy Mah.,256,2023,12.96,0.12960000000000002,327
Bergama,Bozyerler Mah.,240,2023,12.96,0.12960000000000002,306
Bergama,Bolcek Mah.,945,2023,12.96,0.12960000000000002,1206
Bergama,Cevapli Mah.,60,2023,12.96,0.12960000000000002,77
Bergama,Dagistan Mah.,546,2023,12.96,0.12960000000000002,697
Bergama,Demircidere Mah.,116,2023,12.96,0.12960000000000002,148
Bergama,Derekoy Mah.,116,2023,12.96,0.12960000000000002,148
Bergama,Doganci Mah.,118,2023,12.96,0.12960000000000002,151
Bergama,Durmuslar Mah.,366,2023,12.96,0.12960000000000002,467
Bergama,Ertugrul Mah.,2399,2023,12.96,0.12960000000000002,3061
Bergama,Egiller Mah.,135,2023,12.96,0.12960000000000002,172
Bergama,Egrigol Mah.,159,2023,12.96,0.12960000000000002,203
Bergama,Fatih Mah.,20005,2023,12.96,0.12960000000000002,25526
Bergama,Ferizler Mah.,145,2023,12.96,0.12960000000000002,185
Bergama,Fevzipasa Mah.,2905,2023,12.96,0.12960000000000002,3707
Bergama,Gaylan Mah.,128,2023,12.96,0.12960000000000002,163
Bergama,Gaziosmanpasa Mah.,8637,2023,12.96,0.12960000000000002,11021
Bergama,Gazipasa Mah.,506,2023,12.96,0.12960000000000002,646
Bergama,Gobeller Mah.,291,2023,12.96,0.12960000000000002,371
Bergama,Gokceyurt Mah.,41,2023,12.96,0.12960000000000002,52
Bergama,Gocbeyli Mah.,1429,2023,12.96,0.12960000000000002,1823
Bergama,Gultepe Mah.,23,2023,12.96,0.12960000000000002,29
Bergama,Gunesli Mah.,232,2023,12.96,0.12960000000000002,296
Bergama,Hacihamzalar Mah.,198,2023,12.96,0.12960000000000002,253
Bergama,Hacilar (Derekoy Bucagi) Mah.,156,2023,12.96,0.12960000000000002,199
Bergama,Hacilar (Ismailli Bucagi) Mah.,117,2023,12.96,0.12960000000000002,149
Bergama,Halilagalar Mah.,76,2023,12.96,0.12960000000000002,97
Bergama,Hamzalisuleymaniye Mah.,109,2023,12.96,0.12960000000000002,139
Bergama,Hisarkoy Mah.,160,2023,12.96,0.12960000000000002,204
Bergama,Ilgincaber Mah.,58,2023,12.96,0.12960000000000002,74
Bergama,Kadikoy Mah.,400,2023,12.96,0.12960000000000002,510
Bergama,Kaleardi Mah.,65,2023,12.96,0.12960000000000002,83
Bergama,Kaplan (Gocbeyli Bucagi) Mah.,54,2023,12.96,0.12960000000000002,69
Bergama,Kaplan (Yukaribey Bucagi) Mah.,265,2023,12.96,0.12960000000000002,338
Bergama,Kapukaya Mah.,41,2023,12.96,0.12960000000000002,52
Bergama,Karahidirli Mah.,150,2023,12.96,0.12960000000000002,191
Bergama,Karalar Mah.,242,2023,12.96,0.12960000000000002,309
Bergama,Karaveliler Mah.,512,2023,12.96,0.12960000000000002,653
Bergama,Katranci Mah.,128,2023,12.96,0.12960000000000002,163
Bergama,Kasikci Mah.,144,2023,12.96,0.12960000000000002,184
Bergama,Kocahaliller Mah.,18,2023,12.96,0.12960000000000002,23
Bergama,Kocakoy Mah.,28,2023,12.96,0.12960000000000002,36
Bergama,Koyuneli Mah.,294,2023,12.96,0.12960000000000002,375
Bergama,Kozluca Mah.,252,2023,12.96,0.12960000000000002,322
Bergama,Kurfalli Mah.,242,2023,12.96,0.12960000000000002,309
Bergama,Kurtulus Mah.,2088,2023,12.96,0.12960000000000002,2664
Bergama,Kucukkaya Mah.,614,2023,12.96,0.12960000000000002,783
Bergama,Kiranli Mah.,372,2023,12.96,0.12960000000000002,475
Bergama,Kircalar Mah.,124,2023,12.96,0.12960000000000002,158
Bergama,Kiziltepe Mah.,79,2023,12.96,0.12960000000000002,101
Bergama,Mahmudiye Mah.,196,2023,12.96,0.12960000000000002,250
Bergama,Maltepe Mah.,10899,2023,12.96,0.12960000000000002,13907
Bergama,Maruflar Mah.,40,2023,12.96,0.12960000000000002,51
Bergama,Muratlar Mah.,77,2023,12.96,0.12960000000000002,98
Bergama,Narlica Mah.,758,2023,12.96,0.12960000000000002,967
Bergama,Okcular Mah.,205,2023,12.96,0.12960000000000002,262
Bergama,Oruslar Mah.,359,2023,12.96,0.12960000000000002,458
Bergama,Ovacik Mah.,271,2023,12.96,0.12960000000000002,346
Bergama,Pasakoy Mah.,115,2023,12.96,0.12960000000000002,147
Bergama,Pirveliler Mah.,130,2023,12.96,0.12960000000000002,166
Bergama,Pinarkoy Mah.,853,2023,12.96,0.12960000000000002,1088
Bergama,Rahmanlar Mah.,92,2023,12.96,0.12960000000000002,117
Bergama,Saricalar Mah.,228,2023,12.96,0.12960000000000002,291
Bergama,Saricaoglu Mah.,96,2023,12.96,0.12960000000000002,122
Bergama,Saridere Mah.,459,2023,12.96,0.12960000000000002,586
Bergama,Saganci Mah.,291,2023,12.96,0.12960000000000002,371
Bergama,Seklik Mah.,288,2023,12.96,0.12960000000000002,367
Bergama,Selcuk Mah.,1711,2023,12.96,0.12960000000000002,2183
Bergama,Sindel Mah.,164,2023,12.96,0.12960000000000002,209
Bergama,Suleymanli Mah.,139,2023,12.96,0.12960000000000002,177
Bergama,Talatpasa Mah.,666,2023,12.96,0.12960000000000002,850
Bergama,Tavukcukuru Mah.,228,2023,12.96,0.12960000000000002,291
Bergama,Tekkedere Mah.,214,2023,12.96,0.12960000000000002,273
Bergama,Tepekoy Mah.,1250,2023,12.96,0.12960000000000002,1595
Bergama,Terzihaliller Mah.,258,2023,12.96,0.12960000000000002,329
Bergama,Tiyelti Mah.,158,2023,12.96,0.12960000000000002,202
Bergama,Topallar Mah.,183,2023,12.96,0.12960000000000002,234
Bergama,Turabey Mah.,3285,2023,12.96,0.12960000000000002,4192
Bergama,Tirmanlar Mah.,422,2023,12.96,0.12960000000000002,538
Bergama,Ulucamii Mah.,740,2023,12.96,0.12960000000000002,944
Bergama,Yalnizdam Mah.,65,2023,12.96,0.12960000000000002,83
Bergama,Yalnizev Mah.,814,2023,12.96,0.12960000000000002,1039
Bergama,Yenikent Mah.,858,2023,12.96,0.12960000000000002,1095
Bergama,Yeniler Mah.,108,2023,12.96,0.12960000000000002,138
Bergama,Yerlitahtaci Mah.,151,2023,12.96,0.12960000000000002,193
Bergama,Yortanli Mah.,55,2023,12.96,0.12960000000000002,70
Bergama,Yukariada Mah.,345,2023,12.96,0.12960000000000002,440
Bergama,Yukaribey Mah.,918,2023,12.96,0.12960000000000002,1171
Bergama,Yukaricuma Mah.,206,2023,12.96,0.12960000000000002,263
Bergama,Yukarikiriklar Mah.,117,2023,12.96,0.12960000000000002,149
Bergama,Zafer Mah.,4374,2023,12.96,0.12960000000000002,5581
Bergama,Zagnoz Mah.,75,2023,12.96,0.12960000000000002,96
Bergama,Zeytindag Mah.,2618,2023,12.96,0.12960000000000002,3341
Bergama,Cakirlar Mah.,63,2023,12.96,0.12960000000000002,80
Bergama,Caltikoru Mah.,48,2023,12.96,0.12960000000000002,61
Bergama,Calibahce Mah.,60,2023,12.96,0.12960000000000002,77
Bergama,Camavlu Mah.,528,2023,12.96,0.12960000000000002,674
Bergama,Camkoy Mah.,147,2023,12.96,0.12960000000000002,188
Bergama,Camoba Mah.,72,2023,12.96,0.12960000000000002,92
Bergama,Celtikci Mah.,150,2023,12.96,0.12960000000000002,191
Bergama,Citkoy Mah.,175,2023,12.96,0.12960000000000002,223
Bergama,Cobanlar Mah.,97,2023,12.96,0.12960000000000002,124
Bergama,Curukbaglar Mah.,123,2023,12.96,0.12960000000000002,157
Bergama,Oksuzler Mah.,148,2023,12.96,0.12960000000000002,189
Bergama,Orenli Mah.,364,2023,12.96,0.12960000000000002,464
Bergama,Orlemis Mah.,266,2023,12.96,0.12960000000000002,339
Bergama,Urkutler Mah.,158,2023,12.96,0.12960000000000002,202
Bergama,Uctepe Mah.,64,2023,12.96,0.12960000000000002,82
Bergama,Ikizler Mah.,129,2023,12.96,0.12960000000000002,165
Bergama,Incecikler Mah.,187,2023,12.96,0.12960000000000002,239
Bergama,Inesir Mah.,114,2023,12.96,0.12960000000000002,145
Bergama,Inkilap Mah.,1331,2023,12.96,0.12960000000000002,1698
Bergama,Islamsaray Mah.,1477,2023,12.96,0.12960000000000002,1885
Bergama,Ismailli Mah.,166,2023,12.96,0.12960000000000002,212
Beydag,Adakure Mah.,387,2023,5.31,0.053099999999999994,429
Beydag,Aktepe Mah.,451,2023,5.31,0.053099999999999994,500
Beydag,Alakecili Mah.,102,2023,5.31,0.053099999999999994,113
Beydag,Ataturk Mah.,2262,2023,5.31,0.053099999999999994,2509
Beydag,Bakirkoy Mah.,221,2023,5.31,0.053099999999999994,245
Beydag,Beykoy Mah.,291,2023,5.31,0.053099999999999994,323
Beydag,Cumhuriyet Mah.,3061,2023,5.31,0.053099999999999994,3395
Beydag,Erikli Mah.,330,2023,5.31,0.053099999999999994,366
Beydag,Egridere Mah.,635,2023,5.31,0.053099999999999994,704
Beydag,Halikoy Mah.,381,2023,5.31,0.053099999999999994,423
Beydag,Karaoba Mah.,341,2023,5.31,0.053099999999999994,378
Beydag,Kurudere Mah.,462,2023,5.31,0.053099999999999994,512
Beydag,Menderes Mah.,128,2023,5.31,0.053099999999999994,142
Beydag,Mutaflar Mah.,291,2023,5.31,0.053099999999999994,323
Beydag,Palamutcuk Mah.,234,2023,5.31,0.053099999999999994,260
Beydag,Sarikaya Mah.,181,2023,5.31,0.053099999999999994,201
Beydag,Tabaklar Mah.,65,2023,5.31,0.053099999999999994,72
Beydag,Yagcilar Mah.,428,2023,5.31,0.053099999999999994,475
Beydag,Yeniyurt Mah.,74,2023,5.31,0.053099999999999994,82
Beydag,Yesiltepe Mah.,269,2023,5.31,0.053099999999999994,298
Beydag,Yukariaktepe Mah.,299,2023,5.31,0.053099999999999994,332
Beydag,Yukaritosunlar Mah.,157,2023,5.31,0.053099999999999994,174
Beydag,Camlik Mah.,378,2023,5.31,0.053099999999999994,419
Beydag,Ciftlikkoy Mah.,176,2023,5.31,0.053099999999999994,195
Beydag,Comaklar Mah.,300,2023,5.31,0.053099999999999994,333
Bornova,Ataturk Mah.,29527,2023,-15.34,-0.1534,21163
Bornova,Barbaros Mah.,11413,2023,-15.34,-0.1534,8180
Bornova,Besyol Mah.,381,2023,-15.34,-0.1534,273
Bornova,Birlik Mah.,6274,2023,-15.34,-0.1534,4497
Bornova,Doganlar Mah.,22291,2023,-15.34,-0.1534,15977
Bornova,Egemenlik Mah.,2371,2023,-15.34,-0.1534,1699
Bornova,Ergene Mah.,11031,2023,-15.34,-0.1534,7906
Bornova,Erzene Mah.,39767,2023,-15.34,-0.1534,28502
Bornova,Evka 3 Mah.,20649,2023,-15.34,-0.1534,14800
Bornova,Evka 4 Mah.,14179,2023,-15.34,-0.1534,10163
Bornova,Egridere Mah.,1919,2023,-15.34,-0.1534,1375
Bornova,Gazi Osman Pasa Mah.,12642,2023,-15.34,-0.1534,9061
Bornova,Gokdere Mah.,379,2023,-15.34,-0.1534,272
Bornova,Gurpinar Mah.,12214,2023,-15.34,-0.1534,8754
Bornova,Isiklar Mah.,2507,2023,-15.34,-0.1534,1797
Bornova,Karacaoglan Mah.,8949,2023,-15.34,-0.1534,6414
Bornova,Karacam Mah.,691,2023,-15.34,-0.1534,495
Bornova,Kavaklidere Mah.,3220,2023,-15.34,-0.1534,2308
Bornova,Kayadibi Mah.,288,2023,-15.34,-0.1534,206
Bornova,Kazimdirik Mah.,36762,2023,-15.34,-0.1534,26348
Bornova,Kemalpasa Mah.,11065,2023,-15.34,-0.1534,7931
Bornova,Kosukavak Mah.,7690,2023,-15.34,-0.1534,5512
Bornova,Kurudere Mah.,61,2023,-15.34,-0.1534,44
Bornova,Kizilay Mah.,15749,2023,-15.34,-0.1534,11288
Bornova,Laka Mah.,449,2023,-15.34,-0.1534,322
Bornova,Meric Mah.,8568,2023,-15.34,-0.1534,6141
Bornova,Merkez Mah.,6198,2023,-15.34,-0.1534,4442
Bornova,Mevlana Mah.,25747,2023,-15.34,-0.1534,18454
Bornova,Naldoken Mah.,10874,2023,-15.34,-0.1534,7794
Bornova,Rafet Pasa Mah.,17716,2023,-15.34,-0.1534,12698
Bornova,Sarnickoy Mah.,103,2023,-15.34,-0.1534,74
Bornova,Serintepe Mah.,6397,2023,-15.34,-0.1534,4585
Bornova,Tuna Mah.,7200,2023,-15.34,-0.1534,5160
Bornova,Yakakoy Mah.,1606,2023,-15.34,-0.1534,1151
Bornova,Yesilova Mah.,32289,2023,-15.34,-0.1534,23143
Bornova,Yesilcam Mah.,3938,2023,-15.34,-0.1534,2822
Bornova,Yunus Emre Mah.,3190,2023,-15.34,-0.1534,2286
Bornova,Yildirim Beyazit Mah.,5637,2023,-15.34,-0.1534,4040
Bornova,Zafer Mah.,9019,2023,-15.34,-0.1534,6464
Bornova,Camici Mah.,295,2023,-15.34,-0.1534,211
Bornova,Camkule Mah.,6358,2023,-15.34,-0.1534,4557
Bornova,Cicekli Mah.,381,2023,-15.34,-0.1534,273
Bornova,Cinar Mah.,3905,2023,-15.34,-0.1534,2799
Bornova,Umit Mah.,4380,2023,-15.34,-0.1534,3139
Bornova,Inonu Mah.,26210,2023,-15.34,-0.1534,18786
Buca,29 Ekim Mah.,1632,2023,2.07,0.0207,1700
Buca,Adatepe Mah.,20517,2023,2.07,0.0207,21375
Buca,Akincilar Mah.,11261,2023,2.07,0.0207,11732
Buca,Ataturk Mah.,19651,2023,2.07,0.0207,20473
Buca,Aydogdu Mah.,9467,2023,2.07,0.0207,9863
Buca,Baris Mah.,13169,2023,2.07,0.0207,13720
Buca,Belenbasi Mah.,1838,2023,2.07,0.0207,1915
Buca,Buca Koop Mah.,19565,2023,2.07,0.0207,20383
Buca,Cumhuriyet Mah.,4610,2023,2.07,0.0207,4803
Buca,Dicle Mah.,5892,2023,2.07,0.0207,6138
Buca,Dogancilar Mah.,326,2023,2.07,0.0207,340
Buca,Dumlupinar Mah.,4070,2023,2.07,0.0207,4240
Buca,Efeler Mah.,19357,2023,2.07,0.0207,20167
Buca,Firat Mah.,21027,2023,2.07,0.0207,21907
Buca,Gaziler Mah.,6774,2023,2.07,0.0207,7057
Buca,Goksu Mah.,29709,2023,2.07,0.0207,30952
Buca,Guven Mah.,6549,2023,2.07,0.0207,6823
Buca,Hurriyet Mah.,14623,2023,2.07,0.0207,15235
Buca,Karacaagac Mah.,1014,2023,2.07,0.0207,1056
Buca,Karanfil Mah.,3694,2023,2.07,0.0207,3849
Buca,Kaynaklar Merkez Mah.,1891,2023,2.07,0.0207,1970
Buca,Kozagac Mah.,21203,2023,2.07,0.0207,22090
Buca,Kurucesme Mah.,17407,2023,2.07,0.0207,18135
Buca,Kirklar Mah.,3511,2023,2.07,0.0207,3658
Buca,Laleli Mah.,6993,2023,2.07,0.0207,7286
Buca,Menderes Mah.,13080,2023,2.07,0.0207,13627
Buca,Murathan Mah.,3641,2023,2.07,0.0207,3793
Buca,Mustafa Kemal Mah.,22106,2023,2.07,0.0207,23031
Buca,Seyhan Mah.,2494,2023,2.07,0.0207,2598
Buca,Ufuk Mah.,15852,2023,2.07,0.0207,16515
Buca,Vali Rahmi Bey Mah.,8838,2023,2.07,0.0207,9208
Buca,Yaylacik Mah.,17352,2023,2.07,0.0207,18078
Buca,Yenigun Mah.,22055,2023,2.07,0.0207,22978
Buca,Yesilbaglar Mah.,19299,2023,2.07,0.0207,20106
Buca,Yigitler Mah.,14034,2023,2.07,0.0207,14621
Buca,Yildiz Mah.,26517,2023,2.07,0.0207,27626
Buca,Yildizlar Mah.,873,2023,2.07,0.0207,910
Buca,Zafer Mah.,1578,2023,2.07,0.0207,1644
Buca,Caldiran Mah.,3298,2023,2.07,0.0207,3436
Buca,Camlik Mah.,9316,2023,2.07,0.0207,9706
Buca,Camlikule Mah.,21632,2023,2.07,0.0207,22537
Buca,Camlipinar Mah.,12209,2023,2.07,0.0207,12720
Buca,Cagdas Mah.,2358,2023,2.07,0.0207,2457
Buca,Inkilap Mah.,9679,2023,2.07,0.0207,10084
Buca,Inonu Mah.,19626,2023,2.07,0.0207,20447
Buca,Izkent Mah.,5152,2023,2.07,0.0207,5368
Buca,Sirinkapi Mah.,4197,2023,2.07,0.0207,4373
Dikili,Bademli Mah.,1313,2023,21.29,0.21289999999999998,1932
Dikili,Bahceli Mah.,753,2023,21.29,0.21289999999999998,1108
Dikili,Cumhuriyet Mah.,4131,2023,21.29,0.21289999999999998,6077
Dikili,Deliktas Mah.,1447,2023,21.29,0.21289999999999998,2129
Dikili,Demirtas Mah.,263,2023,21.29,0.21289999999999998,387
Dikili,Denizkoy Mah.,365,2023,21.29,0.21289999999999998,537
Dikili,Esentepe Mah.,268,2023,21.29,0.21289999999999998,394
Dikili,Gazipasa Mah.,6236,2023,21.29,0.21289999999999998,9174
Dikili,Gokceagil Mah.,250,2023,21.29,0.21289999999999998,368
Dikili,Kabakum Mah.,1932,2023,21.29,0.21289999999999998,2842
Dikili,Katiralani Mah.,134,2023,21.29,0.21289999999999998,197
Dikili,Kocaoba Mah.,134,2023,21.29,0.21289999999999998,197
Dikili,Kiratli Mah.,680,2023,21.29,0.21289999999999998,1000
Dikili,Kiroba Mah.,70,2023,21.29,0.21289999999999998,103
Dikili,Kizilcukur Mah.,203,2023,21.29,0.21289999999999998,299
Dikili,Mazili Mah.,137,2023,21.29,0.21289999999999998,202
Dikili,Merdivenli Mah.,198,2023,21.29,0.21289999999999998,291
Dikili,Nebiler Mah.,192,2023,21.29,0.21289999999999998,282
Dikili,Salihler Mah.,4016,2023,21.29,0.21289999999999998,5908
Dikili,Salimbey Mah.,6341,2023,21.29,0.21289999999999998,9328
Dikili,Samanlikkoy Mah.,81,2023,21.29,0.21289999999999998,119
Dikili,Uzunburun Mah.,298,2023,21.29,0.21289999999999998,438
Dikili,Yahsibey Mah.,225,2023,21.29,0.21289999999999998,331
Dikili,Yaylayurt Mah.,503,2023,21.29,0.21289999999999998,740
Dikili,Yenice Mah.,107,2023,21.29,0.21289999999999998,157
Dikili,Candarli Mah.,8381,2023,21.29,0.21289999999999998,12330
Dikili,Caglan Mah.,113,2023,21.29,0.21289999999999998,166
Dikili,Cukuralani Mah.,107,2023,21.29,0.21289999999999998,157
Dikili,Islamlar Mah.,250,2023,21.29,0.21289999999999998,368
Dikili,Ismetpasa Mah.,10010,2023,21.29,0.21289999999999998,14726
Foca,Ataturk Mah.,6745,2023,29.71,0.29710000000000003,11348
Foca,Cumhuriyet Mah.,1483,2023,29.71,0.29710000000000003,2495
Foca,Fatih Mah.,778,2023,29.71,0.29710000000000003,1309
Foca,Fevzi Cakmak Mah.,1810,2023,29.71,0.29710000000000003,3045
Foca,Fevzipasa Mah.,1150,2023,29.71,0.29710000000000003,1935
Foca,Haciveli Mah.,2648,2023,29.71,0.29710000000000003,4455
Foca,Ilipinar Mah.,813,2023,29.71,0.29710000000000003,1368
Foca,Kazim Dirik Mah.,4047,2023,29.71,0.29710000000000003,6809
Foca,Kemal Ataturk Mah.,898,2023,29.71,0.29710000000000003,1511
Foca,Koca Mehmetler Mah.,191,2023,29.71,0.29710000000000003,321
Foca,Kozbeyli Mah.,875,2023,29.71,0.29710000000000003,1472
Foca,Maresal Fevzi Cakmak Mah.,878,2023,29.71,0.29710000000000003,1477
Foca,Mustafa Kemal Ataturk Mah.,6680,2023,29.71,0.29710000000000003,11239
Foca,Yenibagarasi Mah.,5264,2023,29.71,0.29710000000000003,8857
Foca,Yenikoy Mah.,349,2023,29.71,0.29710000000000003,587
Foca,Ismetpasa Mah.,3102,2023,29.71,0.29710000000000003,5219
Gaziemir,Aktepe Mah.,5980,2023,0.1,0.001,5992
Gaziemir,Ataturk Mah.,6253,2023,0.1,0.001,6266
Gaziemir,Atifbey Mah.,15315,2023,0.1,0.001,15346
Gaziemir,Beyazevler Mah.,6844,2023,0.1,0.001,6858
Gaziemir,Binbasi Resatbey Mah.,3758,2023,0.1,0.001,3766
Gaziemir,Dokuz Eylul Mah.,11452,2023,0.1,0.001,11475
Gaziemir,Emrez Mah.,5373,2023,0.1,0.001,5384
Gaziemir,Fatih Mah.,5678,2023,0.1,0.001,5689
Gaziemir,Gazi Mah.,15654,2023,0.1,0.001,15685
Gaziemir,Gazikent Mah.,7593,2023,0.1,0.001,7608
Gaziemir,Hurriyet Mah.,9959,2023,0.1,0.001,9979
Gaziemir,Irmak Mah.,16418,2023,0.1,0.001,16451
Gaziemir,Menderes Mah.,7146,2023,0.1,0.001,7160
Gaziemir,Sevgi Mah.,7499,2023,0.1,0.001,7514
Gaziemir,Yesil Mah.,8864,2023,0.1,0.001,8882
Gaziemir,Zafer Mah.,3434,2023,0.1,0.001,3441
Guzelbahce,Ataturk Mah.,2906,2023,7.68,0.0768,3370
Guzelbahce,Kahramandere Mah.,6134,2023,7.68,0.0768,7112
Guzelbahce,Kucukkaya Mah.,269,2023,7.68,0.0768,312
Guzelbahce,Maltepe Mah.,4313,2023,7.68,0.0768,5001
Guzelbahce,Mustafa Kemal Pasa Mah.,4220,2023,7.68,0.0768,4893
Guzelbahce,Payamli Mah.,365,2023,7.68,0.0768,423
Guzelbahce,Siteler Mah.,3002,2023,7.68,0.0768,3481
Guzelbahce,Yaka Mah.,583,2023,7.68,0.0768,676
Guzelbahce,Yali Mah.,6030,2023,7.68,0.0768,6992
Guzelbahce,Yelki Mah.,6875,2023,7.68,0.0768,7972
Guzelbahce,Camli Mah.,2085,2023,7.68,0.0768,2418
Guzelbahce,Celebi Mah.,2692,2023,7.68,0.0768,3121
Karabaglar,Abdi Ipekci Mah.,7130,2023,-5.94,-0.0594,6308
Karabaglar,Adnan Suvari Mah.,3940,2023,-5.94,-0.0594,3486
Karabaglar,Ali Fuat Cebesoy Mah.,12421,2023,-5.94,-0.0594,10989
Karabaglar,Ali Fuat Erden Mah.,2224,2023,-5.94,-0.0594,1968
Karabaglar,Arap Hasan Mah.,9192,2023,-5.94,-0.0594,8132
Karabaglar,Aydin Mah.,8106,2023,-5.94,-0.0594,7172
Karabaglar,Asik Veysel Mah.,1703,2023,-5.94,-0.0594,1507
Karabaglar,Bahar Mah.,10609,2023,-5.94,-0.0594,9386
Karabaglar,Bahriye Ucok Mah.,2673,2023,-5.94,-0.0594,2365
Karabaglar,Bahcelievler Mah.,13896,2023,-5.94,-0.0594,12294
Karabaglar,Baris Mah.,7428,2023,-5.94,-0.0594,6572
Karabaglar,Basin Sitesi Mah.,15698,2023,-5.94,-0.0594,13888
Karabaglar,Bozyaka Mah.,15577,2023,-5.94,-0.0594,13781
Karabaglar,Cennetoglu Mah.,3833,2023,-5.94,-0.0594,3391
Karabaglar,Cennetcesme Mah.,3105,2023,-5.94,-0.0594,2747
Karabaglar,Devrim Mah.,8020,2023,-5.94,-0.0594,7096
Karabaglar,Doganay Mah.,10396,2023,-5.94,-0.0594,9198
Karabaglar,Esenlik Mah.,7894,2023,-5.94,-0.0594,6984
Karabaglar,Esentepe Mah.,5353,2023,-5.94,-0.0594,4736
Karabaglar,Esenyali Mah.,7027,2023,-5.94,-0.0594,6217
Karabaglar,Fahrettin Altay Mah.,9518,2023,-5.94,-0.0594,8421
Karabaglar,Gazi Mah.,4079,2023,-5.94,-0.0594,3609
Karabaglar,General Asim Gunduz Mah.,1642,2023,-5.94,-0.0594,1453
Karabaglar,General Kazim Ozalp Mah.,4999,2023,-5.94,-0.0594,4423
Karabaglar,Gulyaka Mah.,11153,2023,-5.94,-0.0594,9867
Karabaglar,Gunaltay Mah.,20818,2023,-5.94,-0.0594,18418
Karabaglar,Karabaglar Mah.,7621,2023,-5.94,-0.0594,6743
Karabaglar,Kavacik Mah.,713,2023,-5.94,-0.0594,631
Karabaglar,Kazim Karabekir Mah.,11841,2023,-5.94,-0.0594,10476
Karabaglar,Kibar Mah.,5553,2023,-5.94,-0.0594,4913
Karabaglar,Limontepe Mah.,4534,2023,-5.94,-0.0594,4011
Karabaglar,Maliyeciler Mah.,5804,2023,-5.94,-0.0594,5135
Karabaglar,Metin Oktay Mah.,6496,2023,-5.94,-0.0594,5747
Karabaglar,Muammer Akar Mah.,6857,2023,-5.94,-0.0594,6067
Karabaglar,Osman Aksuner Mah.,683,2023,-5.94,-0.0594,604
Karabaglar,Peker Mah.,10527,2023,-5.94,-0.0594,9314
Karabaglar,Poligon Mah.,3929,2023,-5.94,-0.0594,3476
Karabaglar,Refet Bele Mah.,12088,2023,-5.94,-0.0594,10695
Karabaglar,Reis Mah.,10043,2023,-5.94,-0.0594,8885
Karabaglar,Salih Omurtak Mah.,5730,2023,-5.94,-0.0594,5069
Karabaglar,Sariyer Mah.,8403,2023,-5.94,-0.0594,7434
Karabaglar,Selvili Mah.,8434,2023,-5.94,-0.0594,7462
Karabaglar,Sevgi Mah.,9726,2023,-5.94,-0.0594,8605
Karabaglar,Tahsin Yazici Mah.,8820,2023,-5.94,-0.0594,7803
Karabaglar,Tirazli Mah.,151,2023,-5.94,-0.0594,134
Karabaglar,Umut Mah.,9769,2023,-5.94,-0.0594,8643
Karabaglar,Uzundere Mah.,4049,2023,-5.94,-0.0594,3582
Karabaglar,Ugur Mumcu Mah.,8391,2023,-5.94,-0.0594,7424
Karabaglar,Vatan Mah.,24325,2023,-5.94,-0.0594,21521
Karabaglar,Yasar Kemal Mah.,7850,2023,-5.94,-0.0594,6945
Karabaglar,Yunus Emre Mah.,21457,2023,-5.94,-0.0594,18984
Karabaglar,Yurdoglu Mah.,10245,2023,-5.94,-0.0594,9064
Karabaglar,Yuzbasi Serafettin Mah.,6085,2023,-5.94,-0.0594,5384
Karabaglar,Calikusu Mah.,10911,2023,-5.94,-0.0594,9653
Karabaglar,Ozgur Mah.,5506,2023,-5.94,-0.0594,4871
Karabaglar,Uckuyular Mah.,8962,2023,-5.94,-0.0594,7929
Karabaglar,Ihsan Alyanak Mah.,10415,2023,-5.94,-0.0594,9214
Karabaglar,Sehitler Mah.,3220,2023,-5.94,-0.0594,2849
Karaburun,Anbarseki Mah.,253,2023,92.25,0.9225,935
Karaburun,Bozkoy Mah.,247,2023,92.25,0.9225,913
Karaburun,Eglenhoca Mah.,507,2023,92.25,0.9225,1874
Karaburun,Hasseki Mah.,137,2023,92.25,0.9225,506
Karaburun,Kosedere Mah.,488,2023,92.25,0.9225,1804
Karaburun,Kucukbahce Mah.,542,2023,92.25,0.9225,2003
Karaburun,Merkez Mah.,1344,2023,92.25,0.9225,4967
Karaburun,Mordogan Mah.,6249,2023,92.25,0.9225,23096
Karaburun,Parlak Mah.,156,2023,92.25,0.9225,577
Karaburun,Saip Mah.,519,2023,92.25,0.9225,1918
Karaburun,Salman Mah.,132,2023,92.25,0.9225,488
Karaburun,Sarpincik Mah.,141,2023,92.25,0.9225,521
Karaburun,Tepeboz Mah.,371,2023,92.25,0.9225,1371
Karaburun,Yayla Mah.,87,2023,92.25,0.9225,322
Karaburun,Inecik Mah.,271,2023,92.25,0.9225,1002
Karaburun,Iskele Mah.,2281,2023,92.25,0.9225,8431
Karsiyaka,Aksoy Mah.,10728,2023,-12.81,-0.1281,8156
Karsiyaka,Alaybey Mah.,6990,2023,-12.81,-0.1281,5314
Karsiyaka,Atakent Mah.,6172,2023,-12.81,-0.1281,4692
Karsiyaka,Bahariye Mah.,11814,2023,-12.81,-0.1281,8981
Karsiyaka,Bahriye Ucok Mah.,11988,2023,-12.81,-0.1281,9113
Karsiyaka,Bahcelievler Mah.,24687,2023,-12.81,-0.1281,18767
Karsiyaka,Bostanli Mah.,29564,2023,-12.81,-0.1281,22475
Karsiyaka,Cumhuriyet Mah.,12934,2023,-12.81,-0.1281,9833
Karsiyaka,Dedebasi Mah.,20015,2023,-12.81,-0.1281,15216
Karsiyaka,Demirkopru Mah.,6811,2023,-12.81,-0.1281,5178
Karsiyaka,Donanmaci Mah.,9507,2023,-12.81,-0.1281,7227
Karsiyaka,Fikri Altay Mah.,7952,2023,-12.81,-0.1281,6045
Karsiyaka,Goncalar Mah.,9169,2023,-12.81,-0.1281,6970
Karsiyaka,Latife Hanim Mah.,2316,2023,-12.81,-0.1281,1761
Karsiyaka,Mavisehir Mah.,13952,2023,-12.81,-0.1281,10606
Karsiyaka,Mustafa Kemal Mah.,10406,2023,-12.81,-0.1281,7911
Karsiyaka,Nergiz Mah.,8028,2023,-12.81,-0.1281,6103
Karsiyaka,Sancakli Mah.,176,2023,-12.81,-0.1281,134
Karsiyaka,Tersane Mah.,6431,2023,-12.81,-0.1281,4889
Karsiyaka,Tuna Mah.,5499,2023,-12.81,-0.1281,4180
Karsiyaka,Yali Mah.,36948,2023,-12.81,-0.1281,28088
Karsiyaka,Yamanlar Mah.,143,2023,-12.81,-0.1281,109
Karsiyaka,Zubeyde Hanim Mah.,17046,2023,-12.81,-0.1281,12959
Karsiyaka,Ornekkoy Mah.,24290,2023,-12.81,-0.1281,18465
Karsiyaka,Imbatli Mah.,8890,2023,-12.81,-0.1281,6758
Karsiyaka,Inonu Mah.,8217,2023,-12.81,-0.1281,6247
Karsiyaka,Semikler Mah.,28951,2023,-12.81,-0.1281,22009
Kemalpasa,Akalan Mah.,1257,2023,31.92,0.31920000000000004,2188
Kemalpasa,Ansizca Mah.,618,2023,31.92,0.31920000000000004,1075
Kemalpasa,Armutlu 85.Yil Cumhuriyet Mah.,5252,2023,31.92,0.31920000000000004,9140
Kemalpasa,Armutlu Hurriyet Mah.,5546,2023,31.92,0.31920000000000004,9652
Kemalpasa,Ataturk Mah.,5902,2023,31.92,0.31920000000000004,10271
Kemalpasa,Asagi Yenmis Mah.,588,2023,31.92,0.31920000000000004,1023
Kemalpasa,Asagikizilca Mah.,1632,2023,31.92,0.31920000000000004,2840
Kemalpasa,Bayramli Mah.,142,2023,31.92,0.31920000000000004,247
Kemalpasa,Bagyurdu 29 Ekim Mah.,1823,2023,31.92,0.31920000000000004,3173
Kemalpasa,Bagyurdu Kazimpasa Mah.,2612,2023,31.92,0.31920000000000004,4546
Kemalpasa,Bagyurdu Kemal Ataturk Mah.,260,2023,31.92,0.31920000000000004,452
Kemalpasa,Bagyurdu Yeni Mah.,1757,2023,31.92,0.31920000000000004,3058
Kemalpasa,Bespinar Mah.,137,2023,31.92,0.31920000000000004,238
Kemalpasa,Cumali Mah.,184,2023,31.92,0.31920000000000004,320
Kemalpasa,Damlacik Mah.,1336,2023,31.92,0.31920000000000004,2325
Kemalpasa,Derekoy Mah.,416,2023,31.92,0.31920000000000004,724
Kemalpasa,Gokyaka Mah.,111,2023,31.92,0.31920000000000004,193
Kemalpasa,Gokceyurt Mah.,248,2023,31.92,0.31920000000000004,432
Kemalpasa,Halilbeyli Mah.,1408,2023,31.92,0.31920000000000004,2450
Kemalpasa,Hamzababa Mah.,100,2023,31.92,0.31920000000000004,174
Kemalpasa,Kamberler Mah.,169,2023,31.92,0.31920000000000004,294
Kemalpasa,Kuyucak Mah.,685,2023,31.92,0.31920000000000004,1192
Kemalpasa,Kiziluzum Mah.,791,2023,31.92,0.31920000000000004,1377
Kemalpasa,Mehmet Akif Ersoy Mah.,19913,2023,31.92,0.31920000000000004,34654
Kemalpasa,Nazarkoy Mah.,345,2023,31.92,0.31920000000000004,600
Kemalpasa,Ovacik Mah.,224,2023,31.92,0.31920000000000004,390
Kemalpasa,Sarilar Mah.,1009,2023,31.92,0.31920000000000004,1756
Kemalpasa,Saricali Mah.,411,2023,31.92,0.31920000000000004,715
Kemalpasa,Sekiz Eylul Mah.,15563,2023,31.92,0.31920000000000004,27084
Kemalpasa,Sinancilar Mah.,722,2023,31.92,0.31920000000000004,1256
Kemalpasa,Sogukpinar Mah.,9920,2023,31.92,0.31920000000000004,17264
Kemalpasa,Sutculer Mah.,4282,2023,31.92,0.31920000000000004,7452
Kemalpasa,Ulucak Cumhuriyet Mah.,3888,2023,31.92,0.31920000000000004,6766
Kemalpasa,Ulucak Mustafa Kemal Ataturk Mah.,6658,2023,31.92,0.31920000000000004,11587
Kemalpasa,Ulucak Istiklal Mah.,5599,2023,31.92,0.31920000000000004,9744
Kemalpasa,Visneli Mah.,627,2023,31.92,0.31920000000000004,1091
Kemalpasa,Yenikurudere Mah.,317,2023,31.92,0.31920000000000004,552
Kemalpasa,Yenmis Mah.,343,2023,31.92,0.31920000000000004,597
Kemalpasa,Yesilkoy Mah.,143,2023,31.92,0.31920000000000004,249
Kemalpasa,Yesilyurt Mah.,158,2023,31.92,0.31920000000000004,275
Kemalpasa,Yigitler Mah.,1573,2023,31.92,0.31920000000000004,2737
Kemalpasa,Yukarikizilca Merkez Mah.,2788,2023,31.92,0.31920000000000004,4852
Kemalpasa,Zeamet Mah.,75,2023,31.92,0.31920000000000004,131
Kemalpasa,Cambel Mah.,4730,2023,31.92,0.31920000000000004,8232
Kemalpasa,Cinilikoy Mah.,569,2023,31.92,0.31920000000000004,990
Kemalpasa,Cinarkoy Mah.,1233,2023,31.92,0.31920000000000004,2146
Kemalpasa,Oren 75.Yil Cumhuriyet Mah.,3866,2023,31.92,0.31920000000000004,6728
Kemalpasa,Oren Egemen Mah.,619,2023,31.92,0.31920000000000004,1077
Kemalpasa,Ornekkoy Mah.,4141,2023,31.92,0.31920000000000004,7207
Kiraz,Ahmetler Mah.,138,2023,1.42,0.014199999999999999,142
Kiraz,Akpinar Mah.,1281,2023,1.42,0.014199999999999999,1318
Kiraz,Altinoluk Mah.,472,2023,1.42,0.014199999999999999,485
Kiraz,Arkacilar Mah.,371,2023,1.42,0.014199999999999999,382
Kiraz,Avunduruk Mah.,139,2023,1.42,0.014199999999999999,143
Kiraz,Aydogdu Mah.,313,2023,1.42,0.014199999999999999,322
Kiraz,Bahcearasi Mah.,444,2023,1.42,0.014199999999999999,457
Kiraz,Basaran Mah.,319,2023,1.42,0.014199999999999999,328
Kiraz,Ceritler Mah.,741,2023,1.42,0.014199999999999999,762
Kiraz,Cevizli Mah.,1334,2023,1.42,0.014199999999999999,1372
Kiraz,Cumhuriyet Mah.,2759,2023,1.42,0.014199999999999999,2838
Kiraz,Dokuzlar Mah.,409,2023,1.42,0.014199999999999999,421
Kiraz,Dogancilar Mah.,1303,2023,1.42,0.014199999999999999,1340
Kiraz,Emenler Mah.,316,2023,1.42,0.014199999999999999,325
Kiraz,Gedik Mah.,330,2023,1.42,0.014199999999999999,339
Kiraz,Haliller Mah.,1209,2023,1.42,0.014199999999999999,1244
Kiraz,Hisar Mah.,439,2023,1.42,0.014199999999999999,452
Kiraz,Kalekoy Mah.,456,2023,1.42,0.014199999999999999,469
Kiraz,Karabag Mah.,218,2023,1.42,0.014199999999999999,224
Kiraz,Karabulu Mah.,446,2023,1.42,0.014199999999999999,459
Kiraz,Karaburc Mah.,2505,2023,1.42,0.014199999999999999,2577
Kiraz,Karaman Mah.,463,2023,1.42,0.014199999999999999,476
Kiraz,Kibar Mah.,390,2023,1.42,0.014199999999999999,401
Kiraz,Kirkoy Mah.,655,2023,1.42,0.014199999999999999,674
Kiraz,Mavidere Mah.,679,2023,1.42,0.014199999999999999,698
Kiraz,Mersinlidere Mah.,556,2023,1.42,0.014199999999999999,572
Kiraz,Olgunlar Mah.,1476,2023,1.42,0.014199999999999999,1518
Kiraz,Ovacik Mah.,333,2023,1.42,0.014199999999999999,343
Kiraz,Pinarbasi Mah.,118,2023,1.42,0.014199999999999999,121
Kiraz,Sarikaya Mah.,414,2023,1.42,0.014199999999999999,426
Kiraz,Sarisu Mah.,367,2023,1.42,0.014199999999999999,377
Kiraz,Sacli Mah.,279,2023,1.42,0.014199999999999999,287
Kiraz,Solaklar Mah.,853,2023,1.42,0.014199999999999999,877
Kiraz,Suludere Mah.,1416,2023,1.42,0.014199999999999999,1456
Kiraz,Sirimli Mah.,620,2023,1.42,0.014199999999999999,638
Kiraz,Tasliyatak Mah.,434,2023,1.42,0.014199999999999999,446
Kiraz,Tekbicaklar Mah.,461,2023,1.42,0.014199999999999999,474
Kiraz,Tumbullar Mah.,256,2023,1.42,0.014199999999999999,263
Kiraz,Umurcali Mah.,483,2023,1.42,0.014199999999999999,497
Kiraz,Umurlu Mah.,926,2023,1.42,0.014199999999999999,952
Kiraz,Uzunkoy Mah.,371,2023,1.42,0.014199999999999999,382
Kiraz,Veliler Mah.,424,2023,1.42,0.014199999999999999,436
Kiraz,Yaglar Mah.,448,2023,1.42,0.014199999999999999,461
Kiraz,Yeni Mah.,2896,2023,1.42,0.014199999999999999,2979
Kiraz,Yenikoy Mah.,573,2023,1.42,0.014199999999999999,589
Kiraz,Yenisehir Mah.,410,2023,1.42,0.014199999999999999,422
Kiraz,Yesildere Mah.,342,2023,1.42,0.014199999999999999,352
Kiraz,Canakci Mah.,286,2023,1.42,0.014199999999999999,294
Kiraz,Catak Mah.,294,2023,1.42,0.014199999999999999,302
Kiraz,Cayagzi Mah.,2128,2023,1.42,0.014199999999999999,2189
Kiraz,Comlekci Mah.,762,2023,1.42,0.014199999999999999,784
Kiraz,Oren Mah.,590,2023,1.42,0.014199999999999999,607
Kiraz,Orencik Mah.,975,2023,1.42,0.014199999999999999,1003
Kiraz,Istiklal Mah.,3681,2023,1.42,0.014199999999999999,3786
Kiraz,Igdeli Mah.,1458,2023,1.42,0.014199999999999999,1500
Kiraz,Semsiler Mah.,581,2023,1.42,0.014199999999999999,598
Konak,1.Kadriye Mah.,6868,2023,-15.09,-0.1509,4952
Konak,19 Mayis Mah.,2593,2023,-15.09,-0.1509,1869
Konak,2.Kadriye Mah.,6167,2023,-15.09,-0.1509,4446
Konak,26 Agustos Mah.,2403,2023,-15.09,-0.1509,1732
Konak,Akarcali Mah.,3006,2023,-15.09,-0.1509,2167
Konak,Akdeniz Mah.,317,2023,-15.09,-0.1509,229
Konak,Akin Simav Mah.,3733,2023,-15.09,-0.1509,2691
Konak,Akinci Mah.,377,2023,-15.09,-0.1509,272
Konak,Ali Reis Mah.,1211,2023,-15.09,-0.1509,873
Konak,Alsancak Mah.,5388,2023,-15.09,-0.1509,3885
Konak,Altay Mah.,619,2023,-15.09,-0.1509,446
Konak,Altinordu Mah.,695,2023,-15.09,-0.1509,501
Konak,Altintas Mah.,5009,2023,-15.09,-0.1509,3611
Konak,Anadolu Mah.,1642,2023,-15.09,-0.1509,1184
Konak,Atamer Mah.,2906,2023,-15.09,-0.1509,2095
Konak,Atilla Mah.,10889,2023,-15.09,-0.1509,7851
Konak,Aziziye Mah.,3740,2023,-15.09,-0.1509,2696
Konak,Ballikuyu Mah.,2955,2023,-15.09,-0.1509,2130
Konak,Barbaros Mah.,6399,2023,-15.09,-0.1509,4613
Konak,Bozkurt Mah.,183,2023,-15.09,-0.1509,132
Konak,Bogazici Mah.,3029,2023,-15.09,-0.1509,2184
Konak,Cengiz Topel Mah.,2018,2023,-15.09,-0.1509,1455
Konak,Dayiemir Mah.,564,2023,-15.09,-0.1509,407
Konak,Dolaplikuyu Mah.,810,2023,-15.09,-0.1509,584
Konak,Duatepe Mah.,2299,2023,-15.09,-0.1509,1658
Konak,Ege Mah.,2170,2023,-15.09,-0.1509,1565
Konak,Emir Sultan Mah.,1665,2023,-15.09,-0.1509,1200
Konak,Etiler Mah.,1366,2023,-15.09,-0.1509,985
Konak,Faik Pasa Mah.,1062,2023,-15.09,-0.1509,766
Konak,Fatih Mah.,492,2023,-15.09,-0.1509,355
Konak,Ferahli Mah.,6877,2023,-15.09,-0.1509,4958
Konak,Fevzi Pasa Mah.,58,2023,-15.09,-0.1509,42
Konak,Goztepe Mah.,15322,2023,-15.09,-0.1509,11047
Konak,Guney Mah.,3774,2023,-15.09,-0.1509,2721
Konak,Gunes Mah.,46,2023,-15.09,-0.1509,33
Konak,Gunesli Mah.,7588,2023,-15.09,-0.1509,5471
Konak,Gungor Mah.,1029,2023,-15.09,-0.1509,742
Konak,Guzelyali Mah.,16508,2023,-15.09,-0.1509,11902
Konak,Guzelyurt Mah.,18,2023,-15.09,-0.1509,13
Konak,Halkapinar Mah.,1395,2023,-15.09,-0.1509,1006
Konak,Hasan Ozdemir Mah.,2717,2023,-15.09,-0.1509,1959
Konak,Hilal Mah.,2228,2023,-15.09,-0.1509,1606
Konak,Hursidiye Mah.,49,2023,-15.09,-0.1509,35
Konak,Huzur Mah.,1991,2023,-15.09,-0.1509,1435
Konak,Kadifekale Mah.,2685,2023,-15.09,-0.1509,1936
Konak,Kahraman Mescit Mah.,139,2023,-15.09,-0.1509,100
Konak,Kahramanlar Mah.,3969,2023,-15.09,-0.1509,2862
Konak,Kemal Reis Mah.,3350,2023,-15.09,-0.1509,2415
Konak,Kestelli Mah.,49,2023,-15.09,-0.1509,35
Konak,Kocakapi Mah.,2240,2023,-15.09,-0.1509,1615
Konak,Kocatepe Mah.,2023,2023,-15.09,-0.1509,1459
Konak,Konak Mah.,83,2023,-15.09,-0.1509,60
Konak,Kosova Mah.,1580,2023,-15.09,-0.1509,1139
Konak,Kubilay Mah.,1861,2023,-15.09,-0.1509,1342
Konak,Kurtulus Mah.,96,2023,-15.09,-0.1509,69
Konak,Kultur Mah.,7689,2023,-15.09,-0.1509,5544
Konak,Kucukada Mah.,1525,2023,-15.09,-0.1509,1099
Konak,Kilic Reis Mah.,6684,2023,-15.09,-0.1509,4819
Konak,Lale Mah.,3347,2023,-15.09,-0.1509,2413
Konak,Levent Mah.,3676,2023,-15.09,-0.1509,2650
Konak,Mecidiye Mah.,403,2023,-15.09,-0.1509,291
Konak,Mehmet Akif Mah.,2618,2023,-15.09,-0.1509,1888
Konak,Mehmet Ali Akman Mah.,6336,2023,-15.09,-0.1509,4568
Konak,Mehtap Mah.,3138,2023,-15.09,-0.1509,2262
Konak,Mersinli Mah.,2024,2023,-15.09,-0.1509,1459
Konak,Millet Mah.,4427,2023,-15.09,-0.1509,3192
Konak,Mimar Sinan Mah.,5836,2023,-15.09,-0.1509,4208
Konak,Mirali Mah.,747,2023,-15.09,-0.1509,539
Konak,Mithatpasa Mah.,7216,2023,-15.09,-0.1509,5203
Konak,Murat Mah.,4866,2023,-15.09,-0.1509,3508
Konak,Murat Reis Mah.,11182,2023,-15.09,-0.1509,8062
Konak,Namik Kemal Mah.,310,2023,-15.09,-0.1509,224
Konak,Odunkapi Mah.,199,2023,-15.09,-0.1509,143
Konak,Oguzlar Mah.,98,2023,-15.09,-0.1509,71
Konak,Pazaryeri Mah.,1030,2023,-15.09,-0.1509,743
Konak,Piri Reis Mah.,4344,2023,-15.09,-0.1509,3132
Konak,Sakarya Mah.,597,2023,-15.09,-0.1509,430
Konak,Saygi Mah.,4157,2023,-15.09,-0.1509,2997
Konak,Selcuk Mah.,2753,2023,-15.09,-0.1509,1985
Konak,Sumer Mah.,49,2023,-15.09,-0.1509,35
Konak,Suvari Mah.,1529,2023,-15.09,-0.1509,1102
Konak,Tan Mah.,98,2023,-15.09,-0.1509,71
Konak,Trakya Mah.,1399,2023,-15.09,-0.1509,1009
Konak,Turgut Reis Mah.,2752,2023,-15.09,-0.1509,1984
Konak,Tuzcu Mah.,1524,2023,-15.09,-0.1509,1099
Konak,Turkyilmaz Mah.,295,2023,-15.09,-0.1509,213
Konak,Tinaztepe Mah.,1861,2023,-15.09,-0.1509,1342
Konak,Ulubatli Mah.,7668,2023,-15.09,-0.1509,5528
Konak,Umurbey Mah.,268,2023,-15.09,-0.1509,193
Konak,Ugur Mah.,26,2023,-15.09,-0.1509,19
Konak,Veziraga Mah.,61,2023,-15.09,-0.1509,44
Konak,Yavuz Selim Mah.,1371,2023,-15.09,-0.1509,988
Konak,Yeni Mah.,649,2023,-15.09,-0.1509,468
Konak,Yenidogan Mah.,1760,2023,-15.09,-0.1509,1269
Konak,Yenigun Mah.,19,2023,-15.09,-0.1509,14
Konak,Yenisehir Mah.,2943,2023,-15.09,-0.1509,2122
Konak,Yesildere Mah.,1290,2023,-15.09,-0.1509,930
Konak,Yesiltepe Mah.,912,2023,-15.09,-0.1509,658
Konak,Yildiz Mah.,132,2023,-15.09,-0.1509,95
Konak,Zafertepe Mah.,12077,2023,-15.09,-0.1509,8707
Konak,Zeybek Mah.,1573,2023,-15.09,-0.1509,1134
Konak,Zeytinlik Mah.,7008,2023,-15.09,-0.1509,5053
Konak,Cahabey Mah.,422,2023,-15.09,-0.1509,304
Konak,Cankaya Mah.,9788,2023,-15.09,-0.1509,7057
Konak,Cimentepe Mah.,2959,2023,-15.09,-0.1509,2133
Konak,Cinarli Mah.,549,2023,-15.09,-0.1509,396
Konak,Cinartepe Mah.,5051,2023,-15.09,-0.1509,3642
Konak,Ulku Mah.,1163,2023,-15.09,-0.1509,838
Konak,Imariye Mah.,59,2023,-15.09,-0.1509,43
Konak,Ismet Kaptan Mah.,426,2023,-15.09,-0.1509,307
Konak,Ismet Pasa Mah.,4120,2023,-15.09,-0.1509,2970
Konak,Sehit Nedim Tugaltay Mah.,146,2023,-15.09,-0.1509,105
Kinik,Arpadere Mah.,294,2023,17.65,0.1765,407
Kinik,Arpaseki Mah.,744,2023,17.65,0.1765,1030
Kinik,Aziziye Mah.,201,2023,17.65,0.1765,278
Kinik,Asagi Mah.,1288,2023,17.65,0.1765,1783
Kinik,Bademalan Mah.,273,2023,17.65,0.1765,378
Kinik,Balaban Mah.,122,2023,17.65,0.1765,169
Kinik,Bagalan Mah.,493,2023,17.65,0.1765,682
Kinik,Buyukoba Mah.,252,2023,17.65,0.1765,349
Kinik,Cumali Mah.,280,2023,17.65,0.1765,388
Kinik,Degirmencieli Mah.,100,2023,17.65,0.1765,138
Kinik,Dundarli Mah.,306,2023,17.65,0.1765,424
Kinik,Elmadere Mah.,533,2023,17.65,0.1765,738
Kinik,Fatih Mah.,4389,2023,17.65,0.1765,6075
Kinik,Hamzahocali Mah.,221,2023,17.65,0.1765,306
Kinik,Isiklar Mah.,206,2023,17.65,0.1765,285
Kinik,Kalemkoy Mah.,130,2023,17.65,0.1765,180
Kinik,Karadere Mah.,138,2023,17.65,0.1765,191
Kinik,Karatekeli Mah.,97,2023,17.65,0.1765,134
Kinik,Kocaomer Mah.,298,2023,17.65,0.1765,412
Kinik,Kodukburun Mah.,26,2023,17.65,0.1765,36
Kinik,Koseler Mah.,306,2023,17.65,0.1765,424
Kinik,Musacali Mah.,56,2023,17.65,0.1765,78
Kinik,Mistiklar Mah.,196,2023,17.65,0.1765,271
Kinik,Osmaniye Mah.,3160,2023,17.65,0.1765,4374
Kinik,Poyracik Mah.,6000,2023,17.65,0.1765,8305
Kinik,Sucahli Mah.,187,2023,17.65,0.1765,259
Kinik,Tastepe Mah.,575,2023,17.65,0.1765,796
Kinik,Turkcedit Mah.,2032,2023,17.65,0.1765,2813
Kinik,Yayakent Mah.,1352,2023,17.65,0.1765,1871
Kinik,Yaylakoy Mah.,258,2023,17.65,0.1765,357
Kinik,Yeni Mah.,2015,2023,17.65,0.1765,2789
Kinik,Yukari Mah.,679,2023,17.65,0.1765,940
Kinik,Calti Mah.,386,2023,17.65,0.1765,534
Kinik,Cankoy Mah.,222,2023,17.65,0.1765,307
Kinik,Ciftlikkoy Mah.,133,2023,17.65,0.1765,184
Kinik,Ortulu Mah.,544,2023,17.65,0.1765,753
Kinik,Ibrahimaga Mah.,111,2023,17.65,0.1765,154
Menderes,Ahmetbeyli Mah.,1073,2023,29.54,0.2954,1801
Menderes,Akcakoy Mah.,463,2023,29.54,0.2954,777
Menderes,Altintepe Mah.,3871,2023,29.54,0.2954,6496
Menderes,Ata Mah.,2203,2023,29.54,0.2954,3697
Menderes,Atakoy Mah.,1877,2023,29.54,0.2954,3150
Menderes,Barbaros Mah.,5165,2023,29.54,0.2954,8667
Menderes,Bulgurca Mah.,2079,2023,29.54,0.2954,3489
Menderes,Cuneytbey Mah.,9245,2023,29.54,0.2954,15514
Menderes,Derekoy Mah.,1756,2023,29.54,0.2954,2947
Menderes,Develi Mah.,2556,2023,29.54,0.2954,4289
Menderes,Degirmendere Mah.,1634,2023,29.54,0.2954,2742
Menderes,Efemcukuru Mah.,428,2023,29.54,0.2954,718
Menderes,Gazipasa Mah.,5486,2023,29.54,0.2954,9206
Menderes,Golcukler Mah.,6109,2023,29.54,0.2954,10251
Menderes,Golova Mah.,234,2023,29.54,0.2954,393
Menderes,Gorece Cumhuriyet Mah.,2831,2023,29.54,0.2954,4751
Menderes,Gumuldur Ataturk Mah.,1613,2023,29.54,0.2954,2707
Menderes,Gumuldur Cumhuriyet Mah.,780,2023,29.54,0.2954,1309
Menderes,Gumuldur Fevzi Cakmak Mah.,4639,2023,29.54,0.2954,7785
Menderes,Gumuldur Inonu Mah.,1127,2023,29.54,0.2954,1891
Menderes,Hurriyet Mah.,4099,2023,29.54,0.2954,6878
Menderes,Karakuyu Mah.,979,2023,29.54,0.2954,1643
Menderes,Kasimpasa Mah.,7077,2023,29.54,0.2954,11876
Menderes,Keler Mah.,144,2023,29.54,0.2954,242
Menderes,Kemalpasa Mah.,10672,2023,29.54,0.2954,17908
Menderes,Kuyucak Mah.,163,2023,29.54,0.2954,274
Menderes,Kuner Mah.,2780,2023,29.54,0.2954,4665
Menderes,Kisik Mah.,481,2023,29.54,0.2954,807
Menderes,Mithatpasa Mah.,6915,2023,29.54,0.2954,11604
Menderes,Orta Mah.,2910,2023,29.54,0.2954,4883
Menderes,Oglananasi Ataturk Mah.,1409,2023,29.54,0.2954,2364
Menderes,Oglananasi Cumhuriyet Mah.,1083,2023,29.54,0.2954,1817
Menderes,Sancakli Mah.,855,2023,29.54,0.2954,1435
Menderes,Tekeli Ataturk Mah.,1556,2023,29.54,0.2954,2611
Menderes,Tekeli Fevzi Cakmak Mah.,1529,2023,29.54,0.2954,2566
Menderes,Yenikoy Mah.,1060,2023,29.54,0.2954,1779
Menderes,Cakaltepe Mah.,673,2023,29.54,0.2954,1129
Menderes,Camonu Mah.,1791,2023,29.54,0.2954,3005
Menderes,Catalca Mah.,606,2023,29.54,0.2954,1017
Menderes,Cile Mah.,788,2023,29.54,0.2954,1322
Menderes,Cileme Mah.,1931,2023,29.54,0.2954,3240
Menderes,Cukuralti Mah.,6000,2023,29.54,0.2954,10068
Menderes,Ozdere Cumhuriyet Mah.,1654,2023,29.54,0.2954,2776
Menderes,Sasal Mah.,518,2023,29.54,0.2954,869
Menemen,29 Ekim Mah.,9055,2023,33.5,0.335,16138
Menemen,30 Agustos Mah.,19083,2023,33.5,0.335,34010
Menemen,75.Yil Cumhuriyet Mah.,457,2023,33.5,0.335,814
Menemen,85.Yil Cumhuriyet Mah.,1964,2023,33.5,0.335,3500
Menemen,9 Eylul Mah.,10552,2023,33.5,0.335,18806
Menemen,Ahihidir Mah.,2494,2023,33.5,0.335,4445
Menemen,Alanici Mah.,379,2023,33.5,0.335,675
Menemen,Ataturk Mah.,3906,2023,33.5,0.335,6961
Menemen,Ayvacik Mah.,402,2023,33.5,0.335,716
Menemen,Bagcilar Mah.,167,2023,33.5,0.335,298
Menemen,Belen Mah.,294,2023,33.5,0.335,524
Menemen,Bozalan Mah.,273,2023,33.5,0.335,487
Menemen,Buruncuk Mah.,442,2023,33.5,0.335,788
Menemen,Camiikebir Mah.,1412,2023,33.5,0.335,2517
Menemen,Cumhuriyet Mah.,3773,2023,33.5,0.335,6724
Menemen,Degirmendere Mah.,1220,2023,33.5,0.335,2174
Menemen,Doga Mah.,576,2023,33.5,0.335,1027
Menemen,Emiralem Merkez Mah.,1484,2023,33.5,0.335,2645
Menemen,Esatpasa Mah.,9611,2023,33.5,0.335,17129
Menemen,Fatih Mah.,1462,2023,33.5,0.335,2606
Menemen,Gaybi Mah.,568,2023,33.5,0.335,1012
Menemen,Gazi Mah.,6038,2023,33.5,0.335,10761
Menemen,Gazi Mustafa Kemal Mah.,4504,2023,33.5,0.335,8027
Menemen,Goktepe Mah.,845,2023,33.5,0.335,1506
Menemen,Golcuk Mah.,7861,2023,33.5,0.335,14010
Menemen,Gorece Mah.,362,2023,33.5,0.335,645
Menemen,Gunerli Mah.,243,2023,33.5,0.335,433
Menemen,Hasanlar Mah.,299,2023,33.5,0.335,533
Menemen,Hatundere Mah.,3329,2023,33.5,0.335,5933
Menemen,Haykiran Mah.,1034,2023,33.5,0.335,1843
Menemen,Irmak Mah.,8390,2023,33.5,0.335,14953
Menemen,Karaorman Mah.,109,2023,33.5,0.335,194
Menemen,Kasimpasa Mah.,15287,2023,33.5,0.335,27245
Menemen,Kazimpasa Mah.,3021,2023,33.5,0.335,5384
Menemen,Kemal Ataturk Mah.,6457,2023,33.5,0.335,11508
Menemen,Kesik Mah.,731,2023,33.5,0.335,1303
Menemen,Kir Mah.,261,2023,33.5,0.335,465
Menemen,Mermerli Mah.,7981,2023,33.5,0.335,14224
Menemen,Musabey Mah.,295,2023,33.5,0.335,526
Menemen,Mustafa Kemal Ataturk Mah.,490,2023,33.5,0.335,873
Menemen,Seydinnasrullah Mah.,592,2023,33.5,0.335,1055
Menemen,Suleymanli Mah.,527,2023,33.5,0.335,939
Menemen,Suzbeyli Mah.,43,2023,33.5,0.335,77
Menemen,Telekler Mah.,143,2023,33.5,0.335,255
Menemen,Turgutlar Mah.,53,2023,33.5,0.335,94
Menemen,Tuzcullu Mah.,278,2023,33.5,0.335,495
Menemen,Tulbentli Mah.,2220,2023,33.5,0.335,3957
Menemen,Ulus Mah.,4062,2023,33.5,0.335,7239
Menemen,Ugur Mumcu Mah.,16975,2023,33.5,0.335,30253
Menemen,Villakent Mah.,2915,2023,33.5,0.335,5195
Menemen,Yahselli Mah.,4668,2023,33.5,0.335,8319
Menemen,Yanikkoy Mah.,704,2023,33.5,0.335,1255
Menemen,Yayla Mah.,987,2023,33.5,0.335,1759
Menemen,Yesil Pinar Mah.,4240,2023,33.5,0.335,7557
Menemen,Yildirim Mah.,1342,2023,33.5,0.335,2392
Menemen,Zafer Mah.,1223,2023,33.5,0.335,2180
Menemen,Zeytinlik Mah.,3063,2023,33.5,0.335,5459
Menemen,Calti Mah.,244,2023,33.5,0.335,435
Menemen,Cavus Mah.,398,2023,33.5,0.335,709
Menemen,Cukurkoy Mah.,689,2023,33.5,0.335,1228
Menemen,Incirli Pinar Mah.,6091,2023,33.5,0.335,10856
Menemen,Inonu Mah.,3049,2023,33.5,0.335,5434
Menemen,Ismet Inonu Mah.,13116,2023,33.5,0.335,23376
Menemen,Istiklal Mah.,15651,2023,33.5,0.335,27894
Menemen,Ignedere Mah.,125,2023,33.5,0.335,223
Narlidere,2. Inonu Mah.,8492,2023,-12.39,-0.12390000000000001,6518
Narlidere,Altievler Mah.,2224,2023,-12.39,-0.12390000000000001,1707
Narlidere,Ataturk Mah.,5363,2023,-12.39,-0.12390000000000001,4116
Narlidere,Huzur Mah.,6803,2023,-12.39,-0.12390000000000001,5222
Narlidere,Ilica Mah.,8231,2023,-12.39,-0.12390000000000001,6318
Narlidere,Limanreis Mah.,3213,2023,-12.39,-0.12390000000000001,2466
Narlidere,Narli Mah.,7321,2023,-12.39,-0.12390000000000001,5619
Narlidere,Sahilevleri Mah.,2016,2023,-12.39,-0.12390000000000001,1547
Narlidere,Yenikale Mah.,5217,2023,-12.39,-0.12390000000000001,4004
Narlidere,Camtepe Mah.,5952,2023,-12.39,-0.12390000000000001,4568
Narlidere,Catalkaya Mah.,6488,2023,-12.39,-0.12390000000000001,4980
Seferihisar,Akarca Mah.,3019,2023,63.02,0.6302,8023
Seferihisar,Ataturk Mah.,1696,2023,63.02,0.6302,4507
Seferihisar,Bengiler Mah.,2670,2023,63.02,0.6302,7096
Seferihisar,Beyler Mah.,342,2023,63.02,0.6302,909
Seferihisar,Camikebir Mah.,9997,2023,63.02,0.6302,26568
Seferihisar,Cumhuriyet Mah.,1597,2023,63.02,0.6302,4244
Seferihisar,Duzce Mah.,1503,2023,63.02,0.6302,3994
Seferihisar,Godence Mah.,337,2023,63.02,0.6302,896
Seferihisar,Golcuk Mah.,137,2023,63.02,0.6302,364
Seferihisar,Hidirlik Mah.,7076,2023,63.02,0.6302,18805
Seferihisar,Kavakdere Mah.,308,2023,63.02,0.6302,819
Seferihisar,Mersin Alani Mah.,3282,2023,63.02,0.6302,8722
Seferihisar,Necat Hepkon Mah.,6024,2023,63.02,0.6302,16009
Seferihisar,Orhanli Mah.,1426,2023,63.02,0.6302,3790
Seferihisar,Payamli Mah.,1776,2023,63.02,0.6302,4720
Seferihisar,Sigacik Mah.,4273,2023,63.02,0.6302,11356
Seferihisar,Tepecik Mah.,2018,2023,63.02,0.6302,5363
Seferihisar,Turabiye Mah.,7873,2023,63.02,0.6302,20923
Seferihisar,Turgut Mah.,392,2023,63.02,0.6302,1042
Seferihisar,Ulamis Mah.,3107,2023,63.02,0.6302,8257
Seferihisar,Camtepe Mah.,126,2023,63.02,0.6302,335
Seferihisar,Colak Ibrahim Bey Mah.,4633,2023,63.02,0.6302,12312
Seferihisar,Ihsaniye Mah.,100,2023,63.02,0.6302,266
Selcuk,14 Mayis Mah.,7244,2023,8.25,0.0825,8489
Selcuk,Acarlar Mah.,388,2023,8.25,0.0825,455
Selcuk,Ataturk Mah.,7953,2023,8.25,0.0825,9319
Selcuk,Barutcu Mah.,142,2023,8.25,0.0825,166
Selcuk,Belevi Mah.,1888,2023,8.25,0.0825,2212
Selcuk,Cumhuriyet Mah.,7107,2023,8.25,0.0825,8328
Selcuk,Gokcealan Mah.,984,2023,8.25,0.0825,1153
Selcuk,Havutculu Mah.,249,2023,8.25,0.0825,292
Selcuk,Sultaniye Mah.,36,2023,8.25,0.0825,42
Selcuk,Zafer Mah.,7804,2023,8.25,0.0825,9145
Selcuk,Zeytinkoy Mah.,757,2023,8.25,0.0825,887
Selcuk,Camlik Mah.,980,2023,8.25,0.0825,1148
Selcuk,Isa Bey Mah.,2585,2023,8.25,0.0825,3029
Selcuk,Sirince Mah.,461,2023,8.25,0.0825,540
Tire,4 Eylul Mah.,4062,2023,5.39,0.053899999999999997,4512
Tire,Adnan Menderes Mah.,5014,2023,5.39,0.053899999999999997,5569
Tire,Akkoyunlu Mah.,456,2023,5.39,0.053899999999999997,506
Tire,Akmescit Mah.,457,2023,5.39,0.053899999999999997,508
Tire,Akyurt Mah.,366,2023,5.39,0.053899999999999997,407
Tire,Akcasehir Mah.,213,2023,5.39,0.053899999999999997,237
Tire,Alacali Mah.,228,2023,5.39,0.053899999999999997,253
Tire,Alayli Mah.,224,2023,5.39,0.053899999999999997,249
Tire,Armutlu Mah.,46,2023,5.39,0.053899999999999997,51
Tire,Ataturk Mah.,6153,2023,5.39,0.053899999999999997,6834
Tire,Ayaklikiri Mah.,302,2023,5.39,0.053899999999999997,335
Tire,Bahariye Mah.,1068,2023,5.39,0.053899999999999997,1186
Tire,Baskoy Mah.,454,2023,5.39,0.053899999999999997,504
Tire,Boynuyogun Mah.,326,2023,5.39,0.053899999999999997,362
Tire,Buyukkale Mah.,463,2023,5.39,0.053899999999999997,514
Tire,Buyukkemerdere Mah.,359,2023,5.39,0.053899999999999997,399
Tire,Buyukkomurcu Mah.,318,2023,5.39,0.053899999999999997,353
Tire,Cambazli Mah.,252,2023,5.39,0.053899999999999997,280
Tire,Cumhuriyet Mah.,3545,2023,5.39,0.053899999999999997,3937
Tire,Dallik Mah.,316,2023,5.39,0.053899999999999997,351
Tire,Dagdere Mah.,325,2023,5.39,0.053899999999999997,361
Tire,Dere Mah.,1358,2023,5.39,0.053899999999999997,1508
Tire,Derebasi Mah.,840,2023,5.39,0.053899999999999997,933
Tire,Dereli Mah.,260,2023,5.39,0.053899999999999997,289
Tire,Dibekci Mah.,76,2023,5.39,0.053899999999999997,84
Tire,Doyranli Mah.,286,2023,5.39,0.053899999999999997,318
Tire,Duatepe Mah.,374,2023,5.39,0.053899999999999997,415
Tire,Dumlupinar Mah.,557,2023,5.39,0.053899999999999997,619
Tire,Dundarli Mah.,307,2023,5.39,0.053899999999999997,341
Tire,Ertugrul Mah.,650,2023,5.39,0.053899999999999997,722
Tire,Eskioba Mah.,481,2023,5.39,0.053899999999999997,534
Tire,Egridere Mah.,612,2023,5.39,0.053899999999999997,680
Tire,Fatih Mah.,11988,2023,5.39,0.053899999999999997,13315
Tire,Gokcen Mah.,926,2023,5.39,0.053899999999999997,1029
Tire,Halkapinar Mah.,159,2023,5.39,0.053899999999999997,177
Tire,Hasancavuslar Mah.,150,2023,5.39,0.053899999999999997,167
Tire,Hisarlik Mah.,188,2023,5.39,0.053899999999999997,209
Tire,Hurriyet Mah.,8683,2023,5.39,0.053899999999999997,9644
Tire,Isiklar Mah.,460,2023,5.39,0.053899999999999997,511
Tire,Isikli Mah.,742,2023,5.39,0.053899999999999997,824
Tire,Kahrat Mah.,1152,2023,5.39,0.053899999999999997,1280
Tire,Kaplan Mah.,108,2023,5.39,0.053899999999999997,120
Tire,Karaca Ali Mah.,233,2023,5.39,0.053899999999999997,259
Tire,Karateke Mah.,558,2023,5.39,0.053899999999999997,620
Tire,Ketenci Mah.,1322,2023,5.39,0.053899999999999997,1468
Tire,Kireli Mah.,669,2023,5.39,0.053899999999999997,743
Tire,Kocaaliler Mah.,81,2023,5.39,0.053899999999999997,90
Tire,Kurtulus Mah.,4891,2023,5.39,0.053899999999999997,5432
Tire,Kursak Mah.,154,2023,5.39,0.053899999999999997,171
Tire,Kurdullu Mah.,282,2023,5.39,0.053899999999999997,313
Tire,Kucukburun Mah.,143,2023,5.39,0.053899999999999997,159
Tire,Kucukkale Mah.,212,2023,5.39,0.053899999999999997,235
Tire,Kucukkemerdere Mah.,593,2023,5.39,0.053899999999999997,659
Tire,Kucukkomurcu Mah.,120,2023,5.39,0.053899999999999997,133
Tire,Kirtepe Mah.,439,2023,5.39,0.053899999999999997,488
Tire,Kizilcahavlu Mah.,473,2023,5.39,0.053899999999999997,525
Tire,Mahmutlar Mah.,324,2023,5.39,0.053899999999999997,360
Tire,Mehmetler Mah.,188,2023,5.39,0.053899999999999997,209
Tire,Musalar Mah.,215,2023,5.39,0.053899999999999997,239
Tire,Ortakoy Mah.,129,2023,5.39,0.053899999999999997,143
Tire,Osmancik Mah.,257,2023,5.39,0.053899999999999997,285
Tire,Pasa Mah.,875,2023,5.39,0.053899999999999997,972
Tire,Pesrefli Mah.,562,2023,5.39,0.053899999999999997,624
Tire,Saruhanli Mah.,208,2023,5.39,0.053899999999999997,231
Tire,Sarilar Mah.,506,2023,5.39,0.053899999999999997,562
Tire,Somak Mah.,187,2023,5.39,0.053899999999999997,208
Tire,Toki Mah.,2719,2023,5.39,0.053899999999999997,3020
Tire,Topalak Mah.,161,2023,5.39,0.053899999999999997,179
Tire,Toparlar Mah.,105,2023,5.39,0.053899999999999997,117
Tire,Turan Mah.,1578,2023,5.39,0.053899999999999997,1753
Tire,Turgutlu Mah.,141,2023,5.39,0.053899999999999997,157
Tire,Yamandere Mah.,225,2023,5.39,0.053899999999999997,250
Tire,Yemisler Mah.,92,2023,5.39,0.053899999999999997,102
Tire,Yeni Mah.,1299,2023,5.39,0.053899999999999997,1443
Tire,Yenioba Mah.,233,2023,5.39,0.053899999999999997,259
Tire,Yeniciftlik Mah.,523,2023,5.39,0.053899999999999997,581
Tire,Yenisehir Mah.,106,2023,5.39,0.053899999999999997,118
Tire,Yegenli Mah.,441,2023,5.39,0.053899999999999997,490
Tire,Cayirli Mah.,264,2023,5.39,0.053899999999999997,293
Tire,Cerikozu Mah.,342,2023,5.39,0.053899999999999997,380
Tire,Ciniyeri Mah.,557,2023,5.39,0.053899999999999997,619
Tire,Cobankoy Mah.,260,2023,5.39,0.053899999999999997,289
Tire,Cukurkoy Mah.,129,2023,5.39,0.053899999999999997,143
Tire,Uzumler Mah.,169,2023,5.39,0.053899999999999997,188
Tire,Ibni Melek Mah.,4525,2023,5.39,0.053899999999999997,5026
Tire,Ihsaniye Mah.,1856,2023,5.39,0.053899999999999997,2061
Tire,Ipekciler Mah.,1629,2023,5.39,0.053899999999999997,1809
Tire,Istiklal Mah.,1249,2023,5.39,0.053899999999999997,1387
Torbali,19 Mayis Mah.,832,2023,29.48,0.2948,1395
Torbali,Ahmetli Mah.,1006,2023,29.48,0.2948,1687
Torbali,Alpkent Mah.,9891,2023,29.48,0.2948,16582
Torbali,Arslanlar Mah.,838,2023,29.48,0.2948,1405
Torbali,Atalan Mah.,462,2023,29.48,0.2948,775
Torbali,Ataturk Mah.,15007,2023,29.48,0.2948,25159
Torbali,Ayrancilar Mah.,17428,2023,29.48,0.2948,29218
Torbali,Bahcelievler Mah.,5274,2023,29.48,0.2948,8842
Torbali,Bozkoy Mah.,455,2023,29.48,0.2948,763
Torbali,Bulbuldere Mah.,170,2023,29.48,0.2948,285
Torbali,Cumhuriyet Mah.,10377,2023,29.48,0.2948,17397
Torbali,Dagkizilca Mah.,961,2023,29.48,0.2948,1611
Torbali,Dagteke Mah.,149,2023,29.48,0.2948,250
Torbali,Demirci Mah.,517,2023,29.48,0.2948,867
Torbali,Dirmil Mah.,741,2023,29.48,0.2948,1242
Torbali,Duverlik Mah.,167,2023,29.48,0.2948,280
Torbali,Ertugrul Mah.,19213,2023,29.48,0.2948,32211
Torbali,Egerci Mah.,1028,2023,29.48,0.2948,1723
Torbali,Fevzi Cakmak Mah.,15461,2023,29.48,0.2948,25920
Torbali,Gazi Mustafa Kemal Mah.,1090,2023,29.48,0.2948,1827
Torbali,Golluce Mah.,650,2023,29.48,0.2948,1090
Torbali,Helvaci Mah.,218,2023,29.48,0.2948,365
Torbali,Kaplancik Mah.,253,2023,29.48,0.2948,424
Torbali,Karakuyu Mah.,533,2023,29.48,0.2948,894
Torbali,Karakizlar Mah.,481,2023,29.48,0.2948,806
Torbali,Karaot Mah.,275,2023,29.48,0.2948,461
Torbali,Karsiyaka Mah.,2720,2023,29.48,0.2948,4560
Torbali,Kazim Karabekir Mah.,3368,2023,29.48,0.2948,5646
Torbali,Kuscuburun Mah.,1900,2023,29.48,0.2948,3185
Torbali,Kirbas Mah.,234,2023,29.48,0.2948,392
Torbali,Muratbey Mah.,24226,2023,29.48,0.2948,40615
Torbali,Mustafa Kemal Ataturk Mah.,1028,2023,29.48,0.2948,1723
Torbali,Naime Mah.,292,2023,29.48,0.2948,490
Torbali,Ormankoy Mah.,290,2023,29.48,0.2948,486
Torbali,Ortakoy Mah.,101,2023,29.48,0.2948,169
Torbali,Pamukyazi Mah.,2136,2023,29.48,0.2948,3581
Torbali,Pancar Mah.,1907,2023,29.48,0.2948,3197
Torbali,Saipler Mah.,264,2023,29.48,0.2948,443
Torbali,Saglik Mah.,141,2023,29.48,0.2948,236
Torbali,Subasi Mah.,2669,2023,29.48,0.2948,4475
Torbali,Taskesik Mah.,526,2023,29.48,0.2948,882
Torbali,Tepekoy Mah.,7340,2023,29.48,0.2948,12306
Torbali,Torbali Mah.,23490,2023,29.48,0.2948,39381
Torbali,Tulum Mah.,462,2023,29.48,0.2948,775
Torbali,Turkmenkoy Mah.,1948,2023,29.48,0.2948,3266
Torbali,Yazibasi Mah.,3388,2023,29.48,0.2948,5680
Torbali,Yedi Eylul Mah.,5004,2023,29.48,0.2948,8389
Torbali,Yemislik Mah.,2172,2023,29.48,0.2948,3641
Torbali,Yeni Mah.,1415,2023,29.48,0.2948,2372
Torbali,Yenikoy Mah.,1531,2023,29.48,0.2948,2567
Torbali,Yesilkoy Mah.,562,2023,29.48,0.2948,942
Torbali,Yogurtcular Mah.,350,2023,29.48,0.2948,587
Torbali,Cakirbeyli Mah.,528,2023,29.48,0.2948,885
Torbali,Camlica Mah.,284,2023,29.48,0.2948,476
Torbali,Capak Mah.,1856,2023,29.48,0.2948,3112
Torbali,Caybasi Mah.,1447,2023,29.48,0.2948,2426
Torbali,Ozbey Mah.,3628,2023,29.48,0.2948,6082
Torbali,Inonu Mah.,20307,2023,29.48,0.2948,34045
Torbali,Istiklal Mah.,2382,2023,29.48,0.2948,3993
Torbali,Sehitler Mah.,760,2023,29.48,0.2948,1274
Urla,Altintas Mah.,3455,2023,37.59,0.3759,6541
Urla,Ataturk Mah.,4652,2023,37.59,0.3759,8807
Urla,Bademler Mah.,2599,2023,37.59,0.3759,4920
Urla,Balikliova Mah.,1246,2023,37.59,0.3759,2359
Urla,Barbaros Mah.,462,2023,37.59,0.3759,875
Urla,Birgi Mah.,207,2023,37.59,0.3759,392
Urla,Camiatik Mah.,787,2023,37.59,0.3759,1490
Urla,Demircili Mah.,262,2023,37.59,0.3759,496
Urla,Denizli Mah.,3772,2023,37.59,0.3759,7141
Urla,Gulbahce Mah.,7039,2023,37.59,0.3759,13326
Urla,Guvendik Mah.,3900,2023,37.59,0.3759,7383
Urla,Haci Isa Mah.,1639,2023,37.59,0.3759,3103
Urla,Kadiovacik Mah.,347,2023,37.59,0.3759,657
Urla,Kalabak Mah.,5663,2023,37.59,0.3759,10721
Urla,Kuscular Mah.,4060,2023,37.59,0.3759,7686
Urla,M.Fevzi Cakmak Mah.,3417,2023,37.59,0.3759,6469
Urla,Naipli Mah.,369,2023,37.59,0.3759,699
Urla,Nohutalan Mah.,171,2023,37.59,0.3759,324
Urla,Ovacik Mah.,201,2023,37.59,0.3759,381
Urla,Rustem Mah.,1366,2023,37.59,0.3759,2586
Urla,Sira Mah.,3363,2023,37.59,0.3759,6366
Urla,Torasan Mah.,1882,2023,37.59,0.3759,3563
Urla,Uzunkuyu Mah.,601,2023,37.59,0.3759,1138
Urla,Yaka Mah.,4955,2023,37.59,0.3759,9380
Urla,Yagcilar Mah.,549,2023,37.59,0.3759,1039
Urla,Yelalti Mah.,3290,2023,37.59,0.3759,6228
Urla,Yeni Mah.,624,2023,37.59,0.3759,1181
Urla,Yenice Mah.,1364,2023,37.59,0.3759,2582
Urla,Yenikent Mah.,3114,2023,37.59,0.3759,5895
Urla,Zeytinalani Mah.,2360,2023,37.59,0.3759,4468
Urla,Zeytineli Mah.,412,2023,37.59,0.3759,780
Urla,Zeytinler Mah.,491,2023,37.59,0.3759,930
Urla,Camlicay Mah.,2983,2023,37.59,0.3759,5647
Urla,Ozbek Mah.,1875,2023,37.59,0.3759,3550
Urla,Iskele Mah.,3057,2023,37.59,0.3759,5787
Urla,Icmeler Mah.,3620,2023,37.59,0.3759,6853
Urla,Sirinkent Mah.,1867,2023,37.59,0.3759,3534
Cesme,16 Eylul Mah.,3653,2023,22.31,0.2231,5465
Cesme,Alacati Mah.,10715,2023,22.31,0.2231,16029
Cesme,Altinkum Mah.,212,2023,22.31,0.2231,317
Cesme,Altinyunus Mah.,453,2023,22.31,0.2231,678
Cesme,Ardic Mah.,613,2023,22.31,0.2231,917
Cesme,Boyalik Mah.,495,2023,22.31,0.2231,741
Cesme,Celal Bayar Mah.,866,2023,22.31,0.2231,1296
Cesme,Cumhuriyet Mah.,1264,2023,22.31,0.2231,1891
Cesme,Dalyan Mah.,2592,2023,22.31,0.2231,3878
Cesme,Fahrettinpasa Mah.,427,2023,22.31,0.2231,639
Cesme,Germiyan Mah.,1783,2023,22.31,0.2231,2667
Cesme,Ildir Mah.,751,2023,22.31,0.2231,1123
Cesme,Ilica Mah.,1282,2023,22.31,0.2231,1918
Cesme,Karakoy Mah.,28,2023,22.31,0.2231,42
Cesme,Musalla Mah.,5534,2023,22.31,0.2231,8279
Cesme,Ovacik Mah.,3115,2023,22.31,0.2231,4660
Cesme,Reisdere Mah.,5199,2023,22.31,0.2231,7778
Cesme,Sakarya Mah.,1202,2023,22.31,0.2231,1798
Cesme,Yali Mah.,1070,2023,22.31,0.2231,1601
Cesme,Cakabey Mah.,265,2023,22.31,0.2231,396
Cesme,Ciftlik Mah.,2427,2023,22.31,0.2231,3631
Cesme,Universite Mah.,556,2023,22.31,0.2231,832
Cesme,Ismet Inonu Mah.,5780,2023,22.31,0.2231,8647
Cesme,Sehit Mehmet Mah.,396,2023,22.31,0.2231,592
Cesme,Sifne Mah.,1224,2023,22.31,0.2231,1831
Cigli,Ahmet Efendi Mah.,2029,2023,5.16,0.0516,2244
Cigli,Ahmet Taner Kislali Mah.,6354,2023,5.16,0.0516,7027
Cigli,Ataturk Mah.,12781,2023,5.16,0.0516,14134
Cigli,Atasehir Mah.,28864,2023,5.16,0.0516,31920
Cigli,Aydinlikevler Mah.,3937,2023,5.16,0.0516,4354
Cigli,Balatcik Mah.,19082,2023,5.16,0.0516,21102
Cigli,Cumhuriyet Mah.,6834,2023,5.16,0.0516,7557
Cigli,Egekent Mah.,8107,2023,5.16,0.0516,8965
Cigli,Esentepe Mah.,6224,2023,5.16,0.0516,6883
Cigli,Evka-2 Mah.,4139,2023,5.16,0.0516,4577
Cigli,Evka-5 Mah.,12717,2023,5.16,0.0516,14063
Cigli,Evka-6 Mah.,2263,2023,5.16,0.0516,2503
Cigli,Guzeltepe Mah.,6399,2023,5.16,0.0516,7076
Cigli,Harmandali Gazi Mustafa Kemal Ataturk Mah.,2826,2023,5.16,0.0516,3125
Cigli,Kaklic Mah.,1618,2023,5.16,0.0516,1789
Cigli,Koyici Mah.,3898,2023,5.16,0.0516,4311
Cigli,Kucuk Cigli Mah.,21784,2023,5.16,0.0516,24090
Cigli,Maltepe Mah.,4108,2023,5.16,0.0516,4543
Cigli,Sasali Merkez Mah.,4677,2023,5.16,0.0516,5172
Cigli,Ugur Mumcu Mah.,6183,2023,5.16,0.0516,6838
Cigli,Yakakent Mah.,10307,2023,5.16,0.0516,11398
Cigli,Yeni Mahalle Mah.,12633,2023,5.16,0.0516,13970
Cigli,Cagdas Mah.,6125,2023,5.16,0.0516,6773
Cigli,Inonu Mah.,7881,2023,5.16,0.0516,8715
Cigli,Izkent Mah.,6295,2023,5.16,0.0516,6961
Cigli,Sirintepe Mah.,8355,2023,5.16,0.0516,9239
Odemis,Akincilar Mah.,1454,2023,-0.68,-0.0068000000000000005,1434
Odemis,Alasarli Mah.,411,2023,-0.68,-0.0068000000000000005,405
Odemis,Anafartalar Mah.,9255,2023,-0.68,-0.0068000000000000005,9130
Odemis,Articak Mah.,104,2023,-0.68,-0.0068000000000000005,103
Odemis,Ataturk Mah.,8503,2023,-0.68,-0.0068000000000000005,8388
Odemis,Bademli Mah.,2334,2023,-0.68,-0.0068000000000000005,2302
Odemis,Balabanli Mah.,848,2023,-0.68,-0.0068000000000000005,837
Odemis,Bayirli Mah.,235,2023,-0.68,-0.0068000000000000005,232
Odemis,Bebekler Mah.,127,2023,-0.68,-0.0068000000000000005,125
Odemis,Bengisu Mah.,5146,2023,-0.68,-0.0068000000000000005,5076
Odemis,Beyazitlar Mah.,208,2023,-0.68,-0.0068000000000000005,205
Odemis,Birgi Mah.,1741,2023,-0.68,-0.0068000000000000005,1717
Odemis,Bozcayaka Mah.,468,2023,-0.68,-0.0068000000000000005,462
Odemis,Bozdag Mah.,481,2023,-0.68,-0.0068000000000000005,474
Odemis,Bucak Mah.,346,2023,-0.68,-0.0068000000000000005,341
Odemis,Bulbuller Mah.,115,2023,-0.68,-0.0068000000000000005,113
Odemis,Buyukavulcuk Mah.,265,2023,-0.68,-0.0068000000000000005,261
Odemis,Bicakci Mah.,1755,2023,-0.68,-0.0068000000000000005,1731
Odemis,Cevizalan Mah.,198,2023,-0.68,-0.0068000000000000005,195
Odemis,Cumhuriyet Mah.,4763,2023,-0.68,-0.0068000000000000005,4698
Odemis,Demircili Mah.,723,2023,-0.68,-0.0068000000000000005,713
Odemis,Demirdere Mah.,491,2023,-0.68,-0.0068000000000000005,484
Odemis,Dereuzunyer Mah.,111,2023,-0.68,-0.0068000000000000005,109
Odemis,Dolaylar Mah.,261,2023,-0.68,-0.0068000000000000005,257
Odemis,Emirli Mah.,1000,2023,-0.68,-0.0068000000000000005,986
Odemis,Emmioglu Mah.,1736,2023,-0.68,-0.0068000000000000005,1712
Odemis,Ertugrul Mah.,520,2023,-0.68,-0.0068000000000000005,513
Odemis,Gereli Mah.,919,2023,-0.68,-0.0068000000000000005,907
Odemis,Gercekli Mah.,528,2023,-0.68,-0.0068000000000000005,521
Odemis,Golcuk Mah.,2163,2023,-0.68,-0.0068000000000000005,2134
Odemis,Guney Mah.,405,2023,-0.68,-0.0068000000000000005,400
Odemis,Gunluce Mah.,1106,2023,-0.68,-0.0068000000000000005,1091
Odemis,Hacihasan Mah.,218,2023,-0.68,-0.0068000000000000005,215
Odemis,Hamam Mah.,562,2023,-0.68,-0.0068000000000000005,554
Odemis,Horzum Mah.,522,2023,-0.68,-0.0068000000000000005,515
Odemis,Hurriyet Mah.,6271,2023,-0.68,-0.0068000000000000005,6186
Odemis,Isik Mah.,93,2023,-0.68,-0.0068000000000000005,92
Odemis,Karadogan Mah.,548,2023,-0.68,-0.0068000000000000005,541
Odemis,Karakova Mah.,125,2023,-0.68,-0.0068000000000000005,123
Odemis,Kayakoy Mah.,1057,2023,-0.68,-0.0068000000000000005,1043
Odemis,Kaymakci Mah.,5634,2023,-0.68,-0.0068000000000000005,5558
Odemis,Kazanli Mah.,413,2023,-0.68,-0.0068000000000000005,407
Odemis,Kemenler Mah.,423,2023,-0.68,-0.0068000000000000005,417
Odemis,Kemer Mah.,238,2023,-0.68,-0.0068000000000000005,235
Odemis,Kerpiclik Mah.,195,2023,-0.68,-0.0068000000000000005,192
Odemis,Konakli Mah.,1469,2023,-0.68,-0.0068000000000000005,1449
Odemis,Kurucuova Mah.,818,2023,-0.68,-0.0068000000000000005,807
Odemis,Kutlubeyler Mah.,145,2023,-0.68,-0.0068000000000000005,143
Odemis,Kuvvetli Mah.,1874,2023,-0.68,-0.0068000000000000005,1849
Odemis,Kofundere Mah.,231,2023,-0.68,-0.0068000000000000005,228
Odemis,Koseler Mah.,499,2023,-0.68,-0.0068000000000000005,492
Odemis,Kure Mah.,429,2023,-0.68,-0.0068000000000000005,423
Odemis,Kucukavulcuk Mah.,444,2023,-0.68,-0.0068000000000000005,438
Odemis,Kucukoren Mah.,367,2023,-0.68,-0.0068000000000000005,362
Odemis,Kizilca Mah.,119,2023,-0.68,-0.0068000000000000005,117
Odemis,Kizilcaavlu Mah.,463,2023,-0.68,-0.0068000000000000005,457
Odemis,Kisla Mah.,127,2023,-0.68,-0.0068000000000000005,125
Odemis,Mescitli Mah.,590,2023,-0.68,-0.0068000000000000005,582
Odemis,Mesrutiyet Mah.,929,2023,-0.68,-0.0068000000000000005,916
Odemis,Mimar Sinan Mah.,2450,2023,-0.68,-0.0068000000000000005,2417
Odemis,Mursalli Mah.,257,2023,-0.68,-0.0068000000000000005,254
Odemis,Ocakli Mah.,385,2023,-0.68,-0.0068000000000000005,380
Odemis,Orhangazi Mah.,320,2023,-0.68,-0.0068000000000000005,316
Odemis,Ortakoy Mah.,127,2023,-0.68,-0.0068000000000000005,125
Odemis,Ovacik Mah.,181,2023,-0.68,-0.0068000000000000005,179
Odemis,Ovakent Mah.,2049,2023,-0.68,-0.0068000000000000005,2021
Odemis,Oguzlar Mah.,116,2023,-0.68,-0.0068000000000000005,114
Odemis,Pirincci Mah.,421,2023,-0.68,-0.0068000000000000005,415
Odemis,Sekikoy Mah.,395,2023,-0.68,-0.0068000000000000005,390
Odemis,Seyrekli Mah.,507,2023,-0.68,-0.0068000000000000005,500
Odemis,Sucikti Mah.,96,2023,-0.68,-0.0068000000000000005,95
Odemis,Suleyman Demirel Mah.,10347,2023,-0.68,-0.0068000000000000005,10207
Odemis,Suleymanlar Mah.,58,2023,-0.68,-0.0068000000000000005,57
Odemis,Tekke Mah.,335,2023,-0.68,-0.0068000000000000005,330
Odemis,Tosunlar Mah.,173,2023,-0.68,-0.0068000000000000005,171
Odemis,Turkmen Mah.,4649,2023,-0.68,-0.0068000000000000005,4586
Odemis,Turkonu Mah.,304,2023,-0.68,-0.0068000000000000005,300
Odemis,Umurbey Mah.,2621,2023,-0.68,-0.0068000000000000005,2585
Odemis,Uzundere Mah.,188,2023,-0.68,-0.0068000000000000005,185
Odemis,Veliler Mah.,154,2023,-0.68,-0.0068000000000000005,152
Odemis,Yenicekoy Mah.,757,2023,-0.68,-0.0068000000000000005,747
Odemis,Yenikoy Mah.,753,2023,-0.68,-0.0068000000000000005,743
Odemis,Yesilkoy Mah.,187,2023,-0.68,-0.0068000000000000005,184
Odemis,Yolustu Mah.,1165,2023,-0.68,-0.0068000000000000005,1149
Odemis,Yusufdere Mah.,338,2023,-0.68,-0.0068000000000000005,333
Odemis,Yilanli Mah.,117,2023,-0.68,-0.0068000000000000005,115
Odemis,Zafer Mah.,11779,2023,-0.68,-0.0068000000000000005,11619
Odemis,Camlica Mah.,341,2023,-0.68,-0.0068000000000000005,336
Odemis,Camyayla Mah.,346,2023,-0.68,-0.0068000000000000005,341
Odemis,Cayli Mah.,1327,2023,-0.68,-0.0068000000000000005,1309
Odemis,Cayir Mah.,603,2023,-0.68,-0.0068000000000000005,595
Odemis,Caglayan Mah.,109,2023,-0.68,-0.0068000000000000005,108
Odemis,Cobanlar Mah.,235,2023,-0.68,-0.0068000000000000005,232
Odemis,Uzumlu Mah.,228,2023,-0.68,-0.0068000000000000005,225
Odemis,Uc Eylul Mah.,4380,2023,-0.68,-0.0068000000000000005,4321
Odemis,Uckonak Mah.,520,2023,-0.68,-0.0068000000000000005,513
Odemis,Ilkkursun Mah.,146,2023,-0.68,-0.0068000000000000005,144
Odemis,Inonu Mah.,9426,2023,-0.68,-0.0068000000000000005,9298
Odemis,Sirinkoy Mah.,135,2023,-0.68,-0.0068000000000000005,133
