ILCE,MAHALLE,NUFUS,ALAN_M2,LST_C,NDVI,NDBI,KISI_BASI_M2
ALIAGA,ASAGISAKRAN,267,700.0,35.12072237853369,0.3935735183802789,-0.0082084891249473,2.62
ALIAGA,B.HAYRETTINPASA,1597,21185.0,34.4736970830806,0.2839831539518727,0.0139531689818208,13.27
ALIAGA,BAHCEDERE,11997,558.0,41.26113081721618,0.2077043418771472,0.0929294910741519,0.05
ALIAGA,CAKMAKLI,884,4671.0,34.520734575121175,0.2609344328857811,0.0365518465659852,5.28
ALIAGA,CALTILIDERE,742,7830.0,35.66604684290295,0.3077590354770732,0.0009465261791975,10.55
ALIAGA,CITAK,487,2233.0,33.74904592583025,0.4785670142805812,-0.0822205597468105,4.59
ALIAGA,CORAKLAR,123,658.0,38.28254479087878,0.343857007397223,0.0361518234734949,5.35
ALIAGA,GUZELHISAR,694,5804.0,34.7372849037244,0.3786109640327094,-0.0326945642613412,8.36
ALIAGA,HACIOMERLI,910,23454.0,38.304469269795135,0.3325695254535848,0.0603476402918215,25.77
ALIAGA,HOROZGEDIGI,283,1800.0,35.896671369852804,0.2510259336386592,0.0059465453364919,6.36
ALIAGA,KARAKOY,193,2421.0,37.01861650464154,0.3571011635062665,0.0280761718825575,12.54
ALIAGA,KARAKUZU,515,4327.0,36.35974275408828,0.4274105666712409,-0.0341739012765119,8.4
ALIAGA,SAMURLU,422,1605.0,36.11927189843219,0.3645388870635772,-0.0269463898805913,3.8
ALIAGA,SEHITKEMAL,781,1617.0,30.9723330358677,0.4654759115686024,-0.0732930200502149,2.07
ALIAGA,UZUNHASANLAR,265,4527.0,39.10194290237342,0.3465289285247636,0.0152225918636949,17.08
ALIAGA,YUKARISEHITKEMAL,687,845.0,35.71449090699648,0.3351780814428676,-0.0144972954692323,1.23
ALIAGA,YUKSEKKOY,150,603.0,38.37114642565562,0.3283418525349009,0.0645155068835461,4.02
BALCOVA,BAHCELERARASI,597,13087.0,34.507207279041914,0.37199404767741,-0.0752446324158024,21.92
BALCOVA,CETINEMEC,10953,16813.0,34.358255847332,0.4712301655227959,-0.0973576908259165,1.54
BALCOVA,EGITIM,13633,6847.0,35.94981930446068,0.2011608807135167,0.0354180916824341,0.5
BALCOVA,INCIRALTI,3199,11889.0,34.77705172848839,0.3467064684245408,-0.0495337376129552,3.72
BALCOVA,KORUTURK,12300,27380.0,35.13326787671096,0.2520190003693164,-0.0121694871501917,2.23
BALCOVA,ONUR,15693,8068.0,37.133826294623006,0.1543898958257117,0.0647904250181727,0.51
BALCOVA,TELEFERIK,8432,5835.0,31.08297653168273,0.561392742818313,-0.189770398976378,0.69
BAYINDIR,ALANKIYI,389,2000.0,25.80199660332081,0.6881277981236429,-0.2495581246887491,5.14
BAYINDIR,ALANKOY,146,9554.0,31.19088506066205,0.5877115005237614,-0.1286055921380068,65.44
BAYINDIR,ARIKBASI,818,9886.0,38.12195764897684,0.4977872813065011,-0.0996889751825077,12.09
BAYINDIR,BALCILAR,310,3018.0,26.205993394053987,0.6819049501939382,-0.2412254976573603,9.74
BAYINDIR,BIYIKLAR,572,2025.0,39.536899768427126,0.2580985661401235,0.0550527770534193,3.54
BAYINDIR,BURUNCUK,476,3500.0,38.21672188514817,0.3986682444481031,-0.0537727218781333,7.35
BAYINDIR,CAMII,581,6985.0,39.71743064955298,0.1932278756446818,0.1133214012460919,12.02
BAYINDIR,CAMLIBEL,292,800.0,29.515315680986244,0.6416775340426328,-0.2249549862306694,2.74
BAYINDIR,CENIKLER,57,750.0,35.74127606186364,0.5167055219043918,-0.0860986664998736,13.16
BAYINDIR,CIFTCIGEDIGI,213,728.0,39.44263383193095,0.4510589535269979,-0.0856890886492516,3.42
BAYINDIR,CINARDIBI,731,6743.0,29.33015703504537,0.6272204103115588,-0.2027784735670735,9.22
BAYINDIR,CUMHURIYET,747,10740.0,35.56841546509645,0.3460010352252587,-0.0385699466735852,14.38
BAYINDIR,DEMIRCILIK,857,3000.0,39.64802836828285,0.3891638639947035,-0.0085733430182618,3.5
BAYINDIR,DERNEKLI,149,400.0,30.957230087633764,0.662419027654728,-0.2309353453530199,2.68
BAYINDIR,ELIFLI,294,2300.0,36.53350250787954,0.4781338250501652,-0.1105002086088758,7.82
BAYINDIR,ERGENLI,488,1200.0,35.09242262147772,0.5162915782727968,-0.1023292112785109,2.46
BAYINDIR,FIRINLI,1057,6500.0,36.40259251120111,0.4662798242462823,-0.0917686485992528,6.15
BAYINDIR,GAZILER,56,1200.0,34.279251623875055,0.3596806829912836,-0.0204252164837195,21.43
BAYINDIR,HACIIBRAHIM,1351,2410.0,37.70203815604072,0.4496122814878038,-0.0113546329625117,1.78
BAYINDIR,HASKOY,772,11500.0,34.8913272990162,0.4724298781318377,-0.1380605694470857,14.9
BAYINDIR,HATAY,616,500.0,39.33148560907309,0.3992705256881853,0.004343654933058,0.81
BAYINDIR,HAVUZBASI,394,4430.0,37.187584142936245,0.3886949983132438,-0.0663950204639511,11.24
BAYINDIR,IBRAHIMCAVUS,618,4542.0,39.294456064766514,0.3729322394162377,-0.0732937260405031,7.35
BAYINDIR,KABAAGAC,74,900.0,30.00107491056924,0.6554102527422755,-0.2027481280182298,12.16
BAYINDIR,KARAHALILLI,440,1500.0,37.81189916684914,0.4528655002543972,-0.0857848259337589,3.41
BAYINDIR,KARAHAYIT,32,500.0,33.52386321956527,0.5077630098950422,-0.0782305693471787,15.62
BAYINDIR,KARAPINAR,63,500.0,34.5124893381527,0.4923297400649939,-0.0631659243468387,7.94
BAYINDIR,KIZILCAAGAC,218,2140.0,30.10914923463758,0.6461427506737938,-0.2142887173731627,9.82
BAYINDIR,KIZILCAOVA,935,8900.0,37.52028233552984,0.4861561279494037,-0.1237006312720463,9.52
BAYINDIR,KIZILKECILI,518,1500.0,28.87072427110496,0.6380971075165477,-0.1980626315859595,2.9
BAYINDIR,KIZILOBA,641,2400.0,27.532558702459923,0.685476866821336,-0.2471632424135317,3.74
BAYINDIR,KURT,732,1250.0,39.112426173013226,0.1893875663816033,0.106543733170752,1.71
BAYINDIR,LUTUFLAR,422,1600.0,32.72358215648712,0.5282774620550225,-0.1135509050100604,3.79
BAYINDIR,MEKTEP,931,8000.0,38.82219838111944,0.4022293143583125,-0.1029398364615643,8.59
BAYINDIR,NECATIUZA,1350,3000.0,39.24964005183103,0.3430035110289629,-0.0849235952939013,2.22
BAYINDIR,ORTA,226,400.0,39.40736379414426,0.2390898763331453,0.0786257169657538,1.77
BAYINDIR,OSMANLAR,279,850.0,30.41850799826948,0.6399569879871392,-0.1994928893361816,3.05
BAYINDIR,PINARLI,1244,4786.0,36.71443078278367,0.4593706449295708,-0.0576379898257144,3.85
BAYINDIR,SADIKPASA,5033,17510.0,35.3069258707818,0.4874597397680688,-0.1460115123205907,3.48
BAYINDIR,SARIYURT,346,1576.0,26.35047596202117,0.6878174934696705,-0.2465876341943318,4.55
BAYINDIR,SOGUTOREN,725,2000.0,33.45780481803184,0.5726450382511881,-0.1535339660679537,2.76
BAYINDIR,TOKATBASI,525,1500.0,34.28665416109392,0.4962079460259915,-0.1489718038442448,2.86
BAYINDIR,TURAN,388,1500.0,35.19521511381059,0.3939083240872148,-0.0478097612938541,3.87
BAYINDIR,YAKACIK,567,7440.0,35.68051489080801,0.5238924208939504,-0.1588747077692164,13.12
BAYINDIR,YAKAPINAR,863,4316.0,37.11908086551252,0.4794572969926499,-0.1187836696959751,5.0
BAYINDIR,YESILOVA,732,1070.0,36.08029618299706,0.2764695867395567,-0.022837147006966,1.46
BAYINDIR,YUSUFLU,835,3875.0,36.92575072722159,0.4732040956294469,-0.0988045412672343,4.64
BAYINDIR,ZEYTINOVA,1184,5400.0,37.55559907882358,0.4366629263375834,-0.0671439907995742,4.56
BAYRAKLI,75.YIL,3330,19483.0,36.59466544329853,0.2247551148759276,0.0182492651183498,5.85
BAYRAKLI,ADALET,18405,28581.0,35.55010671496995,0.1771445975310206,0.011301458286529,1.55
BAYRAKLI,ALPASLAN,8107,2975.0,35.902437328184966,0.1223227077874155,0.0643991720991857,0.37
BAYRAKLI,BAYRAKLI,6211,4480.0,34.02272895769421,0.187388744821704,-0.0012990248905658,0.72
BAYRAKLI,CAY,7816,7409.0,35.652786119809925,0.0906104493514789,0.0761967793292754,0.95
BAYRAKLI,CENGIZHAN,12243,94000.0,35.734300320779425,0.1739504869755938,0.0432061777357376,7.68
BAYRAKLI,CICEK,9840,11000.0,36.40443232970125,0.1136933778490507,0.0650510432205759,1.12
BAYRAKLI,DOGANCAY,2242,8426.0,34.09614402376763,0.4353983018972022,-0.0537870241306086,3.76
BAYRAKLI,EMEK,12562,17365.0,36.9308608547859,0.1623037925966815,0.04480419497768,1.38
BAYRAKLI,FUATEDIPBAKSI,11077,27624.0,35.82543295625513,0.20793889299567,0.0128644788654937,2.49
BAYRAKLI,GUMUSPALA,15554,10742.0,35.939494475842146,0.1374260631351041,0.0463255501074143,0.69
BAYRAKLI,KORFEZ,5916,21445.0,36.91660531598015,0.3889669725845006,-0.0176285984069919,3.62
BAYRAKLI,MANAVKUYU,24158,196895.0,35.03790203543698,0.2448728295927282,-0.0197160904129529,8.15
BAYRAKLI,MANSUROGLU,19688,133908.0,35.67837959837603,0.2055613774477262,-0.0061176716511892,6.8
BAYRAKLI,MUHITTINERENER,8178,715.0,36.080648921775065,0.1039573712084789,0.0689881436291833,0.09
BAYRAKLI,ORG.NAFIZGURMAN,13851,51808.0,36.34862681579272,0.2561678016772246,0.0304261770888064,3.74
BAYRAKLI,OSMANGAZI,25348,72482.0,36.99059158465048,0.2031916908720301,0.0054485723066,2.86
BAYRAKLI,POSTACILAR,12544,30983.0,37.54236264450462,0.1954670372648084,0.0428313762408143,2.47
BAYRAKLI,R.SEVKETINCE,12495,17502.0,37.486968169334425,0.1367205538999545,0.0519786957365898,1.4
BAYRAKLI,SOGUKKUYU,11921,81029.0,35.87386143114345,0.3100908422269159,-0.0416846732375774,6.8
BAYRAKLI,TEPEKULE,14256,38667.0,35.75261597770438,0.1901431414842282,0.0190458101679749,2.71
BERGAMA,AHMETBEYLER,248,600.0,35.95819070000203,0.3580084470335887,0.0049910845090794,2.42
BERGAMA,AKCENGER,180,450.0,34.274997531721226,0.4436129761816584,-0.0248237459743111,2.5
BERGAMA,ALACALAR,107,2500.0,35.50283124012708,0.5230839506066468,-0.0926782556764965,23.36
BERGAMA,ALHATLI,228,350.0,31.976922872127165,0.5098844133462614,-0.0923756057002617,1.54
BERGAMA,ALIBEYLI,394,5000.0,38.14730924012414,0.3477613361497397,0.0387336180364428,12.69
BERGAMA,ARMAGANLAR,105,200.0,35.83020020370795,0.41867588047561,-0.0330524817369818,1.9
BERGAMA,ASAGIBEY,475,1750.0,31.223001049760907,0.6458806068949431,-0.1992153686673574,3.68
BERGAMA,ASAGICUMA,475,4000.0,36.622977217106666,0.5082819600170712,-0.0707869107325044,8.42
BERGAMA,ASAGIILGINDERE,79,2000.0,33.84950768814314,0.466843191989817,-0.0741034636947259,25.32
BERGAMA,ASAGIKIRIKLAR,476,3500.0,35.46458136866524,0.2950890932113041,0.0203303626739559,7.35
BERGAMA,ATCILAR,56,250.0,37.66551804635986,0.3921143213882271,0.0285991133966167,4.46
BERGAMA,ATMACA,1921,5922.0,38.32021725361079,0.2245709370645567,0.0570553455351851,3.08
BERGAMA,AVUNDUK,24,150.0,34.404590567994944,0.4651612954860801,-0.0141647044606655,6.25
BERGAMA,AYASKENT,643,5000.0,34.86728941956296,0.3502359785222914,-0.0119848297000404,7.78
BERGAMA,AYVATLAR,195,750.0,31.763001325764808,0.6332940127016956,-0.1836282443179245,3.85
BERGAMA,AZIZIYE,300,1900.0,36.61483803400799,0.2903706553868744,0.0241532134474331,6.33
BERGAMA,BAYRAMCILAR,142,600.0,35.77170919160936,0.46200949624723,-0.0028879308564894,4.23
BERGAMA,BEKIRLER,18,90000.0,32.12348565074417,0.5876121160004373,-0.0968824136563091,5000.0
BERGAMA,BOLCEK,945,3500.0,34.73610323243115,0.3580177795796418,-0.0380973261578389,3.7
BERGAMA,BOZKOY,256,2500.0,33.43003880782844,0.4401618672385183,-0.0815564858809495,9.77
BERGAMA,BOZYERLER,240,3000.0,34.55036607187119,0.4766971467311983,-0.0745997990733874,12.5
BERGAMA,CAKIRLAR,63,300.0,29.50233949208031,0.6520722056839218,-0.1998965168945052,4.76
BERGAMA,CALIBAHCE,60,320.0,32.261079117142366,0.425880550844645,-0.0503406843909102,5.33
BERGAMA,CALTIKORU,48,220.0,36.73542403081909,0.3186226017711916,0.0558213609340065,4.58
BERGAMA,CAMAVLU,528,1670.0,32.30544602756606,0.5035255633014029,-0.0395959038610906,3.16
BERGAMA,CAMKOY,147,415.0,38.06683442984541,0.3753327460756459,-0.0447341477210352,2.82
BERGAMA,CAMOBA,72,200.0,36.40908422356239,0.4589279197765991,-0.0259026445119906,2.78
BERGAMA,CELTIKCI,150,1800.0,35.99616231117595,0.4193943090354161,-0.0047647343440091,12.0
BERGAMA,CEVAPLI,60,225.0,36.444951255219095,0.4031649525464965,-0.0236720715560038,3.75
BERGAMA,CITKOY,175,1400.0,36.582944714233165,0.3853338122894766,-0.005246585096259,8.0
BERGAMA,COBANLAR,97,500.0,31.755747081964905,0.5418077526342356,-0.1116321008709522,5.15
BERGAMA,CURUKBAGLAR,123,1300.0,32.259778490402056,0.5684074062805105,-0.1230485652314112,10.57
BERGAMA,DAGISTAN,546,1000.0,33.847736604439056,0.4250157656654542,-0.0724698885836574,1.83
BERGAMA,DEMIRCIDERE,116,640.0,31.170124510694272,0.6209139650811072,-0.1929630760381072,5.52
BERGAMA,DEREKOY,116,2100.0,31.055800154136303,0.5439674826544317,-0.1093739985206911,18.1
BERGAMA,DOGANCI,118,570.0,39.41223765966789,0.2996971490803534,0.1074626084436026,4.83
BERGAMA,DURMUSLAR,366,7000.0,36.315058126348056,0.3490836249809956,0.0557043605003964,19.13
BERGAMA,EGILLER,135,360.0,36.24199975548028,0.3149761695929216,0.0733883721991634,2.67
BERGAMA,EGRIGOL,159,4200.0,33.47465513134488,0.3933543460398861,-0.0215608642369853,26.42
BERGAMA,FATIH,20005,17963.0,35.44173026864477,0.3401622844698699,-0.0306950100915262,0.9
BERGAMA,FERIZLER,145,880.0,36.31267208277698,0.3544300099845851,0.0216316676599535,6.07
BERGAMA,FEVZIPASA,2905,46240.0,36.19873281202329,0.3532897252469318,-0.0026244061374019,15.92
BERGAMA,GAYLAN,128,280.0,36.3514177332272,0.3864741841626653,-0.0018023794930385,2.19
BERGAMA,GAZIOSMANPASA,8637,41817.0,37.02564714676032,0.1732474171377312,0.0536535015353847,4.84
BERGAMA,GOBELLER,291,1900.0,32.135226376467415,0.616461773750662,-0.1615507780475309,6.53
BERGAMA,GOCBEYLI,1429,6500.0,32.20933635771277,0.5704746249283095,-0.1149177747709003,4.55
BERGAMA,GOKCEYURT,41,210.0,35.61533155793205,0.471214721781941,-0.0793429672886731,5.12
BERGAMA,GULTEPE,23,210.0,32.96532901902594,0.4941140026769877,-0.1172785045912079,9.13
BERGAMA,GUNESLI,232,950.0,34.15296673062644,0.3729666448010184,-0.0017680065389136,4.09
BERGAMA,HACIHAMZALAR,198,1150.0,33.66761711105806,0.5517729016682196,-0.0923963332763354,5.81
BERGAMA,HACILAR(ISMAILLIBUCAGI),117,1400.0,36.97244687325577,0.4251543446343374,0.0136165198381381,11.97
BERGAMA,HALILAGALAR,76,330.0,31.14150400076993,0.5427244174638869,-0.1078836627423617,4.34
BERGAMA,HAMZALISULEYMANIYE,109,700.0,37.20683696817593,0.3215210196569171,0.0317673543222538,6.42
BERGAMA,HISARKOY,160,1200.0,30.947137302550185,0.6218509340583904,-0.1785232807077396,7.5
BERGAMA,IKIZLER,129,350.0,30.469717974868686,0.5526963536248898,-0.1284115323272743,2.71
BERGAMA,ILGINCABER,58,430.0,33.95630965896673,0.5072066804235569,-0.085929653293666,7.41
BERGAMA,INCECIKLER,187,2000.0,29.751563651249008,0.5911352153216216,-0.1459412237778572,10.7
BERGAMA,INESIR,114,270.0,34.18612771676838,0.4790619674042947,-0.0311855005614551,2.37
BERGAMA,INKILAP,1331,2907.0,36.41309497374552,0.2271654623080129,0.0190900840630947,2.18
BERGAMA,ISLAMSARAY,1477,51000.0,35.210100333309704,0.3670418147444822,-0.0429176419571635,34.53
BERGAMA,KADIKOY,400,1100.0,34.61179338739065,0.3278809302463132,0.0024042725069604,2.75
BERGAMA,KALEARDI,65,148.0,38.47602816227566,0.3718628049796538,0.0469714490461178,2.28
BERGAMA,KAPLAN(GOCBEYLIBUCAGI),54,360.0,36.15570263080598,0.3567948854140636,-0.0228205124020445,6.67
BERGAMA,KAPLAN(YUKARIBEYBUCAGI),265,3300.0,31.98516383283963,0.6189309017430449,-0.1630140166062927,12.45
BERGAMA,KAPUKAYA,41,280.0,36.467599018296326,0.425094054374527,0.0038713320139832,6.83
BERGAMA,KARAHIDIRLI,150,400.0,34.58116295999946,0.4581035775734933,-0.0643256906880456,2.67
BERGAMA,KARALAR,242,1000.0,34.503824771734195,0.4182911035395596,-0.0373008021044695,4.13
BERGAMA,KARAVELILER,512,1200.0,31.50492000720728,0.5584361106524884,-0.1613042821232212,2.34
BERGAMA,KASIKCI,144,800.0,36.40057746305023,0.4524485280335211,-0.0548861472512171,5.56
BERGAMA,KATRANCI,128,210.0,32.269478928916854,0.508229489835383,-0.0896190394013717,1.64
BERGAMA,KIRANLI,372,1150.0,30.59312615531096,0.5256396664691191,-0.0696226022581057,3.09
BERGAMA,KIRCALAR,124,650.0,34.88172799069023,0.4085653552996373,-0.014060103468994,5.24
BERGAMA,KIZILTEPE,79,270.0,36.77158810413704,0.3993569853460005,-0.0006924529888186,3.42
BERGAMA,KOCAHALILLER,18,130.0,34.14077645843922,0.5694906963478946,-0.0729524722758229,7.22
BERGAMA,KOCAKOY,28,125.0,34.1914178389242,0.535354936343077,-0.0750798583372263,4.46
BERGAMA,KOYUNELI,294,450.0,34.58727154359778,0.4741593365338978,-0.0494701086849606,1.53
BERGAMA,KOZLUCA,252,450.0,35.784602833261346,0.481411860553409,-0.0977650639621438,1.79
BERGAMA,KURFALLI,242,1900.0,34.706996794555856,0.3900198843081955,-0.0351432136501032,7.85
BERGAMA,KURTULUS,2088,8047.000000000001,36.71067168011107,0.2490189387607236,0.047132678634871,3.85
BERGAMA,MAHMUDIYE,196,950.0,37.0089395268219,0.3916918548941784,0.0095397275783915,4.85
BERGAMA,MALTEPE,10899,21300.0,34.66907278568309,0.2342629669815801,0.0030885986073933,1.95
BERGAMA,MARUFLAR,40,1000.0,34.7960107724798,0.4534541691723694,-0.0395539066422065,25.0
BERGAMA,MURATLAR,77,570.0,33.21388895177315,0.5670118186729999,-0.1396903368273344,7.4
BERGAMA,NARLICA,758,1171.0,36.94218285627961,0.4841705159499884,-0.0647311446083802,1.54
BERGAMA,OKCULAR,205,400.0,30.95447260714209,0.6013334516321844,-0.1619332279752503,1.95
BERGAMA,OKSUZLER,148,325.0,36.160925145503526,0.4551229663003108,0.0101700151851281,2.2
BERGAMA,ORENLI,364,1230.0,37.24034979913028,0.3616511401133684,0.0411630033150181,3.38
BERGAMA,ORLEMIS,266,690.0,36.66920340409081,0.369275586610971,0.0144539323833037,2.59
BERGAMA,ORUSLAR,359,830.0,32.978969198506604,0.4787167965009439,-0.0407490247989827,2.31
BERGAMA,PASAKOY,115,1170.0,35.271252582909284,0.2808908954812196,0.0321494963303097,10.17
BERGAMA,PINARKOY,853,2650.0,35.7455368539458,0.494535127930189,-0.0624943947246254,3.11
BERGAMA,PIRVELILER,130,500.0,35.464695598627635,0.502588559083286,-0.0527477049112811,3.85
BERGAMA,RAHMANLAR,92,290.0,38.3034900493572,0.3981644413708297,0.0325152094974695,3.15
BERGAMA,SAGANCI,291,1400.0,37.60631045664957,0.3371493350723685,0.0207919338312191,4.81
BERGAMA,SARICALAR,228,1000.0,37.392970085182846,0.4130221578855046,-0.0446823212247203,4.39
BERGAMA,SARICAOGLU,96,570.0,32.68136989502425,0.5258785568513138,-0.0877851766108743,5.94
BERGAMA,SARIDERE,459,980.0,32.79193955329907,0.4418211417744572,-0.0621295059346114,2.14
BERGAMA,SEKLIK,288,990.0,39.83995515202368,0.3438667951313789,0.0681179137448648,3.44
BERGAMA,SELCUK,1711,5766.0,37.05574595857655,0.3106527026990666,0.0253538930076068,3.37
BERGAMA,SINDEL,164,830.0,34.654902082625284,0.5030967062715249,-0.0964570095820649,5.06
BERGAMA,SULEYMANLI,139,380.0,36.70686160390133,0.380776081636514,-0.0295156082557046,2.73
BERGAMA,TAVUKCUKURU,228,1450.0,33.97804204752792,0.5356304555414559,-0.0622950752523014,6.36
BERGAMA,TEKKEDERE,214,1700.0,33.123199644819266,0.4489258182214408,-0.0632477839333037,7.94
BERGAMA,TEPEKOY,1250,6700.0,36.77233882693437,0.287594042337929,0.0074052114345152,5.36
BERGAMA,TERZIHALILLER,258,625.0,34.87687552401123,0.5039991735144083,-0.046631927241683,2.42
BERGAMA,TIRMANLAR,422,1250.0,34.506958715944904,0.4891321200313047,-0.0506657235059603,2.96
BERGAMA,TIYELTI,158,790.0,34.741146427675126,0.4123552405075844,0.0005632329122147,5.0
BERGAMA,TOPALLAR,183,500.0,30.95918421669712,0.5296088667417758,-0.1046281829201078,2.73
BERGAMA,UCTEPE,64,360.0,31.5909157941278,0.5699779616227523,-0.1228481407926623,5.62
BERGAMA,ULUCAMII,740,4000.0,37.11173952749444,0.3372943828957637,0.0254252297851916,5.41
BERGAMA,URKUTLER,158,685.0,32.472694313890464,0.5319137072059431,-0.087389548073481,4.34
BERGAMA,YALNIZDAM,65,560.0,34.84874275704139,0.5629215578694277,-0.1166435683381206,8.62
BERGAMA,YALNIZEV,814,2250.0,37.29916826232717,0.4159435747430884,-0.0350394449019789,2.76
BERGAMA,YENIKENT,858,5100.0,33.37838459970979,0.36718402352391,-0.0316179398093675,5.94
BERGAMA,YENILER,108,300.0,35.3031195901861,0.4032333138129109,0.0269324157392256,2.78
BERGAMA,YERLITAHTACI,151,580.0,32.60484957273389,0.5389725747263654,-0.0925003049163851,3.84
BERGAMA,YORTANLI,55,210.0,35.42632129305157,0.4615960396921336,-0.0110827271881934,3.82
BERGAMA,YUKARIADA,345,1230.0,31.83246084748236,0.5488384666441336,-0.09767893596809,3.57
BERGAMA,YUKARICUMA,206,1000.0,33.993671794312554,0.5457081772246315,-0.0786377463331833,4.85
BERGAMA,YUKARIKIRIKLAR,117,1000.0,37.31005177168085,0.3885016892125616,-0.0113834126553119,8.55
BERGAMA,ZAFER,4374,12500.0,35.74367445908596,0.3458899747037375,-0.0272008480331887,2.86
BERGAMA,ZAGNOZ,75,500.0,35.227038590227984,0.3287626354219585,0.0125239131093772,6.67
BERGAMA,ZEYTINDAG,2618,16000.0,34.23819842141771,0.351665807287243,-0.0206883395495264,6.11
BEYDAG,ADAKURE,387,3000.0,27.723134265699144,0.5716383253160662,-0.1312050823292758,7.75
BEYDAG,AKTEPE,451,30000.0,35.65132172005856,0.271394701632568,0.0144294941103275,66.52
BEYDAG,ALAKECILI,102,352.0,33.5136616573547,0.5700238064002084,-0.1354858988807672,3.45
BEYDAG,BAKIRKOY,221,1012.0,32.64693740266436,0.4723550128077238,-0.0644267349855615,4.58
BEYDAG,BEYKOY,291,3000.0,28.06055103003576,0.6015495624633511,-0.1547371674157651,10.31
BEYDAG,CAMLIK,378,1660.0,32.25707328348131,0.428357755826186,-0.0908870631617511,4.39
BEYDAG,CIFTLIKKOY,176,1700.0,35.7537909777688,0.4357128563737116,-0.0242721152264209,9.66
BEYDAG,COMAKLAR,300,1600.0,26.1935841205741,0.6534700393190239,-0.2028608505706978,5.33
BEYDAG,ERIKLI,330,1500.0,27.12415424151298,0.6538007950922781,-0.1921693985753117,4.55
BEYDAG,HALIKOY,381,1800.0,29.498663092754644,0.5727658069594035,-0.1361335380504762,4.72
BEYDAG,KARAOBA,341,18000.0,35.02603487813088,0.4577761014185323,-0.0337777682479291,52.79
BEYDAG,KURUDERE,462,2008.0,32.12354521012569,0.5414561468580857,-0.1085180985198025,4.35
BEYDAG,MENDERES,128,568.0,35.86135623167901,0.275694028697398,0.023060679655185,4.44
BEYDAG,MUTAFLAR,291,1260.0,31.12328241960769,0.5103519706687892,-0.0615988847418431,4.33
BEYDAG,PALAMUTCUK,234,1088.0,27.70580028316066,0.6057695682699564,-0.1819143219546522,4.65
BEYDAG,TABAKLAR,65,296.0,27.76930932643938,0.6463306937933034,-0.1834290679056469,4.55
BEYDAG,YENIYURT,74,304.0,27.561889993640985,0.645613372093015,-0.1848865796620517,4.11
BEYDAG,YESILTEPE,269,1280.0,30.69755130018125,0.3873322930621567,-0.0406641418948914,4.76
BEYDAG,YUKARIAKTEPE,299,1280.0,32.06121791984758,0.4714055225743536,-0.0184853074606236,4.28
BEYDAG,YUKARITOSUNLAR,157,608.0,36.54775661743233,0.4910995073571471,-0.0488262310527828,3.87
BORNOVA,BESYOL,381,5700.0,31.270690485138896,0.4425787733760931,-0.0769116297403601,14.96
BORNOVA,BIRLIK,6274,6200.0,36.627484101713854,0.1252450612554943,0.0530553548612699,0.99
BORNOVA,CAMICI,295,2400.0,33.47314570641699,0.5292325328789281,-0.1295159193896294,8.14
BORNOVA,CAMKULE,6358,8300.0,33.30099227262138,0.4334045260583711,-0.0651834559820376,1.31
BORNOVA,CICEKLI,381,1280.0,31.823156446583848,0.5967707959287625,-0.1863167397019436,3.36
BORNOVA,DOGANLAR,22291,9160.0,36.90515579592684,0.1164036153953071,0.0573956806079362,0.41
BORNOVA,EGEMENLIK,2371,7900.0,34.91302028415641,0.2589807545973195,-0.0110330165891536,3.33
BORNOVA,ERGENE,11031,23300.0,37.96950925651308,0.1888621535269926,0.0245072539089454,2.11
BORNOVA,ERZENE,39767,393580.0,36.07799328561525,0.4330419152862532,-0.0897270955171806,9.9
BORNOVA,EVKA3,20649,7900.0,35.994245497106164,0.3617287237329845,-0.0624187335024615,0.38
BORNOVA,EVKA4,14179,46380.0,37.92506854512972,0.2822392136105066,-0.0126110310571337,3.27
BORNOVA,GAZIOSMANPASA,12642,2200.0,35.9877837171243,0.1073064426258461,0.0499360965062629,0.17
BORNOVA,GOKDERE,379,4000.0,31.57660116545262,0.4936083794536159,-0.1184989862729488,10.55
BORNOVA,GURPINAR,12214,12400.0,29.56253499028571,0.5558540746510312,-0.1880919513473503,1.02
BORNOVA,ISIKLAR,2507,3400.0,35.66249285572609,0.3576457831209196,-0.0225526618970902,1.36
BORNOVA,KARACAM,691,12600.0,32.017035830177484,0.5173068502293813,-0.115287217767958,18.23
BORNOVA,KARACAOGLAN,8949,3900.0,37.334501043666805,0.168947362375275,0.0305983137872154,0.44
BORNOVA,KAVAKLIDERE,3220,4300.0,28.955650741778847,0.5616622213454704,-0.1850625910367073,1.34
BORNOVA,KAYADIBI,288,3000.0,32.62077996997,0.5259052839994914,-0.1086496982350447,10.42
BORNOVA,KAZIMDIRIK,36762,134340.0,36.49853466152736,0.2219359933251442,-0.0115206671945783,3.65
BORNOVA,KIZILAY,15749,5400.0,38.59893392737956,0.27370627507991,-0.0146998323498176,0.34
BORNOVA,KOSUKAVAK,7690,1000.0,35.821271366953795,0.0870452356662518,0.0562473858550147,0.13
BORNOVA,LAKA,449,2700.0,38.66584558094784,0.3333601053648897,0.0252965460307109,6.01
BORNOVA,MERIC,8568,162620.0,36.08129667257518,0.24732848986473,0.0127041865915181,18.98
BORNOVA,MEVLANA,25747,62240.0,36.2476844556466,0.1549130189805694,0.0355668209218066,2.42
BORNOVA,NALDOKEN,10874,21900.0,34.73069165909328,0.3776946940806597,-0.0688788922105814,2.01
BORNOVA,RAFETPASA,17716,4000.0,36.212961006949904,0.1031109957891594,0.0489528428505309,0.23
BORNOVA,SERINTEPE,6397,6000.0,35.66822854951375,0.1423773320728296,0.0420352194256188,0.94
BORNOVA,UMIT,4380,8000.0,36.41540963232976,0.2332260771803039,0.0272632644926416,1.83
BORNOVA,YESILCAM,3938,3000.0,35.187804228694766,0.1973026352126196,0.0320921471196772,0.76
BORNOVA,YILDIRIMBEYAZIT,5637,5600.0,36.79399248994661,0.0771637748345172,0.0811050553799539,0.99
BUCA,ADATEPE,20517,243453.0,31.16965623166641,0.4693050300592482,-0.1077026462864751,11.87
BUCA,BELENBASI,1838,22960.0,34.22962185034556,0.4789847879858604,-0.1032177511910512,12.49
BUCA,BUCAKOOP,19565,4345.0,34.959730206971415,0.191085759474353,0.0184250934322835,0.22
BUCA,CAGDAS,2358,121190.0,36.71228184913596,0.2851204352298508,-0.0117364880726393,51.4
BUCA,CALDIRAN,3298,4750.0,36.184749348326406,0.2186128569297331,0.0180940802245228,1.44
BUCA,CAMLIKULE,21632,9515.0,36.05473990234087,0.1047620104135339,0.0710217367499929,0.44
BUCA,CAMLIPINAR,12209,6900.0,36.46652482597631,0.1257567258858638,0.0566973945785361,0.57
BUCA,DICLE,5892,6000.0,37.16300435627525,0.0923404020846537,0.0707732215441595,1.02
BUCA,EFELER,19357,60067.0,36.47881469303787,0.1784286416661168,0.0489925506635082,3.1
BUCA,FIRAT,21027,41500.0,36.15826048287258,0.2011849635273235,0.0308961139349488,1.97
BUCA,GOKSU,29709,26644.0,35.67006807386071,0.0611457645408853,0.0937060252729367,0.9
BUCA,GUVEN,6549,1711.0,36.98769060419738,0.1006107934970537,0.1183070245220301,0.26
BUCA,IZKENT,5152,9437.0,37.46878330474031,0.2514380046076332,0.0052158763038787,1.83
BUCA,KARACAAGAC,1014,524.0,34.6870931207492,0.4910616596505113,-0.1019035372856407,0.52
BUCA,KARANFIL,3694,7600.0,33.855275556237686,0.297746266375003,-0.0182260621816237,2.06
BUCA,KAYNAKLARMERKEZ,1891,9123.0,27.12118341696653,0.6222871713042776,-0.2169207965403746,4.82
BUCA,KIRKLAR,3511,11189.0,29.76733219962963,0.5268527550702405,-0.1200007535749158,3.19
BUCA,KOZAGAC,21203,38071.0,35.604816147957585,0.1445534110254914,0.0391790996590393,1.8
BUCA,KURUCESME,17407,10608.0,33.71965189097419,0.1568542440456288,0.0442290419247283,0.61
BUCA,LALELI,6993,1265.0,35.60213764249272,0.1161560350980069,0.0878434969104569,0.18
BUCA,MURATHAN,3641,11202.0,34.79053158623569,0.2192987986660952,0.0233762503667577,3.08
BUCA,MUSTAFAKEMAL,22106,1600.0,37.45515677957634,0.2260829909603865,0.0396450288988095,0.07
BUCA,SEYHAN,2494,5000.0,37.29720505960735,0.0537092766009424,0.0810084313321615,2.0
BUCA,SIRINKAPI,4197,8330.0,35.196097006034286,0.2347638409715908,0.0077361023133513,1.98
BUCA,UFUK,15852,6800.0,34.60278897599503,0.3657584718587901,-0.0231851376665882,0.43
BUCA,VALIRAHMIBEY,8838,4000.0,35.98212063191224,0.2390201944249927,0.0250295276140184,0.45
BUCA,YAYLACIK,17352,7926.0,35.260714407527544,0.1547819580795098,0.041112135717821,0.46
BUCA,YENIGUN,22055,18250.0,36.632891768267015,0.0991230683938168,0.0951478096274371,0.83
BUCA,YESILBAGLAR,19299,13605.0,36.21455980585099,0.1039832069406544,0.0762742477864898,0.7
BUCA,YILDIZ,26517,22800.0,35.43529787705444,0.1316350447854881,0.0654459395749271,0.86
CESME,16EYLUL,3653,9150.0,32.78243250387866,0.2849116779442718,0.0002112084933849,2.5
CESME,ALACATI,10715,75493.0,34.2562347442347,0.3059750565119308,0.0780484068444406,7.05
CESME,ALTINKUM,212,5001.0,32.49812257789972,0.2831704583306496,0.0280140924446671,23.59
CESME,ALTINYUNUS,453,3260.0,29.367679840113706,0.2800129695438109,-0.0697162321743605,7.2
CESME,ARDIC,613,15118.0,29.921811921640263,0.4156309422402184,-0.0736325724194548,24.66
CESME,BOYALIK,495,5880.0,30.228009712020707,0.2863698690872382,-0.0642012070525661,11.88
CESME,CAKABEY,265,7000.0,32.35082434243312,0.3759830534442331,-0.0104468157014199,26.42
CESME,CELALBAYAR,866,6240.0,31.378002953724376,0.3484265834919596,-0.008689820800665,7.21
CESME,CIFTLIK,2427,12430.0,33.05819836226371,0.3212202017194184,0.0277416384339025,5.12
CESME,DALYAN,2592,14470.0,31.988255803941843,0.2861018844907652,-0.016570668527092,5.58
CESME,FAHRETTINPASA,427,3276.0,31.558899381481496,0.4252901205056216,-0.0676967756585023,7.67
CESME,GERMIYAN,1783,16592.0,34.89506272278452,0.4330044164051411,0.0185677520262888,9.31
CESME,ILDIR,751,11300.0,34.263984621102075,0.39311897366091,0.0050058427657971,15.05
CESME,MUSALLA,5534,30143.0,33.88128997934066,0.307090632281032,0.019790674775797,5.45
CESME,REISDERE,5199,18500.0,33.33333723196961,0.1732899618434571,0.0292404804136515,3.56
CESME,SEHITMEHMET,396,6440.0,32.9826730127723,0.3101004049070219,0.016437621432937,16.26
CESME,SIFNE,1224,5838.0,33.545397743561814,0.2445418079967936,0.0403112356009284,4.77
CESME,UNIVERSITE,556,5146.0,33.46342978614941,0.3029708691768906,-0.0441365329745154,9.26
CIGLI,AHMETEFENDI,2029,3000.0,38.90562522406004,0.1913681905509752,0.0093057221077293,1.48
CIGLI,AHMETTANERKISLALI,6354,19226.0,36.51867985433667,0.2929607033781007,-0.0313828169827758,3.03
CIGLI,ATASEHIR,28864,55280.0,37.046083048664144,0.1866908031904701,0.0169204015177568,1.92
CIGLI,ATATURK,12781,16056.0,39.372651464523074,0.1109587855152745,0.0502406155117437,1.26
CIGLI,AYDINLIKEVLER,3937,39388.0,36.47401724362965,0.2603062411353014,0.0051420927003816,10.0
CIGLI,BALATCIK,19082,66178.0,40.19003237361638,0.210820917828973,0.0131249782538546,3.47
CIGLI,EGEKENT,8107,13087.0,41.08818778278718,0.2800356375319098,-0.0128683410879529,1.61
CIGLI,EVKA-2,4139,22027.0,39.23426570406638,0.2850059889115824,-0.0092575436127953,5.32
CIGLI,EVKA-5,12717,26318.0,38.136625827463256,0.2648974496589355,-0.0020991011599477,2.07
CIGLI,EVKA-6,2263,3206.0,38.461277327942256,0.2720938144913875,-0.001240139985641,1.42
CIGLI,GUZELTEPE,6399,1500.0,39.21298033188752,0.1717362188690342,0.0550092206662238,0.23
CIGLI,HARMANDALIGAZIMUSTAFAKEMALATATURK,2826,1630.0,36.480853707499065,0.4053942232634034,-0.0544797210051673,0.58
CIGLI,KAKLIC,1618,17733.0,35.40547561351391,0.2926150784223588,-0.0226220784439135,10.96
CIGLI,KOYICI,3898,6695.0,37.08189501290542,0.253726688650682,0.0105596274599903,1.72
CIGLI,KUCUKCIGLI,21784,3037.0,39.17970379827708,0.0979563033568545,0.0542700240225084,0.14
CIGLI,SIRINTEPE,8355,4463.0,36.537352114625406,0.1489524018214699,0.0609165447886376,0.53
CIGLI,YAKAKENT,10307,11890.0,37.60002507111947,0.3577573858308387,0.0255437648959957,1.15
CIGLI,YENIMAHALLE,12633,33439.0,37.98478733293872,0.1152426447073628,0.0406765349350238,2.65
DIKILI,BAHCELI,753,4000.0,35.568864419831705,0.4055731266951404,-0.0167565264834778,5.31
DIKILI,CAGLAN,113,555.0,31.731654441947686,0.6234473873202538,-0.1797593267145616,4.91
DIKILI,CANDARLI,8381,19500.0,36.52426871774912,0.3391352830944033,-0.0101336933683572,2.33
DIKILI,CUKURALANI,107,500.0,36.0260086456905,0.5089024874689961,-0.1007969749553938,4.67
DIKILI,DELIKTAS,1447,7900.0,37.68253475615472,0.3630183996658911,0.0119474515618588,5.46
DIKILI,DEMIRTAS,263,1270.0,38.27756079492253,0.3558155847951832,0.0229877671335635,4.83
DIKILI,DENIZKOY,365,4500.0,35.45135092443478,0.4811752692496772,-0.0634573978597293,12.33
DIKILI,ESENTEPE,268,3500.0,38.17264742631065,0.2745176160696036,0.0238123452974544,13.06
DIKILI,GAZIPASA,6236,6750.0,36.54525945138494,0.2475308312444778,0.0412251588479736,1.08
DIKILI,GOKCEAGIL,250,1300.0,35.891693764506364,0.4988664459011438,-0.0737624334831654,5.2
DIKILI,ISLAMLAR,250,3100.0,38.29625787899133,0.4071729603868476,0.0062126655632738,12.4
DIKILI,ISMETPASA,10010,9622.0,35.499600459906645,0.3692066089072038,-0.0048063680324212,0.96
DIKILI,KABAKUM,1932,8500.0,36.625090278138586,0.3653666624858994,-0.026840018206546,4.4
DIKILI,KATIRALANI,134,700.0,36.41468469044912,0.4572725554582607,-0.0108249188366305,5.22
DIKILI,KIRATLI,680,3100.0,36.04119924746255,0.4680101479798934,-0.0542976977590895,4.56
DIKILI,KIROBA,70,2510.0,39.88116742787539,0.353741583632814,0.0482400457969108,35.86
DIKILI,KIZILCUKUR,203,1100.0,40.48348257041496,0.3125160211459233,0.0658594871572413,5.42
DIKILI,KOCAOBA,134,1550.0,37.052340373627246,0.4014268245142861,0.0197092223183302,11.57
DIKILI,MERDIVENLI,198,1300.0,34.77919826179293,0.5065152299427159,-0.0598098858647347,6.57
DIKILI,NEBILER,192,2600.0,38.89590248609241,0.4212673696509296,0.0043045878403901,13.54
DIKILI,SALIHLER,4016,12550.0,36.69171121494895,0.3520941025655146,-0.0073708652200055,3.12
DIKILI,SALIMBEY,6341,75800.0,35.38670194926415,0.3350949825639188,0.0324067449557021,11.95
DIKILI,SAMANLIKKOY,81,700.0,34.292763822404275,0.5244704934380047,-0.082051012690477,8.64
DIKILI,UZUNBURUN,298,1800.0,37.30623766377545,0.3590886855635853,0.0479369416596282,6.04
DIKILI,YAHSIBEY,225,1200.0,32.99895890643264,0.4843393386787195,-0.0399002486166647,5.33
DIKILI,YAYLAYURT,503,1500.0,37.402812879204696,0.3431233815525203,0.0161609114342018,2.98
DIKILI,YENICE,107,1150.0,35.84849874064352,0.4455688092506523,-0.0410199804174091,10.75
FOCA,ATATURK,6745,31936.0,35.68731680672323,0.3799539990906325,-0.0547180156972577,4.73
FOCA,FEVZICAKMAK,1810,24230.0,36.8022126663352,0.4109093308988137,-0.063043984134668,13.39
FOCA,HACIVELI,2648,5700.0,37.6778767528038,0.309831493083103,-0.0005092911550789,2.15
FOCA,ILIPINAR,813,3780.0,34.32972098322864,0.4344853797492521,-0.0701087742164264,4.65
FOCA,KAZIMDIRIK,4047,7320.0,33.54721161365632,0.2573457451099057,-0.0170331553590491,1.81
FOCA,KOCAMEHMETLER,191,1863.0,37.75022552848196,0.4047055687517964,-0.0432828654460314,9.75
FOCA,KOZBEYLI,875,11194.0,34.15775293239407,0.4502411376421195,-0.0771984220763848,12.79
FOCA,YENIBAGARASI,5264,16885.0,33.94435069464939,0.293155827726567,-0.0418109679943392,3.21
GAZIEMIR,ATIFBEY,15315,50285.0,35.0207730645851,0.1907502497432269,0.048032937676122,3.28
GAZIEMIR,BEYAZEVLER,6844,29157.0,33.94060483015035,0.3748834608683878,-0.0677068076477984,4.26
GAZIEMIR,BINBASIRESATBEY,3758,4610.0,36.72749167766136,0.1774161503661531,0.0272727510550589,1.23
GAZIEMIR,DOKUZEYLUL,11452,12790.0,34.25861150178418,0.3857383504592971,-0.0383985496495306,1.12
GAZIEMIR,EMREZ,5373,4960.0,38.15776345118141,0.1450533322803752,0.0572667269893584,0.92
GAZIEMIR,GAZIKENT,7593,5140.0,34.66065430069457,0.2825214401085615,-0.0236692566193284,0.68
GAZIEMIR,SEVGI,7499,41059.0,35.914784324361705,0.2735025635801104,0.0178722017909451,5.48
GAZIEMIR,YESIL,8864,10000.0,30.430066737854933,0.5773713484860877,-0.1800641005081104,1.13
GUZELBAHCE,CAMLI,2085,5739.0,30.78181049870604,0.5855849119935488,-0.1567986047146763,2.75
GUZELBAHCE,CELEBI,2692,16297.0,31.86795395019124,0.3388643920287615,-0.0159432956998154,6.05
GUZELBAHCE,KAHRAMANDERE,6134,34791.0,32.10954295608629,0.3496918115426226,-0.047821624960412,5.67
GUZELBAHCE,KUCUKKAYA,269,10180.0,29.164505930542862,0.5449201061433038,-0.1159147504851326,37.84
GUZELBAHCE,MUSTAFAKEMALPASA,4220,17786.0,31.703392154139863,0.3390624264759104,-0.0202000069517039,4.21
GUZELBAHCE,SITELER,3002,26039.0,33.34989705507441,0.3481323312080346,-0.0610950699905661,8.67
GUZELBAHCE,YALI,6030,25284.0,34.07539825422269,0.2958902707882918,-0.0273819659025386,4.19
GUZELBAHCE,YELKI,6875,18245.0,32.66363294778053,0.4574002005102311,-0.071525702298708,2.65
KARABAGLAR,ADNANSUVARI,3940,9739.0,35.19864963991393,0.2500428957727784,0.0096968328907543,2.47
KARABAGLAR,ALIFUATCEBESOY,12421,15521.0,35.85977929855808,0.1527211118465742,0.0368465802192205,1.25
KARABAGLAR,ARAPHASAN,9192,1690.0,36.19298333418737,0.1250490392533749,0.0944972508280356,0.18
KARABAGLAR,ASIKVEYSEL,1703,8328.0,37.73399438106667,0.0903996699788922,0.0541913373401453,4.89
KARABAGLAR,AYDIN,8106,540.0,35.66544032752435,0.2321007985063113,0.0219107088130474,0.07
KARABAGLAR,BAHAR,10609,2502.0,36.41569494310208,0.1424341037964643,0.060616387351809,0.24
KARABAGLAR,BAHRIYEUCOK,2673,2382.0,35.86743225472487,0.2056175244314758,0.0474586389855818,0.89
KARABAGLAR,BARIS,7428,1100.0,36.7761772658973,0.1343628268919446,0.0690590554486108,0.15
KARABAGLAR,BASINSITESI,15698,21861.0,35.610262329707346,0.1827232595756605,0.04818747423121,1.39
KARABAGLAR,BOZYAKA,15577,9368.0,37.47593957133216,0.087980791520596,0.0918119607918821,0.6
KARABAGLAR,CALIKUSU,10911,5904.0,36.96466247652471,0.1167945339859592,0.0685386024565907,0.54
KARABAGLAR,CENNETCESME,3105,4390.0,36.58492599532636,0.2403623917136585,0.0414212690222284,1.41
KARABAGLAR,CENNETOGLU,3833,1630.0,37.626420654791474,0.1179569949162986,0.0716838451648637,0.43
KARABAGLAR,DEVRIM,8020,18715.0,37.1430454763136,0.1970034963254112,0.0569743361439741,2.33
KARABAGLAR,DOGANAY,10396,2270.0,36.99565651282526,0.1154019879481834,0.1114113746879732,0.22
KARABAGLAR,ESENYALI,7027,15533.0,35.83087088641458,0.2130710607437475,0.0484133315216122,2.21
KARABAGLAR,FAHRETTINALTAY,9518,10800.0,35.88869631454139,0.2916909156218913,-0.002197959558532,1.13
KARABAGLAR,GENERALASIMGUNDUZ,1642,1890.0,37.05155819652275,0.1686509945739614,0.0209165557016341,1.15
KARABAGLAR,GULYAKA,11153,1156.0,36.60517290942063,0.1116781019680687,0.0879609800383875,0.1
KARABAGLAR,GUNALTAY,20818,4927.0,36.98906429484626,0.135936249438378,0.0618976213738187,0.24
KARABAGLAR,KARABAGLAR,7621,5388.0,37.22553299413003,0.0813152933981766,0.0925823757104227,0.71
KARABAGLAR,KAVACIK,713,1020.9999999999999,29.513954331838395,0.5756248884954573,-0.1578235938736154,1.43
KARABAGLAR,LIMONTEPE,4534,1275.0,35.669391049180284,0.2519988279343942,0.0087231911405935,0.28
KARABAGLAR,MALIYECILER,5804,7322.0,36.49092501531046,0.1863062555546566,0.0356460039895513,1.26
KARABAGLAR,METINOKTAY,6496,1298.0,36.69702319453955,0.1301744540533545,0.0715045161217865,0.2
KARABAGLAR,MUAMMERAKAR,6857,1244.0,35.813429701568936,0.3969476619359413,-0.0309407492219913,0.18
KARABAGLAR,OSMANAKSUNER,683,1093.0,37.795558709315394,0.1666359726217584,0.0234676889446319,1.6
KARABAGLAR,PEKER,10527,5600.0,37.96585200412333,0.1685476125359666,0.0588783687404351,0.53
KARABAGLAR,POLIGON,3929,5544.0,34.43133827426384,0.5418266905219874,-0.1119153192991222,1.41
KARABAGLAR,REFETBELE,12088,1865.0,36.39284917011327,0.1370628078208419,0.0656736178376698,0.15
KARABAGLAR,REIS,10043,4377.0,37.08278916262254,0.1232996986053047,0.0906491863632268,0.44
KARABAGLAR,SALIHOMURTAK,5730,4800.0,35.413059417416406,0.2727498954889097,0.0023520534911392,0.84
KARABAGLAR,SELVILI,8434,8103.0,36.97103798918136,0.1377882889045741,0.0697084949862697,0.96
KARABAGLAR,TAHSINYAZICI,8820,40098.0,35.52253342617391,0.2522120570033254,-0.007722610906043,4.55
KARABAGLAR,TIRAZLI,151,500.0,28.67345539317398,0.6374917451461161,-0.2192747727789135,3.31
KARABAGLAR,UCKUYULAR,8962,5769.0,35.613988686043854,0.1709697759773631,0.0503177667037587,0.64
KARABAGLAR,VATAN,24325,6365.0,36.05000223534774,0.1810182453394445,0.0446980844446778,0.26
KARABAGLAR,YASARKEMAL,7850,12328.0,35.87835712492887,0.3466658086358426,-0.0297327475634386,1.57
KARABAGLAR,YUNUSEMRE,21457,15390.0,37.15992415427711,0.1285669064919656,0.0628923962458755,0.72
KARABAGLAR,YURDOGLU,10245,39600.0,37.563120408260616,0.2125054950880761,0.0159547442077239,3.87
KARABAGLAR,YUZBASISERAFETTIN,6085,1530.0,36.60515237078721,0.1710786528911717,0.0580037662754271,0.25
KARABURUN,ANBARSEKI,253,7150.0,29.01164520798194,0.606824474342281,-0.1704886909580437,28.26
KARABURUN,EGLENHOCA,507,1700.0,30.87637298294796,0.5674000640044422,-0.1208337099306725,3.35
KARABURUN,HASSEKI,137,791.0,32.16584084097143,0.5120170839527801,-0.092855824372375,5.77
KARABURUN,INECIK,271,3730.0,33.4187947561592,0.4423400485919347,-0.0934680372054507,13.76
KARABURUN,ISKELE,2281,54326.0,33.854519049821334,0.3714007006857457,-0.0461249749666649,23.82
KARABURUN,KOSEDERE,488,1800.0,30.716723182238017,0.523609200453583,-0.0805799792240831,3.69
KARABURUN,KUCUKBAHCE,542,32150.0,33.024373541233665,0.5135035355011367,-0.0667044853359869,59.32
KARABURUN,MERKEZ,1344,14986.0,32.88930113319446,0.407121563369142,-0.0558082057031768,11.15
KARABURUN,MORDOGAN,6249,39393.0,32.13305176418645,0.482389859253382,-0.0769136997891808,6.3
KARABURUN,PARLAK,156,4380.0,33.06928015134629,0.4790328018735663,-0.0557831031348713,28.08
KARABURUN,SAIP,519,1600.0,31.36316682921832,0.4936452192404021,-0.0902729644262232,3.08
KARABURUN,SALMAN,132,1123.0,33.94452896953943,0.4214247965731283,-0.028132302939406,8.51
KARABURUN,SARPINCIK,141,1000.0,33.30090931024211,0.4924278630961415,-0.0875498786430259,7.09
KARABURUN,TEPEBOZ,371,2076.0,31.083732157598984,0.5176998416262769,-0.1026950467501778,5.6
KARSIYAKA,AKSOY,10728,31110.0,33.62647457100275,0.1821039750455191,0.0347682777799296,2.9
KARSIYAKA,ALAYBEY,6990,5172138.0,35.81672589303898,0.1320137885620659,0.0742700153444304,739.93
KARSIYAKA,ATAKENT,6172,140800.0,33.65645967912119,0.3139419791001986,-0.0720831494747319,22.81
KARSIYAKA,BOSTANLI,29564,102950.0,33.93940166993165,0.1942753420794144,0.0209097335964189,3.48
KARSIYAKA,DEDEBASI,20015,7650.0,36.192798389230575,0.1217236864220546,0.0905895643335227,0.38
KARSIYAKA,DEMIRKOPRU,6811,13759.0,36.07010770256773,0.1165673398861607,0.0739497350502233,2.02
KARSIYAKA,DONANMACI,9507,3950.0,34.47797572448216,0.1660885257215996,0.0376916272978637,0.42
KARSIYAKA,FIKRIALTAY,7952,13600.0,36.76338885832176,0.1174627518967578,0.0915009555271532,1.71
KARSIYAKA,GONCALAR,9169,8250.0,36.07279885095822,0.107642782961423,0.1017283606314727,0.9
KARSIYAKA,IMBATLI,8890,11450.0,36.043966175771125,0.1776136592389822,0.0196161428442362,1.29
KARSIYAKA,LATIFEHANIM,2316,9700.0,35.81873817566466,0.4100199733625706,-0.0415329566548286,4.19
KARSIYAKA,MAVISEHIR,13952,133800.0,34.65871718661677,0.2201023403235673,-0.0288674758126805,9.59
KARSIYAKA,NERGIZ,8028,8750.0,35.67849684503826,0.1277135414568393,0.0890286745452432,1.09
KARSIYAKA,SEMIKLER,28951,17700.0,36.51487385177106,0.1296449055828722,0.0591736576510579,0.61
KARSIYAKA,TERSANE,6431,3550.0,34.962577216319474,0.1150619964013532,0.0505926562958664,0.55
KARSIYAKA,TUNA,5499,2400.0,36.40916654666526,0.0942541037113313,0.0582100081869731,0.44
KARSIYAKA,YAMANLAR,143,1600.0,35.0076845543026,0.3613415384135358,-0.0455056489285587,11.19
KARSIYAKA,ZUBEYDEHANIM,17046,39800.0,37.84923899094461,0.3648472709333067,-0.0110907787273179,2.33
KEMALPASA,AKALAN,1257,4149.0,34.20516939000148,0.46047268664761,-0.0723726672539899,3.3
KEMALPASA,ANSIZCA,618,2840.0,32.89945781335743,0.5293300789154299,-0.131558193811529,4.6
KEMALPASA,ARMUTLU85.YILCUMHURIYET,5252,12260.0,35.570910540782165,0.4335064840299434,-0.1079582794314206,2.33
KEMALPASA,ASAGIKIZILCA,1632,2795.0,32.55222410120252,0.525497012453586,-0.1544943063178338,1.71
KEMALPASA,ASAGIYENMIS,588,3839.0,38.85357332913957,0.278570013919441,0.0380137521203668,6.53
KEMALPASA,BAGYURDU29EKIM,1823,7434.0,25.97516611835787,0.7044414919664707,-0.2549403995819013,4.08
KEMALPASA,BAYRAMLI,142,739.0,27.16609238329808,0.6661035876733574,-0.2194357441613062,5.2
KEMALPASA,BESPINAR,137,565.0,29.653454792015225,0.5199308591840702,-0.1161264717871584,4.12
KEMALPASA,CAMBEL,4730,2939.0,35.58179322430065,0.4029145090946017,-0.0458292412121337,0.62
KEMALPASA,CINILIKOY,569,2024.0,32.094830254374564,0.4854591600780022,-0.1232612015847158,3.56
KEMALPASA,CUMALI,184,953.0,32.044635859599374,0.4940398704189559,-0.1138387533655926,5.18
KEMALPASA,DAMLACIK,1336,5099.0,31.78750804741584,0.5307413022891424,-0.1247236794074223,3.82
KEMALPASA,GOKYAKA,111,363.0,30.7678650880183,0.5562708044323774,-0.1712498935572741,3.27
KEMALPASA,HALILBEYLI,1408,1381.0,38.574139002697606,0.3307007703992475,-0.0262374076996574,0.98
KEMALPASA,HAMZABABA,100,634.0,26.92776492989106,0.7228556244998702,-0.234933288115248,6.34
KEMALPASA,KAMBERLER,169,1724.0,28.43869409098613,0.6361938200779711,-0.1847563599374937,10.2
KEMALPASA,KIZILUZUM,791,3651.0,27.996510267668288,0.6489952129751873,-0.2504061286223446,4.62
KEMALPASA,KUYUCAK,685,6940.0,31.49810422484849,0.5516492372765339,-0.1395536590057148,10.13
KEMALPASA,MEHMETAKIFERSOY,19913,34900.0,34.91590888791003,0.4222751687327455,-0.0653823250943547,1.75
KEMALPASA,NAZARKOY,345,1384.0,28.72145633731408,0.6384646760619184,-0.2159159400084536,4.01
KEMALPASA,OREN75.YILCUMHURIYET,3866,10262.0,33.16358741232954,0.5905870664464097,-0.194382510628625,2.65
KEMALPASA,ORNEKKOY,4141,14308.0,36.23230888888534,0.3367374320139601,-0.041492035690336,3.46
KEMALPASA,SARICALI,411,1841.0,37.15716115624414,0.4276582675029162,-0.0542578454500512,4.48
KEMALPASA,SEKIZEYLUL,15563,77031.0,36.80993224878424,0.3727439290771931,-0.0401057561206475,4.95
KEMALPASA,SINANCILAR,722,3108.0,29.94555001842761,0.6490388831622791,-0.2234158895766423,4.3
KEMALPASA,SOGUKPINAR,9920,16256.0,30.820485964264712,0.5819024857225482,-0.1906265519980699,1.64
KEMALPASA,SUTCULER,4282,20473.0,33.375684441347,0.482853185394045,-0.0861173140802882,4.78
KEMALPASA,VISNELI,627,2407.0,28.86556161601739,0.5971422532394621,-0.1872540601105966,3.84
KEMALPASA,YENIKURUDERE,317,5234.0,26.67352594386168,0.6495703773783683,-0.1906355661296611,16.51
KEMALPASA,YESILYURT,158,1426.0,34.01520927933834,0.526464591080101,-0.1416067530420519,9.03
KEMALPASA,YIGITLER,1573,7751.0,33.23254354314837,0.3757633063744021,-0.0544750558371757,4.93
KEMALPASA,YUKARIKIZILCAMERKEZ,2788,32097.0,29.88936453935108,0.580685679570406,-0.1792676107039568,11.51
KEMALPASA,ZEAMET,75,409.0,28.278186704093464,0.6662576469827817,-0.2184111889753651,5.45
KINIK,ARPADERE,294,1235.0,34.676165707461216,0.4590552647790883,-0.0195368399030165,4.2
KINIK,ARPASEKI,744,31548.0,34.61850599828059,0.388080663454338,0.0123065414851791,42.4
KINIK,ASAGI,1288,1800.0,38.58094193974238,0.2347129185943953,0.067186973808349,1.4
KINIK,BADEMALAN,273,1240.0,34.524314726273,0.5033438082563434,-0.0704912421153079,4.54
KINIK,BAGALAN,493,5368.0,35.287989474861696,0.4724602543753672,-0.063081026547798,10.89
KINIK,BALABAN,122,1262.0,35.69373624027428,0.4270293876489079,-0.0108531209577163,10.34
KINIK,BUYUKOBA,252,8716.0,35.046725916605745,0.4613069846056254,-0.0466024602760425,34.59
KINIK,CALTI,386,3000.0,36.307433759492696,0.4090147970500957,-0.0165899228169838,7.77
KINIK,CANKOY,222,937.0,33.03191494490156,0.4979563990727271,-0.0584883857840865,4.22
KINIK,DEGIRMENCIELI,100,2274.0,34.65040763495741,0.4712942226787251,-0.0612343693925821,22.74
KINIK,ELMADERE,533,3427.0,34.467515039220466,0.4235929722513636,-0.0126357864459067,6.43
KINIK,HAMZAHOCALI,221,3758.0,35.36534513139238,0.3982450583763364,-0.0386150078813075,17.0
KINIK,IBRAHIMAGA,111,2703.0,36.89021359797671,0.4159759423429114,0.0199793558153206,24.35
KINIK,ISIKLAR,206,1359.0,33.34938294928416,0.5355412409920425,-0.0969167726680111,6.6
KINIK,KALEMKOY,130,550.0,33.889954037609805,0.4691043815664914,-0.0473533320160172,4.23
KINIK,KARADERE,138,600.0,33.80335572391914,0.4939266286218482,-0.0188389683914184,4.35
KINIK,KARATEKELI,97,666.0,36.4189250176021,0.3229257919229723,0.0453078243975874,6.87
KINIK,KOCAOMER,298,6148.0,34.495589032770425,0.4392992736170245,-0.0687153154427551,20.63
KINIK,KODUKBURUN,26,300.0,33.65490097072386,0.5502705228927375,-0.0904071175997734,11.54
KINIK,MUSACALI,56,400.0,35.754753355787535,0.3857356479115965,-0.017777472149542,7.14
KINIK,ORTULU,544,2400.0,33.98724755705738,0.5017332867992444,-0.0411440320578639,4.41
KINIK,OSMANIYE,3160,27706.0,35.39603508405848,0.3473457687210869,-0.024651061338234,8.77
KINIK,POYRACIK,6000,32980.0,34.570532637143934,0.4032951021670323,-0.0434110298211288,5.5
KINIK,SUCAHLI,187,2500.0,35.65352490976398,0.4117139610688803,-0.0415368676833225,13.37
KINIK,TASTEPE,575,5597.0,34.3248646144629,0.4443826509831827,-0.0683919033650873,9.73
KINIK,TURKCEDIT,2032,6135.0,33.11440792165071,0.5554426602282876,-0.1455342631447037,3.02
KINIK,YAYAKENT,1352,6700.0,35.39938284964589,0.3866830783480846,-0.0477178311541875,4.96
KINIK,YAYLAKOY,258,4570.0,32.30240028129112,0.5239372514208199,-0.0836771833667451,17.71
KINIK,YUKARI,679,440.0,38.16075828835278,0.3086577017696981,0.0295556724583399,0.65
KIRAZ,AHMETLER,138,1370.0,28.89527975925245,0.53934804614849,-0.0451825137961927,9.93
KIRAZ,AKPINAR,1281,4954.0,29.839154927403943,0.496626907113488,-0.0801122068266315,3.87
KIRAZ,ALTINOLUK,472,1100.0,27.8385797544846,0.5695474523899807,-0.122659902053732,2.33
KIRAZ,ARKACILAR,371,1600.0,38.0585480781718,0.4310882738750897,-0.008911059256502,4.31
KIRAZ,AVUNDURUK,139,1350.0,33.74077339921829,0.4936690299083979,-0.0579009345535978,9.71
KIRAZ,AYDOGDU,313,950.0,35.41507927492478,0.3634453571557748,-0.0285772660942512,3.04
KIRAZ,BAHCEARASI,444,1280.0,29.57107383270372,0.4878710658806803,-0.0664836324947733,2.88
KIRAZ,BASARAN,319,1000.0,31.133173329034005,0.4796579350260981,-0.0232764748876239,3.13
KIRAZ,CANAKCI,286,1980.0,31.73693224105305,0.4976952284362451,-0.0484115155903795,6.92
KIRAZ,CATAK,294,1110.0,28.40499152764116,0.488118420920245,-0.0742547827612338,3.78
KIRAZ,CAYAGZI,2128,9200.0,31.99584348919213,0.4885472866844392,-0.0692749307074466,4.32
KIRAZ,CERITLER,741,1900.0,35.01395490573539,0.4748421864988086,-0.0610476026821874,2.56
KIRAZ,CEVIZLI,1334,1700.0,30.33751334246428,0.4618230975438923,-0.0466609563779797,1.27
KIRAZ,COMLEKCI,762,1400.0,36.06956693276219,0.4406457820419722,-0.0418272648486422,1.84
KIRAZ,DOGANCILAR,1303,7400.0,31.38736160329203,0.5071770589294506,-0.0756978621190836,5.68
KIRAZ,DOKUZLAR,409,3200.0,29.99679907454907,0.4700125577239771,-0.0669608027955087,7.82
KIRAZ,EMENLER,316,2000.0,30.33407129421345,0.5086459903707836,-0.0481202006882538,6.33
KIRAZ,GEDIK,330,1000.0,35.16662641447544,0.4816403684682278,-0.0184928729958964,3.03
KIRAZ,HALILLER,1209,3800.0,34.68678823003747,0.4498327371430125,-0.026293505114274,3.14
KIRAZ,HISAR,439,2200.0,35.99322615289722,0.5181919556002977,-0.0704035854190617,5.01
KIRAZ,IGDELI,1458,5000.0,31.42811808162505,0.4103382046285308,0.0201133810344135,3.43
KIRAZ,KALEKOY,456,1000.0,34.03349186026233,0.4544520419250928,-0.062407903041854,2.19
KIRAZ,KARABAG,218,1600.0,34.865757177651545,0.5329954930719951,-0.0779912927525795,7.34
KIRAZ,KARABULU,446,3400.0,31.57599614209548,0.4635955143331195,-0.0116494173534008,7.62
KIRAZ,KARABURC,2505,4260.0,34.36601996645749,0.4586508490369674,-0.033502627696842,1.7
KIRAZ,KARAMAN,463,1200.0,37.01651612044056,0.4844212954562287,-0.0254747169664842,2.59
KIRAZ,KIBAR,390,400.0,34.11726835231498,0.2868349929420537,0.0317769727171848,1.03
KIRAZ,KIRKOY,655,8600.0,36.76219728935089,0.4840552704595506,-0.026366848879211,13.13
KIRAZ,MAVIDERE,679,1600.0,29.27998678938512,0.4274089180498039,0.0069989426253259,2.36
KIRAZ,MERSINLIDERE,556,700.0,31.506722082151644,0.4185831806635366,0.0117049084128468,1.26
KIRAZ,OLGUNLAR,1476,650.0,32.104915315561655,0.3520707434739708,0.0583411923180904,0.44
KIRAZ,ORENCIK,975,3100.0,30.308308380152948,0.4629466938940775,-0.0198031964506288,3.18
KIRAZ,OREN,590,400.0,29.940402453620127,0.4567579863177924,-0.0430426438353886,0.68
KIRAZ,PINARBASI,118,1700.0,29.178312237307097,0.5535148229026168,-0.0980997928107136,14.41
KIRAZ,SACLI,279,880.0,33.52407238850907,0.5512368442063439,-0.0938304002638246,3.15
KIRAZ,SARIKAYA,414,1100.0,34.14206888856714,0.4822422952573745,-0.060637854129582,2.66
KIRAZ,SARISU,367,1000.0,26.76896033777041,0.6153581901317916,-0.1209709063233714,2.72
KIRAZ,SEMSILER,581,1300.0,34.40105490973793,0.5055950874787889,-0.1012389405770799,2.24
KIRAZ,SIRIMLI,620,600.0,33.26857801337891,0.3867952631650194,0.0388087811071735,0.97
KIRAZ,SOLAKLAR,853,3770.0,34.30873188811188,0.3850447626589437,0.0454363771917712,4.42
KIRAZ,SULUDERE,1416,1700.0,34.612762739213736,0.5037487112897766,-0.0919353502400732,1.2
KIRAZ,TASLIYATAK,434,1400.0,30.668199539048867,0.394023060032827,0.0338812800646947,3.23
KIRAZ,TEKBICAKLAR,461,600.0,34.13162995541698,0.3967909678327277,0.0206109397219548,1.3
KIRAZ,TUMBULLAR,256,800.0,32.721121474930726,0.4872503626435411,-0.0340319976458439,3.12
KIRAZ,UMURCALI,483,1200.0,35.69747964606242,0.4759915385967589,-0.0524198494381528,2.48
KIRAZ,UMURLU,926,600.0,30.61396740942756,0.5156484942953066,-0.0407166399392881,0.65
KIRAZ,UZUNKOY,371,1000.0,29.57865383845312,0.558364968404332,-0.0811674716542803,2.7
KIRAZ,YAGLAR,448,1900.0,37.754699795813565,0.4314914636138265,-0.0043804003294799,4.24
KIRAZ,YENIKOY,573,800.0,35.59198449641251,0.4636979384832934,-0.0745555206379373,1.4
KIRAZ,YENI,2896,23800.0,34.92846082577543,0.2072622083928002,0.054926627886979,8.22
KIRAZ,YESILDERE,342,1000.0,35.106538971186914,0.3958685849674535,-0.0288644668338359,2.92
KONAK,2.KADRIYE,6167,5535.0,37.75305654383468,0.2556260511855804,0.0277346152376,0.9
KONAK,AKARCALI,3006,5500.0,36.63605824751539,0.1838762254805947,0.044530912309448,1.83
KONAK,AKDENIZ,317,3200.0,34.96496218662267,0.0910719041183299,0.0527373994773063,10.09
KONAK,AKINCI,377,1300.0,36.13102125488704,0.1048053224891562,0.0985202198008535,3.45
KONAK,ALSANCAK,5388,1580.0,35.29978737148124,0.1117014991668024,0.059995272977032,0.29
KONAK,ANADOLU,1642,1500.0,35.92697187655174,0.1287371645391269,0.0868692603642328,0.91
KONAK,ATILLA,10889,1280.0,35.43705002753054,0.0936913171340806,0.110684904206201,0.12
KONAK,BOGAZICI,3029,1488.0,36.75656492093802,0.1491775629186999,0.0720615908110795,0.49
KONAK,CANKAYA,9788,4503.0,34.94024710562354,0.1487671697679116,0.0512640936623026,0.46
KONAK,CENGIZTOPEL,2018,24420.0,36.39629544784864,0.2796035802980612,0.0032473438632741,12.1
KONAK,CINARLI,549,14000.0,35.75489219391594,0.1858772683786707,-0.0052893041606801,25.5
KONAK,CINARTEPE,5051,45400.0,33.26222209858241,0.2722152245317596,-0.0098494977607462,8.99
KONAK,EMIRSULTAN,1665,17225.0,36.65393976551872,0.1555083356171117,0.0415886154841308,10.35
KONAK,FERAHLI,6877,4070.0000000000005,35.63474663049919,0.1846188037801342,0.0549162303434117,0.59
KONAK,GOZTEPE,15322,33862.0,34.76775256977165,0.2063239604214206,0.0327001699923988,2.21
KONAK,GUNESLI,7588,8422.0,36.90561594596464,0.1143896450135868,0.1064310895752197,1.11
KONAK,GUZELYALI,16508,5886.0,36.17621579000003,0.1500307418154757,0.0650022653480067,0.36
KONAK,HILAL,2228,1100.0,37.075209489015535,0.2091336969181705,0.0351215668399908,0.49
KONAK,ISMETPASA,4120,2300.0,36.092603366943045,0.16593743823124,0.058947949399158,0.56
KONAK,KAHRAMANLAR,3969,4956.0,35.9756019780679,0.1249619193989687,0.0549978367771623,1.25
KONAK,KILICREIS,6684,5414.0,36.30865661458756,0.1073253912127893,0.1041174090619178,0.81
KONAK,KONAK,83,29696.0,35.698531505747745,0.1420394843109636,0.0487578146305904,357.78
KONAK,KULTUR,7689,14500.0,36.29606931687721,0.2436417322441619,0.0132203470449419,1.89
KONAK,LALE,3347,1000.0,35.73017961719102,0.2206336413810735,0.0225614840321424,0.3
KONAK,MEHMETALIAKMAN,6336,9412.0,35.12891889836007,0.2820351011491111,-0.0558132267010562,1.49
KONAK,MERSINLI,2024,1230.0,37.18052921245796,0.1462583721083032,0.0221710870556255,0.61
KONAK,MURAT,4866,1780.0,36.23725834926695,0.1668192242370643,0.0615662484305071,0.37
KONAK,MURATREIS,11182,13431.0,35.96380831285918,0.1292359975031074,0.0794735871377825,1.2
KONAK,NAMIKKEMAL,310,24414.0,33.367825563341235,0.3423508551084099,-0.050023808001388,78.75
KONAK,PIRIREIS,4344,1959.0,36.57977558676884,0.1354695982512583,0.0832487239734893,0.45
KONAK,SAYGI,4157,750.0,35.697403727512985,0.1409132943307842,0.0710515996907616,0.18
KONAK,ULUBATLI,7668,9500.0,35.31296558201886,0.1484407402262978,0.0639215632169248,1.24
KONAK,YENIDOGAN,1760,4162.0,37.50305032481364,0.135186353519584,0.0513851188787575,2.36
MENDERES,AHMETBEYLI,1073,26202.0,29.96491108069014,0.5936288553371669,-0.168170636727678,24.42
MENDERES,AKCAKOY,463,4209.0,39.64178005592096,0.3708519875641244,0.0062834391729804,9.09
MENDERES,ALTINTEPE,3871,7916.0,36.11324712509132,0.3741552269697273,-0.0432927583251106,2.04
MENDERES,ATAKOY,1877,4460.0,29.41252026228317,0.6024775919412945,-0.1824289397848619,2.38
MENDERES,ATA,2203,15658.0,37.599907924526654,0.3230937241133887,0.0170379964076711,7.11
MENDERES,BULGURCA,2079,19176.0,39.29227907713928,0.3377892230658872,0.0147742438033939,9.22
MENDERES,CAKALTEPE,673,3167.0,31.589990728848413,0.5186247764423069,-0.0943409043621535,4.71
MENDERES,CAMONU,1791,2542.0,31.263241731300337,0.5000244230582233,-0.126478840692321,1.42
MENDERES,CATALCA,606,3786.0,34.87720385651912,0.4618463565382305,-0.0596451418554288,6.25
MENDERES,CILE,788,5572.0,31.06588813042195,0.5882479325548441,-0.1668484989130912,7.07
MENDERES,CILEME,1931,24349.0,34.30640596256987,0.3928316891625845,0.003027789928924,12.61
MENDERES,CUKURALTI,6000,14616.0,29.67687674922732,0.5978464895152145,-0.1832125323435526,2.44
MENDERES,CUNEYTBEY,9245,16619.0,38.46106630197453,0.2092481645107771,0.0384236859484369,1.8
MENDERES,DEGIRMENDERE,1634,7345.0,32.40233087552264,0.4685230589714821,-0.1208703634781813,4.5
MENDERES,DEVELI,2556,5878.0,37.24504051422436,0.3412801954843441,0.0145893170063083,2.3
MENDERES,EFEMCUKURU,428,2838.0,34.28875293840067,0.4831933637934442,-0.0789078891066792,6.63
MENDERES,GOLCUKLER,6109,22473.0,37.60425164655494,0.3183963301167216,0.0124680989127084,3.68
MENDERES,GOLOVA,234,2610.0,30.3863661453354,0.5988202652442038,-0.1431535878404675,11.15
MENDERES,GORECECUMHURIYET,2831,10093.0,36.060532292699904,0.4444562073769284,-0.0553408533822865,3.57
MENDERES,GUMULDURATATURK,1613,5230.0,29.43449349414444,0.5939235062657386,-0.1776848761840255,3.24
MENDERES,GUMULDURCUMHURIYET,780,4140.0,29.263136021503225,0.6512787458880244,-0.207358575464437,5.31
MENDERES,GUMULDURFEVZICAKMAK,4639,14447.0,30.25178460677888,0.519720697140655,-0.1290819411097206,3.11
MENDERES,GUMULDURINONU,1127,2287.0,28.04815959454613,0.6556041765748899,-0.2286288891970075,2.03
MENDERES,KARAKUYU,979,8323.0,33.59468888363508,0.4491062631131797,-0.1011206378205684,8.5
MENDERES,KASIMPASA,7077,19090.0,37.13516289174088,0.2333114636093251,0.0141208180423598,2.7
MENDERES,KELER,144,3904.0,30.321510767365883,0.4906413209610875,-0.1245774458373001,27.11
MENDERES,KEMALPASA,10672,27073.0,34.27049042752031,0.3257077147925931,-0.048525096262558,2.54
MENDERES,KISIK,481,4077.0,35.26884166259313,0.4380212389900497,-0.0594332859620078,8.48
MENDERES,KUNER,2780,7669.0,34.84900034973757,0.5071188318282805,-0.0918485149645804,2.76
MENDERES,MITHATPASA,6915,16595.0,37.18613392841824,0.2082281987878395,0.0416105826949714,2.4
MENDERES,OGLANANASIATATURK,1409,3072.0,36.95706498753653,0.351397040363155,-0.0093960843657202,2.18
MENDERES,ORTA,2910,11718.0,29.820963971531743,0.5429044921210081,-0.1765641145123503,4.03
MENDERES,OZDERECUMHURIYET,1654,15233.0,30.73150446395699,0.5665678172226625,-0.1539788695685004,9.21
MENDERES,SANCAKLI,855,3968.0,33.76476098029078,0.4793720343990615,-0.074213766157529,4.64
MENDERES,SASAL,518,6925.0,36.08375396214849,0.4482612056804583,-0.0093540614805857,13.37
MENDERES,TEKELIATATURK,1556,7573.0,35.843265882662784,0.3548645872597444,0.0098622861500787,4.87
MENEMEN,29EKIM,9055,754400.0,34.28363526502253,0.3988271291568989,-0.0582844013311277,83.31
MENEMEN,30AGUSTOS,19083,52940.0,36.50143000598111,0.1967081347441251,0.0091966127866906,2.77
MENEMEN,75.YILCUMHURIYET,457,2180.0,33.95278231100064,0.3173620573070811,-0.062518654635168,4.77
MENEMEN,85.YILCUMHURIYET,1964,5400.0,33.29716321170687,0.3041768627640775,-0.0485508287870181,2.75
MENEMEN,9EYLUL,10552,57740.0,36.94592057792709,0.310034913967694,-0.0306652820967605,5.47
MENEMEN,AHIHIDIR,2494,16649.0,34.9977246897069,0.3861093957533622,-0.0677420223997017,6.68
MENEMEN,ALANICI,379,1459.0,32.07450504016667,0.4612807850899507,-0.0667162740273437,3.85
MENEMEN,ATATURK,3906,10600.0,37.063301322593226,0.1084750610595663,0.0448066475878251,2.71
MENEMEN,AYVACIK,402,2134.0,36.55074132264927,0.4005707063033595,-0.0530976664920558,5.31
MENEMEN,BAGCILAR,167,9000.0,35.79201990021941,0.4096464508658161,-0.0260785451986087,53.89
MENEMEN,BELEN,294,1024.0,36.77137934482195,0.4165380849087557,-0.031986489297317,3.48
MENEMEN,BOZALAN,273,3426.0,32.290829708532165,0.5311957031387406,-0.1235221637304259,12.55
MENEMEN,CAMIIKEBIR,1412,2403.0,35.86744124777089,0.3919594993610248,-0.075736138712071,1.7
MENEMEN,CAVUS,398,2250.0,35.92634070020576,0.3985022024407149,-0.0771011452893757,5.65
MENEMEN,DOGA,576,4509.0,37.01255017039114,0.3906888096769517,-0.0161545714681683,7.83
MENEMEN,EMIRALEMMERKEZ,1484,4021.0,34.726050187418835,0.4157001079318026,-0.0861399043862076,2.71
MENEMEN,ESATPASA,9611,28251.0,37.78086981054872,0.1897466567459687,0.0166287888645126,2.94
MENEMEN,GAYBI,568,475.0,37.8842549991514,0.1474830232651773,0.0869775410992198,0.84
MENEMEN,GAZI,6038,7007.0,36.45131656492905,0.1882238592904221,0.0612236960963925,1.16
MENEMEN,GOKTEPE,845,2500.0,33.45799598454565,0.4782338429252514,-0.0881898053193901,2.96
MENEMEN,GORECE,362,3800.0,35.95877057210829,0.4450036320606592,-0.0592848514253337,10.5
MENEMEN,GUNERLI,243,1700.0,34.62410229099391,0.3487736452405237,-0.042704680348353,7.0
MENEMEN,HASANLAR,299,1551.0,35.31000583424013,0.4824809432610637,-0.0921718745459512,5.19
MENEMEN,HATUNDERE,3329,738.0,36.60227570345432,0.4018757142796202,-0.0278780762968117,0.22
MENEMEN,HAYKIRAN,1034,6715.0,37.63741074423248,0.4152553338132386,-0.0396076101274874,6.49
MENEMEN,IGNEDERE,125,3660.0,35.37825266038198,0.4535331412747403,-0.1011371801861984,29.28
MENEMEN,INCIRLIPINAR,6091,3840.0,36.66532269216584,0.1373655526108766,0.0694526685990071,0.63
MENEMEN,IRMAK,8390,3426.0,34.43729023295035,0.3164878540469097,-0.0374367888087335,0.41
MENEMEN,ISMETINONU,13116,133700.0,34.541615669405914,0.2129411290570556,0.0154686960834514,10.19
MENEMEN,KARAORMAN,109,29700.0,30.106726143175862,0.578749267518947,-0.1672381367796505,272.48
MENEMEN,KASIMPASA,15287,36910.0,32.036498822453154,0.4732295320046736,-0.1103067208514227,2.41
MENEMEN,KEMALATATURK,6457,14500.0,32.0270030208733,0.4763652115002366,-0.1041316259071477,2.25
MENEMEN,KESIK,731,3170.0,33.59335618656718,0.3531980634623536,-0.0669445176118574,4.34
MENEMEN,MERMERLI,7981,22100.0,36.5209738696599,0.3840437634092007,-0.0622203243450991,2.77
MENEMEN,MUSABEY,295,1162.0,34.068034246134886,0.4118580218193038,-0.1068149811688593,3.94
MENEMEN,SUZBEYLI,43,2760.0,27.565822344438665,-0.1944113466365132,-0.0996850222890511,64.19
MENEMEN,TELEKLER,143,2200.0,39.85332790807286,0.3470682022454365,0.0728542614455329,15.38
MENEMEN,TURGUTLAR,53,2831.0,32.63326756682408,0.5477925857716182,-0.1241809572322086,53.42
MENEMEN,TUZCULLU,278,1120.0,34.3973477108584,0.308851174158013,-0.0219714577979167,4.03
MENEMEN,UGURMUMCU,16975,22078.0,37.51430261348117,0.1486752937458091,0.0593764408345601,1.3
MENEMEN,ULUS,4062,1400.0,35.60704407550485,0.2293897832047655,-0.0121519160931157,0.34
MENEMEN,VILLAKENT,2915,14710.0,39.36988317339922,0.2473880728887515,0.0362391653266767,5.05
MENEMEN,YAHSELLI,4668,140.0,36.15634551993174,0.3751077977368939,-0.0365700267828923,0.03
MENEMEN,YAYLA,987,5474.0,31.790584373570315,0.5356727804986926,-0.1263637114806356,5.55
MENEMEN,YESILPINAR,4240,3995.0,33.65879032100703,0.4660564654701178,-0.0923928452093986,0.94
MENEMEN,YILDIRIM,1342,8750.0,35.83021187397952,0.3548047342850141,-0.0515610788374842,6.52
MENEMEN,ZEYTINLIK,3063,4260.0,36.65833124857956,0.1523582465159533,0.0533419693003823,1.39
NARLIDERE,2.INONU,8492,13380.0,26.407939287443533,0.6730605610647148,-0.2718415430530843,1.58
NARLIDERE,ALTIEVLER,2224,4297.0,33.34787442596526,0.3820294985208923,-0.0925695674806294,1.93
NARLIDERE,CATALKAYA,6488,20855.0,33.78791592840622,0.2617416612333296,-0.0128656717371007,3.21
NARLIDERE,HUZUR,6803,53002.0,32.32198161159445,0.4028440446005376,-0.0870739545132681,7.79
NARLIDERE,ILICA,8231,29975.0,31.316705066907733,0.4037046127693454,-0.0988240656649751,3.64
NARLIDERE,LIMANREIS,3213,32949.0,28.298152276304258,0.6029258847034383,-0.2088555469896608,10.25
NARLIDERE,NARLI,7321,34334.0,30.51408507638357,0.5798462751774905,-0.2041065889636097,4.69
NARLIDERE,SAHILEVLERI,2016,7774.0,33.5011287855768,0.4178347067689082,-0.1061150834372665,3.86
NARLIDERE,YENIKALE,5217,31728.0,34.59556833639923,0.2057938727849803,0.0026490167662773,6.08
ODEMIS,AKINCILAR,1454,3000.0,37.293001779953634,0.2158342884996307,0.0324998658180958,2.06
ODEMIS,ALASARLI,411,3048.0,35.73117721066314,0.4945665314576327,-0.0813778203343889,7.42
ODEMIS,ANAFARTALAR,9255,27764.0,38.28089707002328,0.2059925756159324,0.0531175177036006,3.0
ODEMIS,ARTICAK,104,1852.0,25.975731480305274,0.6325825245360526,-0.2127116228901129,17.81
ODEMIS,BADEMLI,2334,7994.0,31.955229995322878,0.486267630086635,-0.0964201770417617,3.43
ODEMIS,BALABANLI,848,2695.0,35.13325083607343,0.4923854826533211,-0.0859818118788793,3.18
ODEMIS,BAYIRLI,235,2000.0,26.34461508278117,0.659171959607082,-0.200497659405936,8.51
ODEMIS,BEBEKLER,127,2967.0,28.01099089934328,0.6670204032191988,-0.2407527949169221,23.36
ODEMIS,BENGISU,5146,5276.0,38.14994680610066,0.2022322753962727,0.0954186652650945,1.03
ODEMIS,BEYAZITLAR,208,6780.0,36.5284883164652,0.5257692368567248,-0.0714679628245056,32.6
ODEMIS,BICAKCI,1755,7455.0,27.129768761936123,0.5982447299962783,-0.1585292365432428,4.25
ODEMIS,BIRGI,1741,6913.0,34.218689649444585,0.5139294530815557,-0.0645935567020805,3.97
ODEMIS,BOZCAYAKA,468,3460.0,37.880266492982365,0.4114429256577777,0.0128596685515566,7.39
ODEMIS,BOZDAG,481,5464.0,25.70470782929284,0.5101790017084444,-0.1403786275025877,11.36
ODEMIS,BUCAK,346,2580.0,35.68118583387994,0.4637865545009084,-0.0176716656541245,7.46
ODEMIS,BULBULLER,115,2610.0,33.79237617793044,0.5556509032370083,-0.1227830108542784,22.7
ODEMIS,BUYUKAVULCUK,265,923.0,39.06445802564019,0.4260953849403278,-0.06368609740127,3.48
ODEMIS,CAGLAYAN,109,60600.0,30.25341416350976,0.637263073060584,-0.1987961373775604,555.96
ODEMIS,CAMLICA,341,2183.0,34.75491366034497,0.4765494365778335,-0.0681024397478816,6.4
ODEMIS,CAMYAYLA,346,2198.0,27.35565498822569,0.6867932766335691,-0.2256497272494257,6.35
ODEMIS,CAYIR,603,2266.0,28.022244350140607,0.5943829758279919,-0.1650585788876707,3.76
ODEMIS,CAYLI,1327,12300.0,36.45045966941103,0.4541327737780914,-0.0753436268402437,9.27
ODEMIS,CEVIZALAN,198,885.0,33.021599824119576,0.461926856028891,-0.0046893813562649,4.47
ODEMIS,DEMIRCILI,723,4761.0,35.444944306525045,0.424547802070692,-0.062167163734537,6.59
ODEMIS,DEMIRDERE,491,2763.0,26.951886186344105,0.4948961315122783,-0.0939196049375759,5.63
ODEMIS,DOLAYLAR,261,3470.0,30.6099584354888,0.5857633822481284,-0.1643182926335599,13.3
ODEMIS,EMIRLI,1000,4014.9999999999995,34.35381031745589,0.5047529153293356,-0.0918933758825664,4.01
ODEMIS,EMMIOGLU,1736,9989.0,36.84490399965111,0.4495158470922726,-0.100095669652209,5.75
ODEMIS,ERTUGRUL,520,2595.0,34.96209665877724,0.3110424624572332,-0.0063313477641326,4.99
ODEMIS,GERCEKLI,528,1976.0,36.3177065900953,0.4805491249376889,-0.0702153487862847,3.74
ODEMIS,GERELI,919,3253.0,37.04403091785609,0.4433197694041609,-0.0101695215080829,3.54
ODEMIS,GOLCUK,2163,13255.0,31.45554590765552,0.4328752738839204,-0.0856429928679803,6.13
ODEMIS,GUNEY,405,1412.0,32.213321994162065,0.3471021999532356,-0.030199898438307,3.49
ODEMIS,GUNLUCE,1106,3940.0,34.06267559431717,0.5101262708891358,-0.1154806462660564,3.56
ODEMIS,HACIHASAN,218,1625.0,29.35559668085337,0.5707542876835684,-0.1110267215340602,7.45
ODEMIS,HAMAM,562,2297.0,27.400237183573893,0.6149766761239877,-0.1473928952957827,4.09
ODEMIS,HORZUM,522,5418.0,29.46512852708457,0.5452844941345991,-0.1137842699373475,10.38
ODEMIS,HURRIYET,6271,16090.0,34.413854606358484,0.3985125849661137,-0.0690863491193977,2.57
ODEMIS,ILKKURSUN,146,10426.0,38.54198610650866,0.4035210861306081,-0.0465273924717276,71.41
ODEMIS,ISIK,93,3200.0,37.27273540193875,0.5030087911275796,-0.0733833962541628,34.41
ODEMIS,KARADOGAN,548,2092.0,37.44657932971902,0.4658906025944283,-0.0966724262914608,3.82
ODEMIS,KARAKOVA,125,1843.0,34.32517577232216,0.5042350908444742,-0.123459348786803,14.74
ODEMIS,KAYAKOY,1057,15574.0,37.13662957284672,0.4891680833169414,-0.104148830936117,14.73
ODEMIS,KAYMAKCI,5634,15925.0,38.24012854864621,0.4222081087050153,-0.0100943385326108,2.83
ODEMIS,KAZANLI,413,3765.0,34.58318723910319,0.5340758382047832,-0.1314259726267043,9.12
ODEMIS,KEMENLER,423,1765.0,34.80362240784611,0.4595713188944652,-0.0416520261526626,4.17
ODEMIS,KEMER,238,1852.0,27.350318002452727,0.5214817302314749,-0.1177498813152897,7.78
ODEMIS,KERPICLIK,195,1664.0,30.616277143036463,0.608901274992746,-0.1756494708429223,8.53
ODEMIS,KISLA,127,3150.0,40.25963608513145,0.3708597243018263,0.0499907009024561,24.8
ODEMIS,KIZILCAAVLU,463,1377.0,29.75179104640765,0.5945153747618518,-0.1561757007224087,2.97
ODEMIS,KIZILCA,119,4054.9999999999995,36.45745880418716,0.4684224206767329,-0.0710944556373953,34.08
ODEMIS,KOFUNDERE,231,1910.0,38.6346628352892,0.3979569253705751,0.0461693889768699,8.27
ODEMIS,KONAKLI,1469,9980.0,33.944121210674794,0.5214058148604969,-0.1264832056771012,6.79
ODEMIS,KOSELER,499,1457.0,33.73062546877192,0.5263083431717842,-0.0851625729309556,2.92
ODEMIS,KUCUKAVULCUK,444,3546.0,38.70126558777351,0.4331778305103901,-0.0164846700254192,7.99
ODEMIS,KUCUKOREN,367,7146.0,27.98329505441018,0.5514180981281163,-0.1022448950773098,19.47
ODEMIS,KURE,429,3186.0,28.39853598800085,0.6017635478192086,-0.1434745489932734,7.43
ODEMIS,KURUCUOVA,818,7860.0,39.06047520576906,0.4146786216252711,0.0023132323411881,9.61
ODEMIS,KUTLUBEYLER,145,500.0,32.681344025546814,0.506748397035845,-0.0501359636132822,3.45
ODEMIS,KUVVETLI,1874,24018.0,37.46170411261795,0.452325150299702,-0.1086530407618373,12.82
ODEMIS,MESCITLI,590,4116.0,35.187742672355455,0.4829775756267645,-0.0935367005936333,6.98
ODEMIS,MESRUTIYET,929,3243.0,40.04843466819575,0.1980253785311912,0.1125241374654548,3.49
ODEMIS,MIMARSINAN,2450,6404.0,36.94405316942394,0.2458979752924971,0.0159639335508538,2.61
ODEMIS,MURSALLI,257,4110.0,35.26487496753593,0.4583986435602675,-0.0707926052002951,15.99
ODEMIS,OCAKLI,385,1525.0,38.54458633495416,0.4656351032766306,-0.0625293171446123,3.96
ODEMIS,OGUZLAR,116,2640.0,34.13046593540094,0.3793810510709398,-0.063681841412171,22.76
ODEMIS,ORHANGAZI,320,2340.0,37.37895377331382,0.399715404491491,0.0190574506611275,7.31
ODEMIS,ORTAKOY,127,5460.0,35.30393711976672,0.4319718488130501,-0.0702613350345312,42.99
ODEMIS,OVACIK,181,1910.0,30.218384707277973,0.5105703468140708,-0.1059412254090326,10.55
ODEMIS,OVAKENT,2049,10488.0,33.51293330274486,0.5401662890272851,-0.1368801764427324,5.12
ODEMIS,PIRINCCI,421,5675.0,32.06051747938449,0.5558231548662278,-0.1302655321162259,13.48
ODEMIS,SEKIKOY,395,2996.0,36.769542964099344,0.4673530615851301,-0.0939928080761448,7.58
ODEMIS,SEYREKLI,507,6000.0,35.985609660214,0.4846527182648377,-0.1440962980835561,11.83
ODEMIS,SIRINKOY,135,4080.0,36.03476463310528,0.5022481174197121,-0.0977734259910341,30.22
ODEMIS,SUCIKTI,96,500.0,30.028669890646345,0.5607503168461542,-0.1415380489812042,5.21
ODEMIS,SULEYMANDEMIREL,10347,24554.0,39.40699399497648,0.2579759781640321,0.0177410287783584,2.37
ODEMIS,SULEYMANLAR,58,2508.0,30.727629327425127,0.5238369283467516,-0.0761676838963617,43.24
ODEMIS,TEKKE,335,3170.0,27.589800882073384,0.54323260586239,-0.1368396537586762,9.46
ODEMIS,TOSUNLAR,173,1484.0,28.02560121002408,0.6475190440768949,-0.2373664593867665,8.58
ODEMIS,TURKMEN,4649,15592.0,38.13050033204798,0.3949492186437773,-0.0701179419999634,3.35
ODEMIS,TURKONU,304,4000.0,39.90898148700109,0.4112943076604093,0.009260952583574,13.16
ODEMIS,UCEYLUL,4380,42639.0,36.84331557319177,0.4779840233210206,-0.1314516392202047,9.73
ODEMIS,UCKONAK,520,5783.0,35.80879833429656,0.4680800601493026,-0.0226116963615373,11.12
ODEMIS,UMURBEY,2621,7300.0,35.87765816411044,0.3163410344461379,-0.0454574941716904,2.79
ODEMIS,UZUMLU,228,2430.0,34.98464255911922,0.5717731714821043,-0.1520514196122182,10.66
ODEMIS,UZUNDERE,188,5690.0,36.9946907008912,0.4028366464904369,-0.0282755143363476,30.27
ODEMIS,VELILER,154,5148.0,32.75856414317167,0.5041343541572464,-0.0671440515402935,33.43
ODEMIS,YENICEKOY,757,4745.0,38.056130510534416,0.4298782943127485,-0.0886115141218338,6.27
ODEMIS,YESILKOY,187,1660.0,34.208025439833044,0.5027289156988118,-0.100611039367177,8.88
ODEMIS,YILANLI,117,500.0,28.9951846018823,0.5205350938554961,-0.1027290422533441,4.27
ODEMIS,YOLUSTU,1165,3479.0,35.80116056992414,0.5165820371341943,-0.109490065751169,2.99
ODEMIS,YUSUFDERE,338,1913.0,35.3854707087917,0.5395388701142471,-0.0871596848649046,5.66
SEFERIHISAR,BENGILER,2670,9800.0,31.73632664860657,0.549604366293568,-0.1489630097554083,3.67
SEFERIHISAR,BEYLER,342,1700.0,33.05819903619995,0.4857178171486924,-0.0807297990224192,4.97
SEFERIHISAR,CAMIKEBIR,9997,29841.0,32.35064189195125,0.4647914835547001,-0.0816329745883601,2.98
SEFERIHISAR,CAMTEPE,126,855.0,32.55042064916383,0.3925954653720255,-0.0805302394077422,6.79
SEFERIHISAR,COLAKIBRAHIMBEY,4633,10000.0,34.26333371536347,0.3318609397257671,0.0518616886390383,2.16
SEFERIHISAR,DUZCE,1503,12850.0,31.34383319429775,0.5345564750902378,-0.1007374945749178,8.55
SEFERIHISAR,GODENCE,337,1100.0,30.714723328412468,0.613096181293671,-0.1812982561173784,3.26
SEFERIHISAR,HIDIRLIK,7076,27779.0,31.450956846057,0.4807479813024742,-0.1333083370871058,3.93
SEFERIHISAR,IHSANIYE,100,2069.0,33.98875290840732,0.5145141413002832,-0.118338974370469,20.69
SEFERIHISAR,KAVAKDERE,308,1000.0,31.936042626814096,0.5729401556918804,-0.1349028595378089,3.25
SEFERIHISAR,MERSINALANI,3282,9563.0,30.149371485853585,0.5934336381071309,-0.1803533234077957,2.91
SEFERIHISAR,ORHANLI,1426,13040.0,32.3123357239652,0.5551182962137382,-0.1131008377778887,9.14
SEFERIHISAR,PAYAMLI,1776,19168.0,29.948542796263705,0.5933226153880503,-0.1714012406181838,10.79
SEFERIHISAR,SIGACIK,4273,17160.0,31.206526669464232,0.4841329643982751,-0.0852594472283015,4.02
SEFERIHISAR,TEPECIK,2018,12438.0,33.275623783802715,0.3620790406478901,0.0339001594130856,6.16
SEFERIHISAR,TURABIYE,7873,12000.0,32.12885608723217,0.4371832433896802,-0.0400061018024624,1.52
SEFERIHISAR,TURGUT,392,5646.0,31.541700478516624,0.620574623483048,-0.1693356120088913,14.4
SEFERIHISAR,ULAMIS,3107,7197.0,32.75695929520306,0.4511250669305223,-0.04029107256857,2.32
SELCUK,14MAYIS,7244,15805.0,30.88212436513795,0.5531766837383871,-0.1631632138290334,2.18
SELCUK,ACARLAR,388,3207.0,30.82933583081528,0.5514658356410412,-0.1596258173209656,8.27
SELCUK,BARUTCU,142,1000.0,31.513986497785048,0.552383567334244,-0.1309827727639251,7.04
SELCUK,BELEVI,1888,10990.0,33.31318005903639,0.5226352466312647,-0.1254454814768801,5.82
SELCUK,GOKCEALAN,984,8380.0,33.76606558798844,0.5650114702951594,-0.1796454808019782,8.52
SELCUK,HAVUTCULU,249,4862.0,34.3516029150172,0.5708558323836361,-0.17448717328458,19.53
SELCUK,ISABEY,2585,20993.0,33.65471328579416,0.4843813479681988,-0.093381084397292,8.12
SELCUK,SIRINCE,461,2326.0,30.84858546730845,0.6026873550834723,-0.1840916365316136,5.05
SELCUK,SULTANIYE,36,750.0,31.877837581270768,0.5488027734014104,-0.1417559002310112,20.83
SELCUK,ZEYTINKOY,757,800.0,32.10169504831283,0.5080131104583521,-0.0868366277184954,1.06
TIRE,4EYLUL,4062,2368.0,37.20715985133972,0.1920470190967359,0.0346693671934441,0.58
TIRE,ADNANMENDERES,5014,16708.0,37.49477782201677,0.3747077795307046,-0.0257802524924236,3.33
TIRE,AKCASEHIR,213,1303.0,30.910678626486643,0.5618533987461504,-0.1564528909965526,6.12
TIRE,AKKOYUNLU,456,2092.0,37.69267626231572,0.4162027624319666,-0.0026339235316099,4.59
TIRE,AKMESCIT,457,1923.0,31.682704138799405,0.4353459919720576,-0.037204742909297,4.21
TIRE,AKYURT,366,1725.0,29.86257951520427,0.5932617652577875,-0.1802234095716926,4.71
TIRE,ALACALI,228,1170.0,33.959813735220024,0.4447073813944482,-0.0170587725841429,5.13
TIRE,ALAYLI,224,1216.0,29.410337321198668,0.6558939120120706,-0.2211800129976043,5.43
TIRE,ARMUTLU,46,325.0,30.206682245822392,0.543701992433839,-0.1157649138521309,7.07
TIRE,AYAKLIKIRI,302,1291.0,33.554730233601305,0.4445479381176107,-0.0325693438962382,4.27
TIRE,BAHARIYE,1068,390.0,31.02623107068013,0.3779703469160018,-0.0483813206278026,0.37
TIRE,BASKOY,454,794.0,31.00842486897833,0.5096269707944984,-0.0869456479507144,1.75
TIRE,BOYNUYOGUN,326,1589.0,33.15210072684548,0.5005918957301441,-0.1273202741357566,4.87
TIRE,BUYUKKALE,463,2228.0,30.37918969738141,0.583043316436973,-0.2106890214161326,4.81
TIRE,BUYUKKEMERDERE,359,1732.0,27.548092924702285,0.573483522975034,-0.1456886678575754,4.82
TIRE,BUYUKKOMURCU,318,1498.0,29.723922899587755,0.5285695273833085,-0.1150289746778079,4.71
TIRE,CAMBAZLI,252,1022.0,25.287357879192687,0.6502361270919081,-0.2243140326121849,4.06
TIRE,CAYIRLI,264,425.0,31.33594926693077,0.5586798727487453,-0.146607870835482,1.61
TIRE,CERIKOZU,342,663.0,27.700631913826182,0.5298619100628265,-0.1357936110508932,1.94
TIRE,CINIYERI,557,2121.0,34.81149295325675,0.4901204789370782,-0.1047851552681632,3.81
TIRE,COBANKOY,260,1998.0,34.21080371165172,0.508085156598949,-0.094601876557724,7.68
TIRE,CUKURKOY,129,916.0,29.81383180773495,0.5647424850989062,-0.1483287883983631,7.1
TIRE,DAGDERE,325,520.0,31.41700768543106,0.4501809250930063,-0.06327613518039,1.6
TIRE,DALLIK,316,716.0,26.69538148088044,0.6403871702321257,-0.1968521224023386,2.27
TIRE,DEREBASI,840,1872.0,38.6223098762349,0.4353247199359408,-0.0464278854493942,2.23
TIRE,DERELI,260,1100.0,29.415418818335567,0.5612380867694852,-0.1309783815534906,4.23
TIRE,DERE,1358,634.0,27.294572245577022,0.5282752164049022,-0.1430913015762879,0.47
TIRE,DIBEKCI,76,585.0,28.302287344875307,0.4538968051487913,-0.0758191896948134,7.7
TIRE,DOYRANLI,286,1408.0,39.99240718134318,0.3997740631398738,-0.0075294087026988,4.92
TIRE,DUATEPE,374,10143.0,32.141160734471946,0.31631289511311,-0.0328258445122398,27.12
TIRE,DUMLUPINAR,557,610.0,33.2701028946322,0.2967796201109426,0.0163787152765226,1.1
TIRE,DUNDARLI,307,317.0,33.41193911387917,0.463809593261158,-0.0817864225842183,1.03
TIRE,EGRIDERE,612,1700.0,31.102265080562727,0.5128876419901779,-0.0837763952020507,2.78
TIRE,ESKIOBA,481,2051.0,35.4006481648911,0.4484077754982557,-0.0549253842923003,4.26
TIRE,GOKCEN,926,20805.0,35.92577494055007,0.4404563577886137,-0.0865001220097611,22.47
TIRE,HALKAPINAR,159,1700.0,32.51530406403808,0.3640682798407755,-0.0906156359427782,10.69
TIRE,HASANCAVUSLAR,150,643.0,34.30698913168057,0.4454948234359182,-0.0522264788455052,4.29
TIRE,HISARLIK,188,288.0,27.95910642415503,0.6437034566493582,-0.2247240055126529,1.53
TIRE,IBNIMELEK,4525,15488.0,35.58076109000737,0.4352887384497634,-0.0708806969260136,3.42
TIRE,IPEKCILER,1629,884.0,38.3790614895931,0.1769222984511737,0.0621263585315637,0.54
TIRE,ISIKLI,742,3475.0,34.604310196159915,0.4660072446571008,-0.0875602191297872,4.68
TIRE,KAHRAT,1152,900.0,36.16483957125714,0.4316770544505354,-0.0731828372063316,0.78
TIRE,KAPLAN,108,713.0,25.88322056248527,0.60617089032437,-0.1847190859446742,6.6
TIRE,KARACAALI,233,1224.0,31.735210760974194,0.56685555700368,-0.1727407724862212,5.25
TIRE,KARATEKE,558,2136.0,37.50967865328523,0.415766640858601,-0.0097728897559033,3.83
TIRE,KETENCI,1322,467.0,37.00822605750719,0.2654434956444049,0.0478737528879698,0.35
TIRE,KIRELI,669,2664.0,36.03065971378175,0.4534632716273132,-0.0861851975888018,3.98
TIRE,KIRTEPE,439,3532.0,35.163290805503124,0.4556722825711,-0.0806166067415849,8.05
TIRE,KIZILCAHAVLU,473,2194.0,35.03132779961945,0.4485112418334113,-0.0957050777614374,4.64
TIRE,KOCAALILER,81,741.0,36.9423652132823,0.3966443454334276,0.0068167138408902,9.15
TIRE,KUCUKBURUN,143,484.0,33.08617416089742,0.4566542694963247,-0.0834769767942746,3.38
TIRE,KUCUKKALE,212,1557.0,29.80711628470496,0.5711928944480419,-0.2036176621049029,7.34
TIRE,KUCUKKEMERDERE,593,916.0,28.43717306782658,0.5617602210328148,-0.1270844630075243,1.54
TIRE,KUCUKKOMURCU,120,640.0,30.761869997936213,0.4966644900938746,-0.0879236641408562,5.33
TIRE,KURDULLU,282,680.0,33.70201644043109,0.5441686631591753,-0.1340743981377621,2.41
TIRE,KURSAK,154,1353.0,34.44101234308939,0.4672679563064329,-0.0519688022440491,8.79
TIRE,MAHMUTLAR,324,1040.0,35.74073690568389,0.4331227489406803,-0.0849997411268456,3.21
TIRE,MEHMETLER,188,1952.0,31.13384799799641,0.4905084754370334,-0.1426047560743355,10.38
TIRE,MUSALAR,215,578.0,31.266144538337294,0.4691167575432755,-0.0734084413342486,2.69
TIRE,OSMANCIK,257,1225.0,28.33517268324318,0.5802400006079914,-0.1508808242312028,4.77
TIRE,PASA,875,400.0,33.39680281514691,0.4046911335216594,-0.0521340412918917,0.46
TIRE,PESREFLI,562,1584.0,35.31967204922334,0.4514808024314451,-0.0767141410870997,2.82
TIRE,SARILAR,506,1081.0,29.79842622076852,0.5895611569282773,-0.1565843094227821,2.14
TIRE,SARUHANLI,208,964.0,32.9879927749504,0.560572958095733,-0.1238350410930374,4.63
TIRE,SOMAK,187,466.0,34.49256422720845,0.481146617218192,-0.1062254646705613,2.49
TIRE,TOKI,2719,17083.0,36.712621228242526,0.4014660406148785,-0.0515306135068232,6.28
TIRE,TOPALAK,161,444.0,28.48687487107141,0.5512446357600994,-0.1153352034834855,2.76
TIRE,TOPARLAR,105,436.0,33.80016803476772,0.479750558890297,-0.0998354752682391,4.15
TIRE,TURGUTLU,141,1572.0,39.91288688445183,0.3738208453974201,0.0248270305845888,11.15
TIRE,UZUMLER,169,1679.0,31.59591970521777,0.5203008917046945,-0.1625608108828273,9.93
TIRE,YAMANDERE,225,568.0,28.771290603619804,0.4672905658714045,-0.0748523916168381,2.52
TIRE,YEGENLI,441,1256.0,34.93252188265908,0.4531612945807213,-0.0701201991792349,2.85
TIRE,YEMISLER,92,482.0,30.74975550479148,0.5384183859822192,-0.1239796604602895,5.24
TIRE,YENICIFTLIK,523,674.0,34.98225541906374,0.4308895028009991,-0.0969179066236954,1.29
TIRE,YENIOBA,233,1468.0,36.08343035363778,0.3800408135054048,0.0272957781571717,6.3
TIRE,YENISEHIR,106,1138.0,34.31375128564275,0.4106571984116434,-0.0377752472123544,10.74
TORBALI,19MAYIS,832,26663.0,36.392095597637976,0.3191004101876044,-0.036771991627736,32.05
TORBALI,AHMETLI,1006,158182.0,30.01463836973232,0.6064408412357251,-0.1779566739302791,157.24
TORBALI,ALPKENT,9891,11991.0,35.0285925595906,0.1618815153127601,0.0697246835197759,1.21
TORBALI,ARSLANLAR,838,7210.0,36.46258804181824,0.4291246586498822,-0.0845067955411458,8.6
TORBALI,ATALAN,462,1692.0,33.956810601518214,0.434407824299195,-0.0995033896301846,3.66
TORBALI,AYRANCILAR,17428,10124.0,37.39628180262604,0.2938149354098646,0.000808389415426,0.58
TORBALI,BAHCELIEVLER,5274,12980.0,36.797280224211136,0.2308301709423347,0.0383686644211592,2.46
TORBALI,BULBULDERE,170,1700.0,36.4882329783799,0.4057984699205771,0.0156467104698335,10.0
TORBALI,CAKIRBEYLI,528,6200.0,34.79703658890384,0.4078354109307801,-0.0813285375905484,11.74
TORBALI,CAPAK,1856,5723.0,37.27008279551471,0.3553266338446739,-0.0343669007818281,3.08
TORBALI,DAGKIZILCA,961,6207.0,32.04541597374912,0.5311552940786415,-0.1520728430079598,6.46
TORBALI,DAGTEKE,149,200.0,32.07451348144309,0.6049670205308378,-0.1902311821443761,1.34
TORBALI,DEMIRCI,517,5262.0,34.41994368839523,0.4549676443514162,-0.0662543441587846,10.18
TORBALI,DIRMIL,741,4664.0,35.4210865215923,0.4548696570023644,-0.0683032387318186,6.29
TORBALI,DUVERLIK,167,1315.0,35.80818298567819,0.5205300901925698,-0.1270498278729968,7.87
TORBALI,EGERCI,1028,219450.0,36.0457366679746,0.3647956678237389,-0.0694567941779575,213.47
TORBALI,FEVZICAKMAK,15461,34260.0,36.78997168107461,0.2992589943213493,0.0246661569928337,2.22
TORBALI,GAZIMUSTAFAKEMAL,1090,5500.0,35.17512681590017,0.4071156356129233,-0.0628269314281552,5.05
TORBALI,GOLLUCE,650,91800.0,37.76358311819305,0.4056808246440649,-0.0179565496643023,141.23
TORBALI,HELVACI,218,1288.0,33.998576295360934,0.5623102661892319,-0.1433802337857929,5.91
TORBALI,INONU,20307,47816.0,36.59535216232107,0.2771789196169668,-0.0097263692523755,2.35
TORBALI,ISTIKLAL,2382,20526.0,36.74580141861322,0.3282031042292882,2.689147224728517e-05,8.62
TORBALI,KAPLANCIK,253,6500.0,33.07428984708418,0.525880144431314,-0.0950149223800123,25.69
TORBALI,KARAKIZLAR,481,3415.0,34.1038217898219,0.5162928396185607,-0.1252368725214466,7.1
TORBALI,KARAOT,275,1330.0,32.75506731235233,0.5106033004336947,-0.1318210658632251,4.84
TORBALI,KARSIYAKA,2720,28375.0,36.18482624441625,0.3627476493731909,-0.0895850277350844,10.43
TORBALI,KAZIMKARABEKIR,3368,15800.0,37.03913824476783,0.2439393521282812,0.0302808733488326,4.69
TORBALI,KIRBAS,234,1275.0,33.94032920285352,0.4391724234142581,-0.0998001594026206,5.45
TORBALI,KUSCUBURUN,1900,16370.0,35.820345811292746,0.3937235377054311,-0.033024712937367,8.62
TORBALI,MURATBEY,24226,63546.0,34.90285669392791,0.360028197000272,-0.0821607500537473,2.62
TORBALI,NAIME,292,2420.0,33.771004756525755,0.5098658895662774,-0.1555275820119679,8.29
TORBALI,ORMANKOY,290,4720.0,34.19211879037182,0.5602720464439102,-0.1474555529093369,16.28
TORBALI,OZBEY,3628,70000.0,34.06108601755365,0.4584775608739687,-0.1344431727981739,19.29
TORBALI,PAMUKYAZI,2136,138250.0,35.22019304484918,0.3870045949907635,-0.0844639754797413,64.72
TORBALI,PANCAR,1907,3222.0,33.58498246303876,0.394377065088689,0.0149154229321612,1.69
TORBALI,SAGLIK,141,1167.0,33.29860915142516,0.4709992723204017,-0.0899545425032544,8.28
TORBALI,SAIPLER,264,780.0,35.94775997359176,0.4106282604047933,-0.0696557145091492,2.95
TORBALI,SEHITLER,760,5400.0,36.075984163048645,0.3640357339498981,-0.0471753241822391,7.11
TORBALI,TASKESIK,526,1540.0,39.0695787987369,0.453265033675882,-0.051535238692375,2.93
TORBALI,TORBALI,23490,31107.0,34.770827455274535,0.4060598815394509,-0.1263406237897475,1.32
TORBALI,TULUM,462,27400.0,34.983414411812625,0.458574679247688,-0.0696483582568074,59.31
TORBALI,TURKMENKOY,1948,162796.0,36.37592399818022,0.4037665691702496,-0.0182426156077048,83.57
TORBALI,YAZIBASI,3388,26758.0,38.75615198704012,0.2602308046312146,0.0156559813781941,7.9
TORBALI,YEDIEYLUL,5004,23896.0,36.84454400219452,0.2394362424785771,-0.0231560435690004,4.78
TORBALI,YEMISLIK,2172,3007.0,36.1842990639081,0.2356986263516921,-0.0037540677370259,1.38
TORBALI,YOGURTCULAR,350,1100.0,35.421401574253935,0.4363746063622127,-0.0473681779529916,3.14
URLA,ALTINTAS,3455,16539.0,34.61535163411454,0.1931130797759934,0.0595339652722055,4.79
URLA,BADEMLER,2599,16743.0,32.61461103455618,0.4744603685533669,-0.061623843113209,6.44
URLA,BALIKLIOVA,1246,5477.0,32.8301214518925,0.483855483334004,-0.0361168682377664,4.4
URLA,BARBAROS,462,15406.0,36.354276416309226,0.2651772945568158,0.0326357145296534,33.35
URLA,CAMIATIK,787,2407.0,32.465902568630376,0.4057750651917218,-0.0438492997067975,3.06
URLA,CAMLICAY,2983,4410.0,31.904158224530107,0.3079220862795876,-0.0473251984199724,1.48
URLA,DENIZLI,3772,26156.0,30.13462270648837,0.5172116070698942,-0.1349464699156875,6.93
URLA,GULBAHCE,7039,12946.0,34.957149132772976,0.4634881335553835,-0.0496333971324241,1.84
URLA,GUVENDIK,3900,21353.0,29.79547491193226,0.599037627918149,-0.198865887170252,5.48
URLA,HACIISA,1639,17036.0,31.93617266603121,0.2174431105904931,0.0091104018385213,10.39
URLA,ICMELER,3620,42067.0,32.2366010006983,0.4350537932702757,-0.0538473547409356,11.62
URLA,KADIOVACIK,347,848.0,33.45174579086762,0.494488836520935,-0.0403126691287035,2.44
URLA,KALABAK,5663,44795.0,35.09137653985852,0.3806063684590259,-0.0143036256089592,7.91
URLA,KUSCULAR,4060,11045.0,31.56988350647325,0.5259725695431563,-0.1051239958387193,2.72
URLA,M.FEVZICAKMAK,3417,18671.0,30.754220543057464,0.368074500958008,-0.0706990029110534,5.46
URLA,NAIPLI,369,1024.0,31.874658370957327,0.4457211742858205,-0.0535092158329454,2.78
URLA,NOHUTALAN,171,670.0,31.391235611527225,0.5846181199701768,-0.1160546849646257,3.92
URLA,OZBEK,1875,19759.0,31.767065931388032,0.5836498600752966,-0.1406397175965645,10.54
URLA,RUSTEM,1366,4300.0,33.577816116715134,0.422973682523465,-0.0238889024775025,3.15
URLA,SIRA,3363,22506.0,34.41132270733412,0.3248058554581323,0.0110514553010415,6.69
URLA,SIRINKENT,1867,9238.0,31.59349633379785,0.4601735917465847,-0.0892235697952513,4.95
URLA,TORASAN,1882,8142.0,32.84068918376025,0.3693007833262668,-0.0221369321521525,4.33
URLA,UZUNKUYU,601,14560.0,33.44155846219505,0.4435038624440431,-0.0542618028776956,24.23
URLA,YAGCILAR,549,1666.0,30.88762954138683,0.5846835203601324,-0.1395743607162612,3.03
URLA,YAKA,4955,17288.0,29.43504030721933,0.4571277660038091,-0.1071866663105468,3.49
URLA,YELALTI,3290,19150.0,32.17576373339022,0.359245475085078,-0.0206280104349358,5.82
URLA,ZEYTINALANI,2360,8545.0,31.697134752217128,0.2732731290977088,-0.0128377518157263,3.62
URLA,ZEYTINELI,412,835.0,31.00732712653468,0.5236462572932805,-0.064769086964745,2.03
URLA,ZEYTINLER,491,1026.0,29.601170092852502,0.6486637837341144,-0.1789348176837784,2.09
