ILCE,MAHALLE,NUFUS,ALAN_M2,LST_C,NDVI,NDBI,KISI_BASI_M2,TARGET_AREA,AREA_DEFICIT,VULNERABILITY_RATIO
MENEMEN,MERMERLI,7981,22100.0,36.5209738696599,0.3840437634092007,-0.0622203243450991,2.77,11971.5,0.0,0.0
KARABAGLAR,YURDOGLU,10245,39600.0,37.563120408260616,0.2125054950880761,0.0159547442077239,3.87,15367.5,0.0,0.0
ODEMIS,HAMAM,562,2297.0,27.400237183573893,0.6149766761239877,-0.1473928952957827,4.09,843.0,0.0,0.0
BEYDAG,MENDERES,128,568.0,35.86135623167901,0.275694028697398,0.023060679655185,4.44,192.0,0.0,0.0
KIRAZ,YENIKOY,573,800.0,35.59198449641251,0.4636979384832934,-0.0745555206379373,1.4,859.5,59.5,6.9226294357184415
ODEMIS,BEYAZITLAR,208,6780.0,36.5284883164652,0.5257692368567248,-0.0714679628245056,32.6,312.0,0.0,0.0
BERGAMA,YUKARIKIRIKLAR,117,1000.0,37.31005177168085,0.3885016892125616,-0.0113834126553119,8.55,175.5,0.0,0.0
BAYRAKLI,DOGANCAY,2242,8426.0,34.09614402376763,0.4353983018972022,-0.0537870241306086,3.76,3363.0,0.0,0.0
BERGAMA,ILGINCABER,58,430.0,33.95630965896673,0.5072066804235569,-0.085929653293666,7.41,87.0,0.0,0.0
KIRAZ,KIBAR,390,400.0,34.11726835231498,0.2868349929420537,0.0317769727171848,1.03,585.0,185.0,31.62393162393162
KEMALPASA,DAMLACIK,1336,5099.0,31.78750804741584,0.5307413022891424,-0.1247236794074223,3.82,2004.0,0.0,0.0
TORBALI,DAGTEKE,149,200.0,32.07451348144309,0.6049670205308378,-0.1902311821443761,1.34,223.5,23.5,10.51454138702461
KARSIYAKA,IMBATLI,8890,11450.0,36.043966175771125,0.1776136592389822,0.0196161428442362,1.29,13335.0,1885.0,14.135733033370828
CESME,MUSALLA,5534,30143.0,33.88128997934066,0.307090632281032,0.019790674775797,5.45,8301.0,0.0,0.0
BERGAMA,FERIZLER,145,880.0,36.31267208277698,0.3544300099845851,0.0216316676599535,6.07,217.5,0.0,0.0
KIRAZ,CERITLER,741,1900.0,35.01395490573539,0.4748421864988086,-0.0610476026821874,2.56,1111.5,0.0,0.0
MENEMEN,BELEN,294,1024.0,36.77137934482195,0.4165380849087557,-0.031986489297317,3.48,441.0,0.0,0.0
KARABAGLAR,KAVACIK,713,1021.0,29.513954331838395,0.5756248884954573,-0.1578235938736154,1.43,1069.5,48.5,4.534829359513791
ALIAGA,ASAGISAKRAN,267,700.0,35.12072237853369,0.3935735183802789,-0.0082084891249473,2.62,400.5,0.0,0.0
MENEMEN,YAYLA,987,5474.0,31.790584373570315,0.5356727804986926,-0.1263637114806356,5.55,1480.5,0.0,0.0
KIRAZ,CANAKCI,286,1980.0,31.73693224105305,0.4976952284362451,-0.0484115155903795,6.92,429.0,0.0,0.0
CIGLI,AHMETTANERKISLALI,6354,19226.0,36.51867985433667,0.2929607033781007,-0.0313828169827758,3.03,9531.0,0.0,0.0
KIRAZ,BASARAN,319,1000.0,31.133173329034005,0.4796579350260981,-0.0232764748876239,3.13,478.5,0.0,0.0
KARSIYAKA,ALAYBEY,6990,5172138.0,35.81672589303898,0.1320137885620659,0.0742700153444304,739.93,10485.0,0.0,0.0
DIKILI,GOKCEAGIL,250,1300.0,35.891693764506364,0.4988664459011438,-0.0737624334831654,5.2,375.0,0.0,0.0
BERGAMA,MAHMUDIYE,196,950.0,37.0089395268219,0.3916918548941784,0.0095397275783915,4.85,294.0,0.0,0.0
BERGAMA,DAGISTAN,546,1000.0,33.847736604439056,0.4250157656654542,-0.0724698885836574,1.83,819.0,0.0,0.0
SELCUK,ACARLAR,388,3207.0,30.82933583081528,0.5514658356410412,-0.1596258173209656,8.27,582.0,0.0,0.0
KARSIYAKA,BOSTANLI,29564,102950.0,33.93940166993165,0.1942753420794144,0.0209097335964189,3.48,44346.0,0.0,0.0
TIRE,YAMANDERE,225,568.0,28.771290603619804,0.4672905658714045,-0.0748523916168381,2.52,337.5,0.0,0.0
BAYRAKLI,R.SEVKETINCE,12495,17502.0,37.486968169334425,0.1367205538999545,0.0519786957365898,1.4,18742.5,1240.5,6.6186474589835935
TORBALI,EGERCI,1028,219450.0,36.0457366679746,0.3647956678237389,-0.0694567941779575,213.47,1542.0,0.0,0.0
BERGAMA,ORUSLAR,359,830.0,32.978969198506604,0.4787167965009439,-0.0407490247989827,2.31,538.5,0.0,0.0
BUCA,DICLE,5892,6000.0,37.16300435627525,0.0923404020846537,0.0707732215441595,1.02,8838.0,2838.0,32.11133740665309
TIRE,KIZILCAHAVLU,473,2194.0,35.03132779961945,0.4485112418334113,-0.0957050777614374,4.64,709.5,0.0,0.0
BAYINDIR,YESILOVA,732,1070.0,36.08029618299706,0.2764695867395567,-0.022837147006966,1.46,1098.0,28.0,2.5500910746812386
BUCA,UFUK,15852,6800.0,34.60278897599503,0.3657584718587901,-0.0231851376665882,0.43,23778.0,16978.0,71.40213642863151
BERGAMA,EGRIGOL,159,4200.0,33.47465513134488,0.3933543460398861,-0.0215608642369853,26.42,238.5,0.0,0.0
CESME,ALTINYUNUS,453,3260.0,29.367679840113706,0.2800129695438109,-0.0697162321743605,7.2,679.5,0.0,0.0
KARABAGLAR,AYDIN,8106,540.0,35.66544032752435,0.2321007985063113,0.0219107088130474,0.07,12159.0,11619.0,95.55884529977794
CIGLI,HARMANDALIGAZIMUSTAFAKEMALATATURK,2826,1630.0,36.480853707499065,0.4053942232634034,-0.0544797210051673,0.58,4239.0,2609.0,61.54753479594244
BERGAMA,HALILAGALAR,76,330.0,31.14150400076993,0.5427244174638869,-0.1078836627423617,4.34,114.0,0.0,0.0
TORBALI,SEHITLER,760,5400.0,36.075984163048645,0.3640357339498981,-0.0471753241822391,7.11,1140.0,0.0,0.0
BERGAMA,GAYLAN,128,280.0,36.3514177332272,0.3864741841626653,-0.0018023794930385,2.19,192.0,0.0,0.0
BERGAMA,KIRCALAR,124,650.0,34.88172799069023,0.4085653552996373,-0.014060103468994,5.24,186.0,0.0,0.0
BAYINDIR,BIYIKLAR,572,2025.0,39.536899768427126,0.2580985661401235,0.0550527770534193,3.54,858.0,0.0,0.0
KIRAZ,KARABULU,446,3400.0,31.57599614209548,0.4635955143331195,-0.0116494173534008,7.62,669.0,0.0,0.0
BERGAMA,SULEYMANLI,139,380.0,36.70686160390133,0.380776081636514,-0.0295156082557046,2.73,208.5,0.0,0.0
ODEMIS,KUCUKOREN,367,7146.0,27.98329505441018,0.5514180981281163,-0.1022448950773098,19.47,550.5,0.0,0.0
MENDERES,DEGIRMENDERE,1634,7345.0,32.40233087552264,0.4685230589714821,-0.1208703634781813,4.5,2451.0,0.0,0.0
BERGAMA,KOZLUCA,252,450.0,35.784602833261346,0.481411860553409,-0.0977650639621438,1.79,378.0,0.0,0.0
KARSIYAKA,NERGIZ,8028,8750.0,35.67849684503826,0.1277135414568393,0.0890286745452432,1.09,12042.0,3292.0,27.33765155289819
BERGAMA,GULTEPE,23,210.0,32.96532901902594,0.4941140026769877,-0.1172785045912079,9.13,34.5,0.0,0.0
BERGAMA,MALTEPE,10899,21300.0,34.66907278568309,0.2342629669815801,0.0030885986073933,1.95,16348.5,0.0,0.0
ALIAGA,CORAKLAR,123,658.0,38.28254479087878,0.343857007397223,0.0361518234734949,5.35,184.5,0.0,0.0
MENDERES,GOLOVA,234,2610.0,30.3863661453354,0.5988202652442038,-0.1431535878404675,11.15,351.0,0.0,0.0
KEMALPASA,SARICALI,411,1841.0,37.15716115624414,0.4276582675029162,-0.0542578454500512,4.48,616.5,0.0,0.0
BAYRAKLI,ADALET,18405,28581.0,35.55010671496995,0.1771445975310206,0.011301458286529,1.55,27607.5,0.0,0.0
NARLIDERE,ALTIEVLER,2224,4297.0,33.34787442596526,0.3820294985208923,-0.0925695674806294,1.93,3336.0,0.0,0.0
GUZELBAHCE,SITELER,3002,26039.0,33.34989705507441,0.3481323312080346,-0.0610950699905661,8.67,4503.0,0.0,0.0
BORNOVA,CAMICI,295,2400.0,33.47314570641699,0.5292325328789281,-0.1295159193896294,8.14,442.5,0.0,0.0
BERGAMA,HAMZALISULEYMANIYE,109,700.0,37.20683696817593,0.3215210196569171,0.0317673543222538,6.42,163.5,0.0,0.0
ODEMIS,PIRINCCI,421,5675.0,32.06051747938449,0.5558231548662278,-0.1302655321162259,13.48,631.5,0.0,0.0
BEYDAG,YUKARIAKTEPE,299,1280.0,32.06121791984758,0.4714055225743536,-0.0184853074606236,4.28,448.5,0.0,0.0
BEYDAG,BEYKOY,291,3000.0,28.06055103003576,0.6015495624633511,-0.1547371674157651,10.31,436.5,0.0,0.0
ODEMIS,BICAKCI,1755,7455.0,27.129768761936123,0.5982447299962783,-0.1585292365432428,4.25,2632.5,0.0,0.0
NARLIDERE,HUZUR,6803,53002.0,32.32198161159445,0.4028440446005376,-0.0870739545132681,7.79,10204.5,0.0,0.0
BERGAMA,FATIH,20005,17963.0,35.44173026864477,0.3401622844698699,-0.0306950100915262,0.9,30007.5,12044.5,40.13829875864367
URLA,SIRA,3363,22506.0,34.41132270733412,0.3248058554581323,0.0110514553010415,6.69,5044.5,0.0,0.0
GUZELBAHCE,CELEBI,2692,16297.0,31.86795395019124,0.3388643920287615,-0.0159432956998154,6.05,4038.0,0.0,0.0
BERGAMA,RAHMANLAR,92,290.0,38.3034900493572,0.3981644413708297,0.0325152094974695,3.15,138.0,0.0,0.0
BAYINDIR,GAZILER,56,1200.0,34.279251623875055,0.3596806829912836,-0.0204252164837195,21.43,84.0,0.0,0.0
KONAK,KAHRAMANLAR,3969,4956.0,35.9756019780679,0.1249619193989687,0.0549978367771623,1.25,5953.5,997.5,16.75485008818342
BERGAMA,AZIZIYE,300,1900.0,36.61483803400799,0.2903706553868744,0.0241532134474331,6.33,450.0,0.0,0.0
KINIK,CALTI,386,3000.0,36.307433759492696,0.4090147970500957,-0.0165899228169838,7.77,579.0,0.0,0.0
BAYINDIR,LUTUFLAR,422,1600.0,32.72358215648712,0.5282774620550225,-0.1135509050100604,3.79,633.0,0.0,0.0
ODEMIS,KAZANLI,413,3765.0,34.58318723910319,0.5340758382047832,-0.1314259726267043,9.12,619.5,0.0,0.0
ODEMIS,YUSUFDERE,338,1913.0,35.3854707087917,0.5395388701142471,-0.0871596848649046,5.66,507.0,0.0,0.0
KIRAZ,KARABURC,2505,4260.0,34.36601996645749,0.4586508490369674,-0.033502627696842,1.7,3757.5,0.0,0.0
BAYINDIR,ALANKIYI,389,2000.0,25.80199660332081,0.6881277981236429,-0.2495581246887491,5.14,583.5,0.0,0.0
TORBALI,TORBALI,23490,31107.0,34.770827455274535,0.4060598815394509,-0.1263406237897475,1.32,35235.0,4128.0,11.715623669646657
KIRAZ,SULUDERE,1416,1700.0,34.612762739213736,0.5037487112897766,-0.0919353502400732,1.2,2124.0,424.0,19.962335216572505
KONAK,MURATREIS,11182,13431.0,35.96380831285918,0.1292359975031074,0.0794735871377825,1.2,16773.0,3342.0,19.92487927025577
MENEMEN,KEMALATATURK,6457,14500.0,32.0270030208733,0.4763652115002366,-0.1041316259071477,2.25,9685.5,0.0,0.0
TORBALI,ARSLANLAR,838,7210.0,36.46258804181824,0.4291246586498822,-0.0845067955411458,8.6,1257.0,0.0,0.0
DIKILI,DEMIRTAS,263,1270.0,38.27756079492253,0.3558155847951832,0.0229877671335635,4.83,394.5,0.0,0.0
BAYINDIR,KIZILCAAGAC,218,2140.0,30.10914923463758,0.6461427506737938,-0.2142887173731627,9.82,327.0,0.0,0.0
KEMALPASA,SUTCULER,4282,20473.0,33.375684441347,0.482853185394045,-0.0861173140802882,4.78,6423.0,0.0,0.0
TIRE,YENICIFTLIK,523,674.0,34.98225541906374,0.4308895028009991,-0.0969179066236954,1.29,784.5,110.5,14.085404716379859
MENDERES,CATALCA,606,3786.0,34.87720385651912,0.4618463565382305,-0.0596451418554288,6.25,909.0,0.0,0.0
BORNOVA,UMIT,4380,8000.0,36.41540963232976,0.2332260771803039,0.0272632644926416,1.83,6570.0,0.0,0.0
KONAK,MURAT,4866,1780.0,36.23725834926695,0.1668192242370643,0.0615662484305071,0.37,7299.0,5519.0,75.61309768461433
MENEMEN,GOKTEPE,845,2500.0,33.45799598454565,0.4782338429252514,-0.0881898053193901,2.96,1267.5,0.0,0.0
KEMALPASA,YESILYURT,158,1426.0,34.01520927933834,0.526464591080101,-0.1416067530420519,9.03,237.0,0.0,0.0
KARABAGLAR,PEKER,10527,5600.0,37.96585200412333,0.1685476125359666,0.0588783687404351,0.53,15790.5,10190.5,64.53563851682974
BALCOVA,CETINEMEC,10953,16813.0,34.358255847332,0.4712301655227959,-0.0973576908259165,1.54,16429.5,0.0,0.0
ODEMIS,ISIK,93,3200.0,37.27273540193875,0.5030087911275796,-0.0733833962541628,34.41,139.5,0.0,0.0
KIRAZ,MERSINLIDERE,556,700.0,31.506722082151644,0.4185831806635366,0.0117049084128468,1.26,834.0,134.0,16.06714628297362
MENDERES,OGLANANASIATATURK,1409,3072.0,36.95706498753653,0.351397040363155,-0.0093960843657202,2.18,2113.5,0.0,0.0
FOCA,YENIBAGARASI,5264,16885.0,33.94435069464939,0.293155827726567,-0.0418109679943392,3.21,7896.0,0.0,0.0
BAYRAKLI,KORFEZ,5916,21445.0,36.91660531598015,0.3889669725845006,-0.0176285984069919,3.62,8874.0,0.0,0.0
BAYINDIR,PINARLI,1244,4786.0,36.71443078278367,0.4593706449295708,-0.0576379898257144,3.85,1866.0,0.0,0.0
TORBALI,KAZIMKARABEKIR,3368,15800.0,37.03913824476783,0.2439393521282812,0.0302808733488326,4.69,5052.0,0.0,0.0
BUCA,CAMLIKULE,21632,9515.0,36.05473990234087,0.1047620104135339,0.0710217367499929,0.44,32448.0,22933.0,70.6761587771203
BUCA,KURUCESME,17407,10608.0,33.71965189097419,0.1568542440456288,0.0442290419247283,0.61,26110.5,15502.5,59.37266616878267
FOCA,ATATURK,6745,31936.0,35.68731680672323,0.3799539990906325,-0.0547180156972577,4.73,10117.5,0.0,0.0
DIKILI,SALIMBEY,6341,75800.0,35.38670194926415,0.3350949825639188,0.0324067449557021,11.95,9511.5,0.0,0.0
KARABAGLAR,VATAN,24325,6365.0,36.05000223534774,0.1810182453394445,0.0446980844446778,0.26,36487.5,30122.5,82.55566974991436
BUCA,GUVEN,6549,1711.0,36.98769060419738,0.1006107934970537,0.1183070245220301,0.26,9823.5,8112.5,82.58258258258259
ALIAGA,SAMURLU,422,1605.0,36.11927189843219,0.3645388870635772,-0.0269463898805913,3.8,633.0,0.0,0.0
BERGAMA,PASAKOY,115,1170.0,35.271252582909284,0.2808908954812196,0.0321494963303097,10.17,172.5,0.0,0.0
GAZIEMIR,ATIFBEY,15315,50285.0,35.0207730645851,0.1907502497432269,0.048032937676122,3.28,22972.5,0.0,0.0
ODEMIS,YILANLI,117,500.0,28.9951846018823,0.5205350938554961,-0.1027290422533441,4.27,175.5,0.0,0.0
KONAK,MEHMETALIAKMAN,6336,9412.0,35.12891889836007,0.2820351011491111,-0.0558132267010562,1.49,9504.0,92.0,0.968013468013468
BEYDAG,COMAKLAR,300,1600.0,26.1935841205741,0.6534700393190239,-0.2028608505706978,5.33,450.0,0.0,0.0
KIRAZ,PINARBASI,118,1700.0,29.178312237307097,0.5535148229026168,-0.0980997928107136,14.41,177.0,0.0,0.0
MENEMEN,TELEKLER,143,2200.0,39.85332790807286,0.3470682022454365,0.0728542614455329,15.38,214.5,0.0,0.0
URLA,RUSTEM,1366,4300.0,33.577816116715134,0.422973682523465,-0.0238889024775025,3.15,2049.0,0.0,0.0
KEMALPASA,ORNEKKOY,4141,14308.0,36.23230888888534,0.3367374320139601,-0.041492035690336,3.46,6211.5,0.0,0.0
MENDERES,EFEMCUKURU,428,2838.0,34.28875293840067,0.4831933637934442,-0.0789078891066792,6.63,642.0,0.0,0.0
KONAK,ISMETPASA,4120,2300.0,36.092603366943045,0.16593743823124,0.058947949399158,0.56,6180.0,3880.0,62.7831715210356
BERGAMA,NARLICA,758,1171.0,36.94218285627961,0.4841705159499884,-0.0647311446083802,1.54,1137.0,0.0,0.0
MENEMEN,9EYLUL,10552,57740.0,36.94592057792709,0.310034913967694,-0.0306652820967605,5.47,15828.0,0.0,0.0
MENDERES,ATAKOY,1877,4460.0,29.41252026228317,0.6024775919412945,-0.1824289397848619,2.38,2815.5,0.0,0.0
MENDERES,ORTA,2910,11718.0,29.820963971531743,0.5429044921210081,-0.1765641145123503,4.03,4365.0,0.0,0.0
TIRE,HALKAPINAR,159,1700.0,32.51530406403808,0.3640682798407755,-0.0906156359427782,10.69,238.5,0.0,0.0
KEMALPASA,SOGUKPINAR,9920,16256.0,30.820485964264712,0.5819024857225482,-0.1906265519980699,1.64,14880.0,0.0,0.0
BERGAMA,KIRANLI,372,1150.0,30.59312615531096,0.5256396664691191,-0.0696226022581057,3.09,558.0,0.0,0.0
BORNOVA,GOKDERE,379,4000.0,31.57660116545262,0.4936083794536159,-0.1184989862729488,10.55,568.5,0.0,0.0
MENDERES,CILEME,1931,24349.0,34.30640596256987,0.3928316891625845,0.003027789928924,12.61,2896.5,0.0,0.0
TIRE,IPEKCILER,1629,884.0,38.3790614895931,0.1769222984511737,0.0621263585315637,0.54,2443.5,1559.5,63.82238592183344
TORBALI,FEVZICAKMAK,15461,34260.0,36.78997168107461,0.2992589943213493,0.0246661569928337,2.22,23191.5,0.0,0.0
GAZIEMIR,YESIL,8864,10000.0,30.430066737854933,0.5773713484860877,-0.1800641005081104,1.13,13296.0,3296.0,24.789410348977135
KARABAGLAR,POLIGON,3929,5544.0,34.43133827426384,0.5418266905219874,-0.1119153192991222,1.41,5893.5,349.5,5.9302621532196484
BAYRAKLI,ALPASLAN,8107,2975.0,35.902437328184966,0.1223227077874155,0.0643991720991857,0.37,12160.5,9185.5,75.53554541342874
BERGAMA,BOZYERLER,240,3000.0,34.55036607187119,0.4766971467311983,-0.0745997990733874,12.5,360.0,0.0,0.0
KIRAZ,OLGUNLAR,1476,650.0,32.104915315561655,0.3520707434739708,0.0583411923180904,0.44,2214.0,1564.0,70.64137308039747
ODEMIS,VELILER,154,5148.0,32.75856414317167,0.5041343541572464,-0.0671440515402935,33.43,231.0,0.0,0.0
KARABAGLAR,BAHRIYEUCOK,2673,2382.0,35.86743225472487,0.2056175244314758,0.0474586389855818,0.89,4009.5,1627.5,40.5910961466517
BERGAMA,ATMACA,1921,5922.0,38.32021725361079,0.2245709370645567,0.0570553455351851,3.08,2881.5,0.0,0.0
BERGAMA,CAKIRLAR,63,300.0,29.50233949208031,0.6520722056839218,-0.1998965168945052,4.76,94.5,0.0,0.0
KARABAGLAR,TAHSINYAZICI,8820,40098.0,35.52253342617391,0.2522120570033254,-0.007722610906043,4.55,13230.0,0.0,0.0
KARABURUN,SALMAN,132,1123.0,33.94452896953943,0.4214247965731283,-0.028132302939406,8.51,198.0,0.0,0.0
KARABAGLAR,MUAMMERAKAR,6857,1244.0,35.813429701568936,0.3969476619359413,-0.0309407492219913,0.18,10285.5,9041.5,87.90530358271353
BAYRAKLI,TEPEKULE,14256,38667.0,35.75261597770438,0.1901431414842282,0.0190458101679749,2.71,21384.0,0.0,0.0
KIRAZ,KARAMAN,463,1200.0,37.01651612044056,0.4844212954562287,-0.0254747169664842,2.59,694.5,0.0,0.0
BAYRAKLI,POSTACILAR,12544,30983.0,37.54236264450462,0.1954670372648084,0.0428313762408143,2.47,18816.0,0.0,0.0
DIKILI,CUKURALANI,107,500.0,36.0260086456905,0.5089024874689961,-0.1007969749553938,4.67,160.5,0.0,0.0
URLA,OZBEK,1875,19759.0,31.767065931388032,0.5836498600752966,-0.1406397175965645,10.54,2812.5,0.0,0.0
TIRE,YENIOBA,233,1468.0,36.08343035363778,0.3800408135054048,0.0272957781571717,6.3,349.5,0.0,0.0
TORBALI,CAPAK,1856,5723.0,37.27008279551471,0.3553266338446739,-0.0343669007818281,3.08,2784.0,0.0,0.0
KONAK,GUNESLI,7588,8422.0,36.90561594596464,0.1143896450135868,0.1064310895752197,1.11,11382.0,2960.0,26.005974345457737
TIRE,SOMAK,187,466.0,34.49256422720845,0.481146617218192,-0.1062254646705613,2.49,280.5,0.0,0.0
KONAK,KILICREIS,6684,5414.0,36.30865661458756,0.1073253912127893,0.1041174090619178,0.81,10026.0,4612.0,46.000398962696984
BERGAMA,AKCENGER,180,450.0,34.274997531721226,0.4436129761816584,-0.0248237459743111,2.5,270.0,0.0,0.0
ALIAGA,KARAKUZU,515,4327.0,36.35974275408828,0.4274105666712409,-0.0341739012765119,8.4,772.5,0.0,0.0
KARABAGLAR,CENNETOGLU,3833,1630.0,37.626420654791474,0.1179569949162986,0.0716838451648637,0.43,5749.5,4119.5,71.64970867031916
KINIK,SUCAHLI,187,2500.0,35.65352490976398,0.4117139610688803,-0.0415368676833225,13.37,280.5,0.0,0.0
BAYINDIR,HASKOY,772,11500.0,34.8913272990162,0.4724298781318377,-0.1380605694470857,14.9,1158.0,0.0,0.0
BAYINDIR,HACIIBRAHIM,1351,2410.0,37.70203815604072,0.4496122814878038,-0.0113546329625117,1.78,2026.5,0.0,0.0
CIGLI,KUCUKCIGLI,21784,3037.0,39.17970379827708,0.0979563033568545,0.0542700240225084,0.14,32676.0,29639.0,90.70571673399436
BERGAMA,KOCAKOY,28,125.0,34.1914178389242,0.535354936343077,-0.0750798583372263,4.46,42.0,0.0,0.0
SEFERIHISAR,IHSANIYE,100,2069.0,33.98875290840732,0.5145141413002832,-0.118338974370469,20.69,150.0,0.0,0.0
TIRE,DUMLUPINAR,557,610.0,33.2701028946322,0.2967796201109426,0.0163787152765226,1.1,835.5,225.5,26.98982645122681
ODEMIS,TURKMEN,4649,15592.0,38.13050033204798,0.3949492186437773,-0.0701179419999634,3.35,6973.5,0.0,0.0
TIRE,OSMANCIK,257,1225.0,28.33517268324318,0.5802400006079914,-0.1508808242312028,4.77,385.5,0.0,0.0
BERGAMA,ASAGICUMA,475,4000.0,36.622977217106666,0.5082819600170712,-0.0707869107325044,8.42,712.5,0.0,0.0
KARABURUN,EGLENHOCA,507,1700.0,30.87637298294796,0.5674000640044422,-0.1208337099306725,3.35,760.5,0.0,0.0
BERGAMA,OKSUZLER,148,325.0,36.160925145503526,0.4551229663003108,0.0101700151851281,2.2,222.0,0.0,0.0
KARSIYAKA,DEMIRKOPRU,6811,13759.0,36.07010770256773,0.1165673398861607,0.0739497350502233,2.02,10216.5,0.0,0.0
KARABAGLAR,SELVILI,8434,8103.0,36.97103798918136,0.1377882889045741,0.0697084949862697,0.96,12651.0,4548.0,35.94972729428504
MENDERES,KARAKUYU,979,8323.0,33.59468888363508,0.4491062631131797,-0.1011206378205684,8.5,1468.5,0.0,0.0
TIRE,HASANCAVUSLAR,150,643.0,34.30698913168057,0.4454948234359182,-0.0522264788455052,4.29,225.0,0.0,0.0
MENDERES,SANCAKLI,855,3968.0,33.76476098029078,0.4793720343990615,-0.074213766157529,4.64,1282.5,0.0,0.0
BERGAMA,OKCULAR,205,400.0,30.95447260714209,0.6013334516321844,-0.1619332279752503,1.95,307.5,0.0,0.0
KARABAGLAR,CENNETCESME,3105,4390.0,36.58492599532636,0.2403623917136585,0.0414212690222284,1.41,4657.5,267.5,5.743424584004294
MENEMEN,DOGA,576,4509.0,37.01255017039114,0.3906888096769517,-0.0161545714681683,7.83,864.0,0.0,0.0
SEFERIHISAR,TURABIYE,7873,12000.0,32.12885608723217,0.4371832433896802,-0.0400061018024624,1.52,11809.5,0.0,0.0
MENEMEN,GUNERLI,243,1700.0,34.62410229099391,0.3487736452405237,-0.042704680348353,7.0,364.5,0.0,0.0
GUZELBAHCE,YELKI,6875,18245.0,32.66363294778053,0.4574002005102311,-0.071525702298708,2.65,10312.5,0.0,0.0
BORNOVA,KOSUKAVAK,7690,1000.0,35.821271366953795,0.0870452356662518,0.0562473858550147,0.13,11535.0,10535.0,91.33073255309925
KINIK,YUKARI,679,440.0,38.16075828835278,0.3086577017696981,0.0295556724583399,0.65,1018.5,578.5,56.79921453117329
DIKILI,CANDARLI,8381,19500.0,36.52426871774912,0.3391352830944033,-0.0101336933683572,2.33,12571.5,0.0,0.0
KONAK,LALE,3347,1000.0,35.73017961719102,0.2206336413810735,0.0225614840321424,0.3,5020.5,4020.5,80.08166517279155
ALIAGA,YUKARISEHITKEMAL,687,845.0,35.71449090699648,0.3351780814428676,-0.0144972954692323,1.23,1030.5,185.5,18.00097040271713
ALIAGA,CAKMAKLI,884,4671.0,34.520734575121175,0.2609344328857811,0.0365518465659852,5.28,1326.0,0.0,0.0
KIRAZ,AVUNDURUK,139,1350.0,33.74077339921829,0.4936690299083979,-0.0579009345535978,9.71,208.5,0.0,0.0
BORNOVA,KIZILAY,15749,5400.0,38.59893392737956,0.27370627507991,-0.0146998323498176,0.34,23623.5,18223.5,77.14140580354308
KIRAZ,BAHCEARASI,444,1280.0,29.57107383270372,0.4878710658806803,-0.0664836324947733,2.88,666.0,0.0,0.0
ODEMIS,HORZUM,522,5418.0,29.46512852708457,0.5452844941345991,-0.1137842699373475,10.38,783.0,0.0,0.0
ODEMIS,KUCUKAVULCUK,444,3546.0,38.70126558777351,0.4331778305103901,-0.0164846700254192,7.99,666.0,0.0,0.0
KINIK,ARPADERE,294,1235.0,34.676165707461216,0.4590552647790883,-0.0195368399030165,4.2,441.0,0.0,0.0
KARABAGLAR,BOZYAKA,15577,9368.0,37.47593957133216,0.087980791520596,0.0918119607918821,0.6,23365.5,13997.5,59.90670004921787
BEYDAG,CIFTLIKKOY,176,1700.0,35.7537909777688,0.4357128563737116,-0.0242721152264209,9.66,264.0,0.0,0.0
BERGAMA,ORENLI,364,1230.0,37.24034979913028,0.3616511401133684,0.0411630033150181,3.38,546.0,0.0,0.0
BUCA,SEYHAN,2494,5000.0,37.29720505960735,0.0537092766009424,0.0810084313321615,2.0,3741.0,0.0,0.0
ODEMIS,DEMIRCILI,723,4761.0,35.444944306525045,0.424547802070692,-0.062167163734537,6.59,1084.5,0.0,0.0
CIGLI,EVKA-6,2263,3206.0,38.461277327942256,0.2720938144913875,-0.001240139985641,1.42,3394.5,188.5,5.553100603918103
KONAK,2.KADRIYE,6167,5535.0,37.75305654383468,0.2556260511855804,0.0277346152376,0.9,9250.5,3715.5,40.16539646505594
ALIAGA,HOROZGEDIGI,283,1800.0,35.896671369852804,0.2510259336386592,0.0059465453364919,6.36,424.5,0.0,0.0
BORNOVA,GURPINAR,12214,12400.0,29.56253499028571,0.5558540746510312,-0.1880919513473503,1.02,18321.0,5921.0,32.31810490693739
BALCOVA,ONUR,15693,8068.0,37.133826294623006,0.1543898958257117,0.0647904250181727,0.51,23539.5,15471.5,65.72569510822235
DIKILI,UZUNBURUN,298,1800.0,37.30623766377545,0.3590886855635853,0.0479369416596282,6.04,447.0,0.0,0.0
BEYDAG,CAMLIK,378,1660.0,32.25707328348131,0.428357755826186,-0.0908870631617511,4.39,567.0,0.0,0.0
MENEMEN,AHIHIDIR,2494,16649.0,34.9977246897069,0.3861093957533622,-0.0677420223997017,6.68,3741.0,0.0,0.0
TORBALI,KARAKIZLAR,481,3415.0,34.1038217898219,0.5162928396185607,-0.1252368725214466,7.1,721.5,0.0,0.0
URLA,KALABAK,5663,44795.0,35.09137653985852,0.3806063684590259,-0.0143036256089592,7.91,8494.5,0.0,0.0
KIRAZ,YENI,2896,23800.0,34.92846082577543,0.2072622083928002,0.054926627886979,8.22,4344.0,0.0,0.0
DIKILI,ESENTEPE,268,3500.0,38.17264742631065,0.2745176160696036,0.0238123452974544,13.06,402.0,0.0,0.0
KARABURUN,KUCUKBAHCE,542,32150.0,33.024373541233665,0.5135035355011367,-0.0667044853359869,59.32,813.0,0.0,0.0
KIRAZ,CEVIZLI,1334,1700.0,30.33751334246428,0.4618230975438923,-0.0466609563779797,1.27,2001.0,301.0,15.04247876061969
TIRE,KUCUKKOMURCU,120,640.0,30.761869997936213,0.4966644900938746,-0.0879236641408562,5.33,180.0,0.0,0.0
KIRAZ,SOLAKLAR,853,3770.0,34.30873188811188,0.3850447626589437,0.0454363771917712,4.42,1279.5,0.0,0.0
BERGAMA,URKUTLER,158,685.0,32.472694313890464,0.5319137072059431,-0.087389548073481,4.34,237.0,0.0,0.0
ODEMIS,EMIRLI,1000,4015.0,34.35381031745589,0.5047529153293356,-0.0918933758825664,4.01,1500.0,0.0,0.0
KINIK,DEGIRMENCIELI,100,2274.0,34.65040763495741,0.4712942226787251,-0.0612343693925821,22.74,150.0,0.0,0.0
KARSIYAKA,DONANMACI,9507,3950.0,34.47797572448216,0.1660885257215996,0.0376916272978637,0.42,14260.5,10310.5,72.30111146172995
BORNOVA,BIRLIK,6274,6200.0,36.627484101713854,0.1252450612554943,0.0530553548612699,0.99,9411.0,3211.0,34.119647221336734
BERGAMA,AHMETBEYLER,248,600.0,35.95819070000203,0.3580084470335887,0.0049910845090794,2.42,372.0,0.0,0.0
KONAK,KONAK,83,29696.0,35.698531505747745,0.1420394843109636,0.0487578146305904,357.78,124.5,0.0,0.0
KIRAZ,HISAR,439,2200.0,35.99322615289722,0.5181919556002977,-0.0704035854190617,5.01,658.5,0.0,0.0
BAYINDIR,YAKAPINAR,863,4316.0,37.11908086551252,0.4794572969926499,-0.1187836696959751,5.0,1294.5,0.0,0.0
KONAK,ULUBATLI,7668,9500.0,35.31296558201886,0.1484407402262978,0.0639215632169248,1.24,11502.0,2002.0,17.4056685793775
BUCA,KOZAGAC,21203,38071.0,35.604816147957585,0.1445534110254914,0.0391790996590393,1.8,31804.5,0.0,0.0
TIRE,YENISEHIR,106,1138.0,34.31375128564275,0.4106571984116434,-0.0377752472123544,10.74,159.0,0.0,0.0
KARABURUN,PARLAK,156,4380.0,33.06928015134629,0.4790328018735663,-0.0557831031348713,28.08,234.0,0.0,0.0
BERGAMA,KADIKOY,400,1100.0,34.61179338739065,0.3278809302463132,0.0024042725069604,2.75,600.0,0.0,0.0
BAYRAKLI,BAYRAKLI,6211,4480.0,34.02272895769421,0.187388744821704,-0.0012990248905658,0.72,9316.5,4836.5,51.91327215155906
ODEMIS,BIRGI,1741,6913.0,34.218689649444585,0.5139294530815557,-0.0645935567020805,3.97,2611.5,0.0,0.0
KARSIYAKA,FIKRIALTAY,7952,13600.0,36.76338885832176,0.1174627518967578,0.0915009555271532,1.71,11928.0,0.0,0.0
BERGAMA,SARICAOGLU,96,570.0,32.68136989502425,0.5258785568513138,-0.0877851766108743,5.94,144.0,0.0,0.0
BUCA,CALDIRAN,3298,4750.0,36.184749348326406,0.2186128569297331,0.0180940802245228,1.44,4947.0,197.0,3.9822114412775416
BORNOVA,BESYOL,381,5700.0,31.270690485138896,0.4425787733760931,-0.0769116297403601,14.96,571.5,0.0,0.0
KEMALPASA,YIGITLER,1573,7751.0,33.23254354314837,0.3757633063744021,-0.0544750558371757,4.93,2359.5,0.0,0.0
BERGAMA,CAMAVLU,528,1670.0,32.30544602756606,0.5035255633014029,-0.0395959038610906,3.16,792.0,0.0,0.0
SEFERIHISAR,CAMIKEBIR,9997,29841.0,32.35064189195125,0.4647914835547001,-0.0816329745883601,2.98,14995.5,0.0,0.0
KINIK,POYRACIK,6000,32980.0,34.570532637143934,0.4032951021670323,-0.0434110298211288,5.5,9000.0,0.0,0.0
KIRAZ,DOGANCILAR,1303,7400.0,31.38736160329203,0.5071770589294506,-0.0756978621190836,5.68,1954.5,0.0,0.0
MENEMEN,ISMETINONU,13116,133700.0,34.541615669405914,0.2129411290570556,0.0154686960834514,10.19,19674.0,0.0,0.0
BERGAMA,DEMIRCIDERE,116,640.0,31.170124510694272,0.6209139650811072,-0.1929630760381072,5.52,174.0,0.0,0.0
BERGAMA,CALTIKORU,48,220.0,36.73542403081909,0.3186226017711916,0.0558213609340065,4.58,72.0,0.0,0.0
KEMALPASA,KIZILUZUM,791,3651.0,27.996510267668288,0.6489952129751873,-0.2504061286223446,4.62,1186.5,0.0,0.0
MENEMEN,KASIMPASA,15287,36910.0,32.036498822453154,0.4732295320046736,-0.1103067208514227,2.41,22930.5,0.0,0.0
BAYINDIR,MEKTEP,931,8000.0,38.82219838111944,0.4022293143583125,-0.1029398364615643,8.59,1396.5,0.0,0.0
ODEMIS,KEMENLER,423,1765.0,34.80362240784611,0.4595713188944652,-0.0416520261526626,4.17,634.5,0.0,0.0
TIRE,TOKI,2719,17083.0,36.712621228242526,0.4014660406148785,-0.0515306135068232,6.28,4078.5,0.0,0.0
GAZIEMIR,BEYAZEVLER,6844,29157.0,33.94060483015035,0.3748834608683878,-0.0677068076477984,4.26,10266.0,0.0,0.0
BUCA,BELENBASI,1838,22960.0,34.22962185034556,0.4789847879858604,-0.1032177511910512,12.49,2757.0,0.0,0.0
BAYINDIR,IBRAHIMCAVUS,618,4542.0,39.294456064766514,0.3729322394162377,-0.0732937260405031,7.35,927.0,0.0,0.0
DIKILI,KIZILCUKUR,203,1100.0,40.48348257041496,0.3125160211459233,0.0658594871572413,5.42,304.5,0.0,0.0
BERGAMA,TEKKEDERE,214,1700.0,33.123199644819266,0.4489258182214408,-0.0632477839333037,7.94,321.0,0.0,0.0
URLA,ZEYTINLER,491,1026.0,29.601170092852502,0.6486637837341144,-0.1789348176837784,2.09,736.5,0.0,0.0
URLA,BALIKLIOVA,1246,5477.0,32.8301214518925,0.483855483334004,-0.0361168682377664,4.4,1869.0,0.0,0.0
ODEMIS,BULBULLER,115,2610.0,33.79237617793044,0.5556509032370083,-0.1227830108542784,22.7,172.5,0.0,0.0
BORNOVA,SERINTEPE,6397,6000.0,35.66822854951375,0.1423773320728296,0.0420352194256188,0.94,9595.5,3595.5,37.47068938564952
KARSIYAKA,DEDEBASI,20015,7650.0,36.192798389230575,0.1217236864220546,0.0905895643335227,0.38,30022.5,22372.5,74.51911066699975
MENEMEN,CAVUS,398,2250.0,35.92634070020576,0.3985022024407149,-0.0771011452893757,5.65,597.0,0.0,0.0
CESME,CELALBAYAR,866,6240.0,31.378002953724376,0.3484265834919596,-0.008689820800665,7.21,1299.0,0.0,0.0
DIKILI,GAZIPASA,6236,6750.0,36.54525945138494,0.2475308312444778,0.0412251588479736,1.08,9354.0,2604.0,27.83835792174471
TORBALI,YAZIBASI,3388,26758.0,38.75615198704012,0.2602308046312146,0.0156559813781941,7.9,5082.0,0.0,0.0
BERGAMA,INCECIKLER,187,2000.0,29.751563651249008,0.5911352153216216,-0.1459412237778572,10.7,280.5,0.0,0.0
BERGAMA,CURUKBAGLAR,123,1300.0,32.259778490402056,0.5684074062805105,-0.1230485652314112,10.57,184.5,0.0,0.0
ODEMIS,OCAKLI,385,1525.0,38.54458633495416,0.4656351032766306,-0.0625293171446123,3.96,577.5,0.0,0.0
BAYINDIR,KARAPINAR,63,500.0,34.5124893381527,0.4923297400649939,-0.0631659243468387,7.94,94.5,0.0,0.0
DIKILI,SALIHLER,4016,12550.0,36.69171121494895,0.3520941025655146,-0.0073708652200055,3.12,6024.0,0.0,0.0
TORBALI,ATALAN,462,1692.0,33.956810601518214,0.434407824299195,-0.0995033896301846,3.66,693.0,0.0,0.0
BERGAMA,HACIHAMZALAR,198,1150.0,33.66761711105806,0.5517729016682196,-0.0923963332763354,5.81,297.0,0.0,0.0
KEMALPASA,HALILBEYLI,1408,1381.0,38.574139002697606,0.3307007703992475,-0.0262374076996574,0.98,2112.0,731.0,34.61174242424242
KARABAGLAR,ESENYALI,7027,15533.0,35.83087088641458,0.2130710607437475,0.0484133315216122,2.21,10540.5,0.0,0.0
MENDERES,AKCAKOY,463,4209.0,39.64178005592096,0.3708519875641244,0.0062834391729804,9.09,694.5,0.0,0.0
CIGLI,BALATCIK,19082,66178.0,40.19003237361638,0.210820917828973,0.0131249782538546,3.47,28623.0,0.0,0.0
BALCOVA,EGITIM,13633,6847.0,35.94981930446068,0.2011608807135167,0.0354180916824341,0.5,20449.5,13602.5,66.51751876574
ODEMIS,UZUNDERE,188,5690.0,36.9946907008912,0.4028366464904369,-0.0282755143363476,30.27,282.0,0.0,0.0
TIRE,IBNIMELEK,4525,15488.0,35.58076109000737,0.4352887384497634,-0.0708806969260136,3.42,6787.5,0.0,0.0
TIRE,ALAYLI,224,1216.0,29.410337321198668,0.6558939120120706,-0.2211800129976043,5.43,336.0,0.0,0.0
KARABAGLAR,MALIYECILER,5804,7322.0,36.49092501531046,0.1863062555546566,0.0356460039895513,1.26,8706.0,1384.0,15.89708247185849
KIRAZ,HALILLER,1209,3800.0,34.68678823003747,0.4498327371430125,-0.026293505114274,3.14,1813.5,0.0,0.0
KONAK,PIRIREIS,4344,1959.0,36.57977558676884,0.1354695982512583,0.0832487239734893,0.45,6516.0,4557.0,69.93554327808471
BAYINDIR,ELIFLI,294,2300.0,36.53350250787954,0.4781338250501652,-0.1105002086088758,7.82,441.0,0.0,0.0
BERGAMA,MURATLAR,77,570.0,33.21388895177315,0.5670118186729999,-0.1396903368273344,7.4,115.5,0.0,0.0
BORNOVA,EVKA3,20649,7900.0,35.994245497106164,0.3617287237329845,-0.0624187335024615,0.38,30973.5,23073.5,74.4943257946309
SEFERIHISAR,PAYAMLI,1776,19168.0,29.948542796263705,0.5933226153880503,-0.1714012406181838,10.79,2664.0,0.0,0.0
ODEMIS,SULEYMANDEMIREL,10347,24554.0,39.40699399497648,0.2579759781640321,0.0177410287783584,2.37,15520.5,0.0,0.0
TIRE,ADNANMENDERES,5014,16708.0,37.49477782201677,0.3747077795307046,-0.0257802524924236,3.33,7521.0,0.0,0.0
TIRE,BUYUKKALE,463,2228.0,30.37918969738141,0.583043316436973,-0.2106890214161326,4.81,694.5,0.0,0.0
BERGAMA,KALEARDI,65,148.0,38.47602816227566,0.3718628049796538,0.0469714490461178,2.28,97.5,0.0,0.0
BUCA,MURATHAN,3641,11202.0,34.79053158623569,0.2192987986660952,0.0233762503667577,3.08,5461.5,0.0,0.0
KONAK,EMIRSULTAN,1665,17225.0,36.65393976551872,0.1555083356171117,0.0415886154841308,10.35,2497.5,0.0,0.0
KIRAZ,YESILDERE,342,1000.0,35.106538971186914,0.3958685849674535,-0.0288644668338359,2.92,513.0,0.0,0.0
ODEMIS,CAYLI,1327,12300.0,36.45045966941103,0.4541327737780914,-0.0753436268402437,9.27,1990.5,0.0,0.0
BALCOVA,BAHCELERARASI,597,13087.0,34.507207279041914,0.37199404767741,-0.0752446324158024,21.92,895.5,0.0,0.0
BERGAMA,DEREKOY,116,2100.0,31.055800154136303,0.5439674826544317,-0.1093739985206911,18.1,174.0,0.0,0.0
CIGLI,EVKA-2,4139,22027.0,39.23426570406638,0.2850059889115824,-0.0092575436127953,5.32,6208.5,0.0,0.0
BORNOVA,KAZIMDIRIK,36762,134340.0,36.49853466152736,0.2219359933251442,-0.0115206671945783,3.65,55143.0,0.0,0.0
MENDERES,OZDERECUMHURIYET,1654,15233.0,30.73150446395699,0.5665678172226625,-0.1539788695685004,9.21,2481.0,0.0,0.0
TORBALI,TULUM,462,27400.0,34.983414411812625,0.458574679247688,-0.0696483582568074,59.31,693.0,0.0,0.0
BERGAMA,SEKLIK,288,990.0,39.83995515202368,0.3438667951313789,0.0681179137448648,3.44,432.0,0.0,0.0
BERGAMA,CALIBAHCE,60,320.0,32.261079117142366,0.425880550844645,-0.0503406843909102,5.33,90.0,0.0,0.0
KONAK,MERSINLI,2024,1230.0,37.18052921245796,0.1462583721083032,0.0221710870556255,0.61,3036.0,1806.0,59.48616600790514
BERGAMA,ORLEMIS,266,690.0,36.66920340409081,0.369275586610971,0.0144539323833037,2.59,399.0,0.0,0.0
CESME,ARDIC,613,15118.0,29.921811921640263,0.4156309422402184,-0.0736325724194548,24.66,919.5,0.0,0.0
ODEMIS,HURRIYET,6271,16090.0,34.413854606358484,0.3985125849661137,-0.0690863491193977,2.57,9406.5,0.0,0.0
NARLIDERE,CATALKAYA,6488,20855.0,33.78791592840622,0.2617416612333296,-0.0128656717371007,3.21,9732.0,0.0,0.0
TORBALI,ORMANKOY,290,4720.0,34.19211879037182,0.5602720464439102,-0.1474555529093369,16.28,435.0,0.0,0.0
URLA,GUVENDIK,3900,21353.0,29.79547491193226,0.599037627918149,-0.198865887170252,5.48,5850.0,0.0,0.0
MENEMEN,VILLAKENT,2915,14710.0,39.36988317339922,0.2473880728887515,0.0362391653266767,5.05,4372.5,0.0,0.0
KINIK,YAYLAKOY,258,4570.0,32.30240028129112,0.5239372514208199,-0.0836771833667451,17.71,387.0,0.0,0.0
URLA,KUSCULAR,4060,11045.0,31.56988350647325,0.5259725695431563,-0.1051239958387193,2.72,6090.0,0.0,0.0
BAYINDIR,HAVUZBASI,394,4430.0,37.187584142936245,0.3886949983132438,-0.0663950204639511,11.24,591.0,0.0,0.0
TIRE,SARILAR,506,1081.0,29.79842622076852,0.5895611569282773,-0.1565843094227821,2.14,759.0,0.0,0.0
BERGAMA,KAPUKAYA,41,280.0,36.467599018296326,0.425094054374527,0.0038713320139832,6.83,61.5,0.0,0.0
ODEMIS,CEVIZALAN,198,885.0,33.021599824119576,0.461926856028891,-0.0046893813562649,4.47,297.0,0.0,0.0
BERGAMA,KURTULUS,2088,8047.000000000001,36.71067168011107,0.2490189387607236,0.047132678634871,3.85,3132.0,0.0,0.0
ALIAGA,YUKSEKKOY,150,603.0,38.37114642565562,0.3283418525349009,0.0645155068835461,4.02,225.0,0.0,0.0
KINIK,OSMANIYE,3160,27706.0,35.39603508405848,0.3473457687210869,-0.024651061338234,8.77,4740.0,0.0,0.0
BAYINDIR,KARAHALILLI,440,1500.0,37.81189916684914,0.4528655002543972,-0.0857848259337589,3.41,660.0,0.0,0.0
URLA,ALTINTAS,3455,16539.0,34.61535163411454,0.1931130797759934,0.0595339652722055,4.79,5182.5,0.0,0.0
SELCUK,ISABEY,2585,20993.0,33.65471328579416,0.4843813479681988,-0.093381084397292,8.12,3877.5,0.0,0.0
KINIK,TURKCEDIT,2032,6135.0,33.11440792165071,0.5554426602282876,-0.1455342631447037,3.02,3048.0,0.0,0.0
MENEMEN,HATUNDERE,3329,738.0,36.60227570345432,0.4018757142796202,-0.0278780762968117,0.22,4993.5,4255.5,85.22078702313007
KEMALPASA,SEKIZEYLUL,15563,77031.0,36.80993224878424,0.3727439290771931,-0.0401057561206475,4.95,23344.5,0.0,0.0
BUCA,KIRKLAR,3511,11189.0,29.76733219962963,0.5268527550702405,-0.1200007535749158,3.19,5266.5,0.0,0.0
NARLIDERE,YENIKALE,5217,31728.0,34.59556833639923,0.2057938727849803,0.0026490167662773,6.08,7825.5,0.0,0.0
ODEMIS,KUVVETLI,1874,24018.0,37.46170411261795,0.452325150299702,-0.1086530407618373,12.82,2811.0,0.0,0.0
BEYDAG,HALIKOY,381,1800.0,29.498663092754644,0.5727658069594035,-0.1361335380504762,4.72,571.5,0.0,0.0
BAYINDIR,ARIKBASI,818,9886.0,38.12195764897684,0.4977872813065011,-0.0996889751825077,12.09,1227.0,0.0,0.0
ODEMIS,MESCITLI,590,4116.0,35.187742672355455,0.4829775756267645,-0.0935367005936333,6.98,885.0,0.0,0.0
KARABURUN,SARPINCIK,141,1000.0,33.30090931024211,0.4924278630961415,-0.0875498786430259,7.09,211.5,0.0,0.0
TORBALI,KIRBAS,234,1275.0,33.94032920285352,0.4391724234142581,-0.0998001594026206,5.45,351.0,0.0,0.0
FOCA,KAZIMDIRIK,4047,7320.0,33.54721161365632,0.2573457451099057,-0.0170331553590491,1.81,6070.5,0.0,0.0
BEYDAG,MUTAFLAR,291,1260.0,31.12328241960769,0.5103519706687892,-0.0615988847418431,4.33,436.5,0.0,0.0
BAYINDIR,DERNEKLI,149,400.0,30.957230087633764,0.662419027654728,-0.2309353453530199,2.68,223.5,0.0,0.0
TORBALI,TURKMENKOY,1948,162796.0,36.37592399818022,0.4037665691702496,-0.0182426156077048,83.57,2922.0,0.0,0.0
GAZIEMIR,SEVGI,7499,41059.0,35.914784324361705,0.2735025635801104,0.0178722017909451,5.48,11248.5,0.0,0.0
KEMALPASA,GOKYAKA,111,363.0,30.7678650880183,0.5562708044323774,-0.1712498935572741,3.27,166.5,0.0,0.0
TORBALI,YEDIEYLUL,5004,23896.0,36.84454400219452,0.2394362424785771,-0.0231560435690004,4.78,7506.0,0.0,0.0
TIRE,SARUHANLI,208,964.0,32.9879927749504,0.560572958095733,-0.1238350410930374,4.63,312.0,0.0,0.0
TIRE,KURDULLU,282,680.0,33.70201644043109,0.5441686631591753,-0.1340743981377621,2.41,423.0,0.0,0.0
BERGAMA,TAVUKCUKURU,228,1450.0,33.97804204752792,0.5356304555414559,-0.0622950752523014,6.36,342.0,0.0,0.0
TIRE,AYAKLIKIRI,302,1291.0,33.554730233601305,0.4445479381176107,-0.0325693438962382,4.27,453.0,0.0,0.0
TIRE,CINIYERI,557,2121.0,34.81149295325675,0.4901204789370782,-0.1047851552681632,3.81,835.5,0.0,0.0
KINIK,ISIKLAR,206,1359.0,33.34938294928416,0.5355412409920425,-0.0969167726680111,6.6,309.0,0.0,0.0
TORBALI,YOGURTCULAR,350,1100.0,35.421401574253935,0.4363746063622127,-0.0473681779529916,3.14,525.0,0.0,0.0
SEFERIHISAR,TEPECIK,2018,12438.0,33.275623783802715,0.3620790406478901,0.0339001594130856,6.16,3027.0,0.0,0.0
KONAK,CENGIZTOPEL,2018,24420.0,36.39629544784864,0.2796035802980612,0.0032473438632741,12.1,3027.0,0.0,0.0
TORBALI,YEMISLIK,2172,3007.0,36.1842990639081,0.2356986263516921,-0.0037540677370259,1.38,3258.0,251.0,7.704112952731737
BERGAMA,KATRANCI,128,210.0,32.269478928916854,0.508229489835383,-0.0896190394013717,1.64,192.0,0.0,0.0
MENEMEN,UGURMUMCU,16975,22078.0,37.51430261348117,0.1486752937458091,0.0593764408345601,1.3,25462.5,3384.5,13.29209621993127
BERGAMA,ISLAMSARAY,1477,51000.0,35.210100333309704,0.3670418147444822,-0.0429176419571635,34.53,2215.5,0.0,0.0
MENEMEN,GAZI,6038,7007.0,36.45131656492905,0.1882238592904221,0.0612236960963925,1.16,9057.0,2050.0,22.634426410511207
ODEMIS,KURUCUOVA,818,7860.0,39.06047520576906,0.4146786216252711,0.0023132323411881,9.61,1227.0,0.0,0.0
ODEMIS,GUNLUCE,1106,3940.0,34.06267559431717,0.5101262708891358,-0.1154806462660564,3.56,1659.0,0.0,0.0
BERGAMA,BOLCEK,945,3500.0,34.73610323243115,0.3580177795796418,-0.0380973261578389,3.7,1417.5,0.0,0.0
BEYDAG,KARAOBA,341,18000.0,35.02603487813088,0.4577761014185323,-0.0337777682479291,52.79,511.5,0.0,0.0
MENEMEN,IGNEDERE,125,3660.0,35.37825266038198,0.4535331412747403,-0.1011371801861984,29.28,187.5,0.0,0.0
BERGAMA,ATCILAR,56,250.0,37.66551804635986,0.3921143213882271,0.0285991133966167,4.46,84.0,0.0,0.0
KARABAGLAR,YASARKEMAL,7850,12328.0,35.87835712492887,0.3466658086358426,-0.0297327475634386,1.57,11775.0,0.0,0.0
KARABAGLAR,UCKUYULAR,8962,5769.0,35.613988686043854,0.1709697759773631,0.0503177667037587,0.64,13443.0,7674.0,57.085471992858736
ODEMIS,ERTUGRUL,520,2595.0,34.96209665877724,0.3110424624572332,-0.0063313477641326,4.99,780.0,0.0,0.0
KONAK,GUZELYALI,16508,5886.0,36.17621579000003,0.1500307418154757,0.0650022653480067,0.36,24762.0,18876.0,76.22970680881997
ODEMIS,KUTLUBEYLER,145,500.0,32.681344025546814,0.506748397035845,-0.0501359636132822,3.45,217.5,0.0,0.0
BERGAMA,CAMOBA,72,200.0,36.40908422356239,0.4589279197765991,-0.0259026445119906,2.78,108.0,0.0,0.0
BAYINDIR,KIZILKECILI,518,1500.0,28.87072427110496,0.6380971075165477,-0.1980626315859595,2.9,777.0,0.0,0.0
BERGAMA,INKILAP,1331,2907.0,36.41309497374552,0.2271654623080129,0.0190900840630947,2.18,1996.5,0.0,0.0
KARABAGLAR,GUNALTAY,20818,4927.0,36.98906429484626,0.135936249438378,0.0618976213738187,0.24,31227.0,26300.0,84.22198738271368
TORBALI,ISTIKLAL,2382,20526.0,36.74580141861322,0.3282031042292882,2.689147224728517e-05,8.62,3573.0,0.0,0.0
BERGAMA,YENILER,108,300.0,35.3031195901861,0.4032333138129109,0.0269324157392256,2.78,162.0,0.0,0.0
SELCUK,ZEYTINKOY,757,800.0,32.10169504831283,0.5080131104583521,-0.0868366277184954,1.06,1135.5,335.5,29.546455306032588
ODEMIS,KARADOGAN,548,2092.0,37.44657932971902,0.4658906025944283,-0.0966724262914608,3.82,822.0,0.0,0.0
ALIAGA,HACIOMERLI,910,23454.0,38.304469269795135,0.3325695254535848,0.0603476402918215,25.77,1365.0,0.0,0.0
ODEMIS,UMURBEY,2621,7300.0,35.87765816411044,0.3163410344461379,-0.0454574941716904,2.79,3931.5,0.0,0.0
BAYINDIR,DEMIRCILIK,857,3000.0,39.64802836828285,0.3891638639947035,-0.0085733430182618,3.5,1285.5,0.0,0.0
KARSIYAKA,SEMIKLER,28951,17700.0,36.51487385177106,0.1296449055828722,0.0591736576510579,0.61,43426.5,25726.5,59.241476978342725
MENEMEN,CAMIIKEBIR,1412,2403.0,35.86744124777089,0.3919594993610248,-0.075736138712071,1.7,2118.0,0.0,0.0
BORNOVA,KAVAKLIDERE,3220,4300.0,28.955650741778847,0.5616622213454704,-0.1850625910367073,1.34,4830.0,530.0,10.973084886128365
CESME,CAKABEY,265,7000.0,32.35082434243312,0.3759830534442331,-0.0104468157014199,26.42,397.5,0.0,0.0
TIRE,KARATEKE,558,2136.0,37.50967865328523,0.415766640858601,-0.0097728897559033,3.83,837.0,0.0,0.0
KONAK,AKARCALI,3006,5500.0,36.63605824751539,0.1838762254805947,0.044530912309448,1.83,4509.0,0.0,0.0
MENDERES,GUMULDURCUMHURIYET,780,4140.0,29.263136021503225,0.6512787458880244,-0.207358575464437,5.31,1170.0,0.0,0.0
MENEMEN,ZEYTINLIK,3063,4260.0,36.65833124857956,0.1523582465159533,0.0533419693003823,1.39,4594.5,334.5,7.280444009141365
ODEMIS,AKINCILAR,1454,3000.0,37.293001779953634,0.2158342884996307,0.0324998658180958,2.06,2181.0,0.0,0.0
BORNOVA,RAFETPASA,17716,4000.0,36.212961006949904,0.1031109957891594,0.0489528428505309,0.23,26574.0,22574.0,84.9476932339881
MENDERES,CAMONU,1791,2542.0,31.263241731300337,0.5000244230582233,-0.126478840692321,1.42,2686.5,144.5,5.378745579750605
CESME,16EYLUL,3653,9150.0,32.78243250387866,0.2849116779442718,0.0002112084933849,2.5,5479.5,0.0,0.0
KARABAGLAR,REIS,10043,4377.0,37.08278916262254,0.1232996986053047,0.0906491863632268,0.44,15064.5,10687.5,70.94493677188092
BERGAMA,INESIR,114,270.0,34.18612771676838,0.4790619674042947,-0.0311855005614551,2.37,171.0,0.0,0.0
ODEMIS,ORHANGAZI,320,2340.0,37.37895377331382,0.399715404491491,0.0190574506611275,7.31,480.0,0.0,0.0
MENEMEN,30AGUSTOS,19083,52940.0,36.50143000598111,0.1967081347441251,0.0091966127866906,2.77,28624.5,0.0,0.0
TIRE,KAPLAN,108,713.0,25.88322056248527,0.60617089032437,-0.1847190859446742,6.6,162.0,0.0,0.0
KIRAZ,ORENCIK,975,3100.0,30.308308380152948,0.4629466938940775,-0.0198031964506288,3.18,1462.5,0.0,0.0
ODEMIS,OVAKENT,2049,10488.0,33.51293330274486,0.5401662890272851,-0.1368801764427324,5.12,3073.5,0.0,0.0
KEMALPASA,YUKARIKIZILCAMERKEZ,2788,32097.0,29.88936453935108,0.580685679570406,-0.1792676107039568,11.51,4182.0,0.0,0.0
BERGAMA,IKIZLER,129,350.0,30.469717974868686,0.5526963536248898,-0.1284115323272743,2.71,193.5,0.0,0.0
BERGAMA,HISARKOY,160,1200.0,30.947137302550185,0.6218509340583904,-0.1785232807077396,7.5,240.0,0.0,0.0
ODEMIS,ALASARLI,411,3048.0,35.73117721066314,0.4945665314576327,-0.0813778203343889,7.42,616.5,0.0,0.0
TORBALI,BULBULDERE,170,1700.0,36.4882329783799,0.4057984699205771,0.0156467104698335,10.0,255.0,0.0,0.0
ODEMIS,CAMLICA,341,2183.0,34.75491366034497,0.4765494365778335,-0.0681024397478816,6.4,511.5,0.0,0.0
MENEMEN,GORECE,362,3800.0,35.95877057210829,0.4450036320606592,-0.0592848514253337,10.5,543.0,0.0,0.0
DIKILI,KIROBA,70,2510.0,39.88116742787539,0.353741583632814,0.0482400457969108,35.86,105.0,0.0,0.0
KEMALPASA,BAYRAMLI,142,739.0,27.16609238329808,0.6661035876733574,-0.2194357441613062,5.2,213.0,0.0,0.0
CIGLI,GUZELTEPE,6399,1500.0,39.21298033188752,0.1717362188690342,0.0550092206662238,0.23,9598.5,8098.5,84.37255821222067
BERGAMA,SAGANCI,291,1400.0,37.60631045664957,0.3371493350723685,0.0207919338312191,4.81,436.5,0.0,0.0
BERGAMA,COBANLAR,97,500.0,31.755747081964905,0.5418077526342356,-0.1116321008709522,5.15,145.5,0.0,0.0
TIRE,ARMUTLU,46,325.0,30.206682245822392,0.543701992433839,-0.1157649138521309,7.07,69.0,0.0,0.0
MENDERES,BULGURCA,2079,19176.0,39.29227907713928,0.3377892230658872,0.0147742438033939,9.22,3118.5,0.0,0.0
BERGAMA,HACILAR(ISMAILLIBUCAGI),117,1400.0,36.97244687325577,0.4251543446343374,0.0136165198381381,11.97,175.5,0.0,0.0
TORBALI,PANCAR,1907,3222.0,33.58498246303876,0.394377065088689,0.0149154229321612,1.69,2860.5,0.0,0.0
BERGAMA,TERZIHALILLER,258,625.0,34.87687552401123,0.5039991735144083,-0.046631927241683,2.42,387.0,0.0,0.0
MENDERES,CAKALTEPE,673,3167.0,31.589990728848413,0.5186247764423069,-0.0943409043621535,4.71,1009.5,0.0,0.0
BUCA,IZKENT,5152,9437.0,37.46878330474031,0.2514380046076332,0.0052158763038787,1.83,7728.0,0.0,0.0
BUCA,YAYLACIK,17352,7926.0,35.260714407527544,0.1547819580795098,0.041112135717821,0.46,26028.0,18102.0,69.54817888427847
KARABAGLAR,FAHRETTINALTAY,9518,10800.0,35.88869631454139,0.2916909156218913,-0.002197959558532,1.13,14277.0,3477.0,24.35385585206976
BERGAMA,CITKOY,175,1400.0,36.582944714233165,0.3853338122894766,-0.005246585096259,8.0,262.5,0.0,0.0
BERGAMA,PINARKOY,853,2650.0,35.7455368539458,0.494535127930189,-0.0624943947246254,3.11,1279.5,0.0,0.0
BERGAMA,ULUCAMII,740,4000.0,37.11173952749444,0.3372943828957637,0.0254252297851916,5.41,1110.0,0.0,0.0
KARABURUN,TEPEBOZ,371,2076.0,31.083732157598984,0.5176998416262769,-0.1026950467501778,5.6,556.5,0.0,0.0
BORNOVA,EVKA4,14179,46380.0,37.92506854512972,0.2822392136105066,-0.0126110310571337,3.27,21268.5,0.0,0.0
KARABAGLAR,SALIHOMURTAK,5730,4800.0,35.413059417416406,0.2727498954889097,0.0023520534911392,0.84,8595.0,3795.0,44.153577661431065
SELCUK,HAVUTCULU,249,4862.0,34.3516029150172,0.5708558323836361,-0.17448717328458,19.53,373.5,0.0,0.0
ODEMIS,KEMER,238,1852.0,27.350318002452727,0.5214817302314749,-0.1177498813152897,7.78,357.0,0.0,0.0
TORBALI,TASKESIK,526,1540.0,39.0695787987369,0.453265033675882,-0.051535238692375,2.93,789.0,0.0,0.0
BERGAMA,DURMUSLAR,366,7000.0,36.315058126348056,0.3490836249809956,0.0557043605003964,19.13,549.0,0.0,0.0
MENDERES,SASAL,518,6925.0,36.08375396214849,0.4482612056804583,-0.0093540614805857,13.37,777.0,0.0,0.0
KARABAGLAR,GULYAKA,11153,1156.0,36.60517290942063,0.1116781019680687,0.0879609800383875,0.1,16729.5,15573.5,93.09005050957889
ODEMIS,MIMARSINAN,2450,6404.0,36.94405316942394,0.2458979752924971,0.0159639335508538,2.61,3675.0,0.0,0.0
ODEMIS,KISLA,127,3150.0,40.25963608513145,0.3708597243018263,0.0499907009024561,24.8,190.5,0.0,0.0
TIRE,TOPALAK,161,444.0,28.48687487107141,0.5512446357600994,-0.1153352034834855,2.76,241.5,0.0,0.0
BEYDAG,BAKIRKOY,221,1012.0,32.64693740266436,0.4723550128077238,-0.0644267349855615,4.58,331.5,0.0,0.0
MENEMEN,75.YILCUMHURIYET,457,2180.0,33.95278231100064,0.3173620573070811,-0.062518654635168,4.77,685.5,0.0,0.0
TIRE,TURGUTLU,141,1572.0,39.91288688445183,0.3738208453974201,0.0248270305845888,11.15,211.5,0.0,0.0
TIRE,DUNDARLI,307,317.0,33.41193911387917,0.463809593261158,-0.0817864225842183,1.03,460.5,143.5,31.161780673181326
ODEMIS,UCKONAK,520,5783.0,35.80879833429656,0.4680800601493026,-0.0226116963615373,11.12,780.0,0.0,0.0
TIRE,YEMISLER,92,482.0,30.74975550479148,0.5384183859822192,-0.1239796604602895,5.24,138.0,0.0,0.0
MENDERES,GUMULDURFEVZICAKMAK,4639,14447.0,30.25178460677888,0.519720697140655,-0.1290819411097206,3.11,6958.5,0.0,0.0
SELCUK,GOKCEALAN,984,8380.0,33.76606558798844,0.5650114702951594,-0.1796454808019782,8.52,1476.0,0.0,0.0
SEFERIHISAR,BEYLER,342,1700.0,33.05819903619995,0.4857178171486924,-0.0807297990224192,4.97,513.0,0.0,0.0
KARABAGLAR,ARAPHASAN,9192,1690.0,36.19298333418737,0.1250490392533749,0.0944972508280356,0.18,13788.0,12098.0,87.7429648970119
URLA,BADEMLER,2599,16743.0,32.61461103455618,0.4744603685533669,-0.061623843113209,6.44,3898.5,0.0,0.0
KINIK,MUSACALI,56,400.0,35.754753355787535,0.3857356479115965,-0.017777472149542,7.14,84.0,0.0,0.0
BUCA,ADATEPE,20517,243453.0,31.16965623166641,0.4693050300592482,-0.1077026462864751,11.87,30775.5,0.0,0.0
SEFERIHISAR,CAMTEPE,126,855.0,32.55042064916383,0.3925954653720255,-0.0805302394077422,6.79,189.0,0.0,0.0
KARSIYAKA,ATAKENT,6172,140800.0,33.65645967912119,0.3139419791001986,-0.0720831494747319,22.81,9258.0,0.0,0.0
KINIK,BUYUKOBA,252,8716.0,35.046725916605745,0.4613069846056254,-0.0466024602760425,34.59,378.0,0.0,0.0
BERGAMA,BOZKOY,256,2500.0,33.43003880782844,0.4401618672385183,-0.0815564858809495,9.77,384.0,0.0,0.0
NARLIDERE,LIMANREIS,3213,32949.0,28.298152276304258,0.6029258847034383,-0.2088555469896608,10.25,4819.5,0.0,0.0
BEYDAG,YENIYURT,74,304.0,27.561889993640985,0.645613372093015,-0.1848865796620517,4.11,111.0,0.0,0.0
TIRE,DEREBASI,840,1872.0,38.6223098762349,0.4353247199359408,-0.0464278854493942,2.23,1260.0,0.0,0.0
MENDERES,ATA,2203,15658.0,37.599907924526654,0.3230937241133887,0.0170379964076711,7.11,3304.5,0.0,0.0
MENEMEN,KESIK,731,3170.0,33.59335618656718,0.3531980634623536,-0.0669445176118574,4.34,1096.5,0.0,0.0
GAZIEMIR,GAZIKENT,7593,5140.0,34.66065430069457,0.2825214401085615,-0.0236692566193284,0.68,11389.5,6249.5,54.870714254357075
URLA,ICMELER,3620,42067.0,32.2366010006983,0.4350537932702757,-0.0538473547409356,11.62,5430.0,0.0,0.0
SELCUK,SULTANIYE,36,750.0,31.877837581270768,0.5488027734014104,-0.1417559002310112,20.83,54.0,0.0,0.0
BEYDAG,YESILTEPE,269,1280.0,30.69755130018125,0.3873322930621567,-0.0406641418948914,4.76,403.5,0.0,0.0
ODEMIS,MURSALLI,257,4110.0,35.26487496753593,0.4583986435602675,-0.0707926052002951,15.99,385.5,0.0,0.0
MENEMEN,TURGUTLAR,53,2831.0,32.63326756682408,0.5477925857716182,-0.1241809572322086,53.42,79.5,0.0,0.0
CIGLI,ATASEHIR,28864,55280.0,37.046083048664144,0.1866908031904701,0.0169204015177568,1.92,43296.0,0.0,0.0
MENEMEN,BAGCILAR,167,9000.0,35.79201990021941,0.4096464508658161,-0.0260785451986087,53.89,250.5,0.0,0.0
KARABAGLAR,OSMANAKSUNER,683,1093.0,37.795558709315394,0.1666359726217584,0.0234676889446319,1.6,1024.5,0.0,0.0
TIRE,KUCUKKALE,212,1557.0,29.80711628470496,0.5711928944480419,-0.2036176621049029,7.34,318.0,0.0,0.0
ODEMIS,BUCAK,346,2580.0,35.68118583387994,0.4637865545009084,-0.0176716656541245,7.46,519.0,0.0,0.0
DIKILI,YAYLAYURT,503,1500.0,37.402812879204696,0.3431233815525203,0.0161609114342018,2.98,754.5,0.0,0.0
BORNOVA,LAKA,449,2700.0,38.66584558094784,0.3333601053648897,0.0252965460307109,6.01,673.5,0.0,0.0
ODEMIS,KIZILCAAVLU,463,1377.0,29.75179104640765,0.5945153747618518,-0.1561757007224087,2.97,694.5,0.0,0.0
MENDERES,KASIMPASA,7077,19090.0,37.13516289174088,0.2333114636093251,0.0141208180423598,2.7,10615.5,0.0,0.0
MENDERES,MITHATPASA,6915,16595.0,37.18613392841824,0.2082281987878395,0.0416105826949714,2.4,10372.5,0.0,0.0
BUCA,KAYNAKLARMERKEZ,1891,9123.0,27.12118341696653,0.6222871713042776,-0.2169207965403746,4.82,2836.5,0.0,0.0
GUZELBAHCE,CAMLI,2085,5739.0,30.78181049870604,0.5855849119935488,-0.1567986047146763,2.75,3127.5,0.0,0.0
KARABAGLAR,ADNANSUVARI,3940,9739.0,35.19864963991393,0.2500428957727784,0.0096968328907543,2.47,5910.0,0.0,0.0
BEYDAG,ERIKLI,330,1500.0,27.12415424151298,0.6538007950922781,-0.1921693985753117,4.55,495.0,0.0,0.0
TORBALI,MURATBEY,24226,63546.0,34.90285669392791,0.360028197000272,-0.0821607500537473,2.62,36339.0,0.0,0.0
ODEMIS,YOLUSTU,1165,3479.0,35.80116056992414,0.5165820371341943,-0.109490065751169,2.99,1747.5,0.0,0.0
KEMALPASA,KAMBERLER,169,1724.0,28.43869409098613,0.6361938200779711,-0.1847563599374937,10.2,253.5,0.0,0.0
DIKILI,KIRATLI,680,3100.0,36.04119924746255,0.4680101479798934,-0.0542976977590895,4.56,1020.0,0.0,0.0
KINIK,KARADERE,138,600.0,33.80335572391914,0.4939266286218482,-0.0188389683914184,4.35,207.0,0.0,0.0
MENEMEN,29EKIM,9055,754400.0,34.28363526502253,0.3988271291568989,-0.0582844013311277,83.31,13582.5,0.0,0.0
URLA,NOHUTALAN,171,670.0,31.391235611527225,0.5846181199701768,-0.1160546849646257,3.92,256.5,0.0,0.0
TORBALI,AYRANCILAR,17428,10124.0,37.39628180262604,0.2938149354098646,0.000808389415426,0.58,26142.0,16018.0,61.273047203733455
TIRE,MUSALAR,215,578.0,31.266144538337294,0.4691167575432755,-0.0734084413342486,2.69,322.5,0.0,0.0
MENDERES,GOLCUKLER,6109,22473.0,37.60425164655494,0.3183963301167216,0.0124680989127084,3.68,9163.5,0.0,0.0
TIRE,BAHARIYE,1068,390.0,31.02623107068013,0.3779703469160018,-0.0483813206278026,0.37,1602.0,1212.0,75.65543071161048
MENEMEN,ALANICI,379,1459.0,32.07450504016667,0.4612807850899507,-0.0667162740273437,3.85,568.5,0.0,0.0
TIRE,AKCASEHIR,213,1303.0,30.910678626486643,0.5618533987461504,-0.1564528909965526,6.12,319.5,0.0,0.0
KIRAZ,SEMSILER,581,1300.0,34.40105490973793,0.5055950874787889,-0.1012389405770799,2.24,871.5,0.0,0.0
TORBALI,PAMUKYAZI,2136,138250.0,35.22019304484918,0.3870045949907635,-0.0844639754797413,64.72,3204.0,0.0,0.0
KONAK,BOGAZICI,3029,1488.0,36.75656492093802,0.1491775629186999,0.0720615908110795,0.49,4543.5,3055.5,67.24991746450974
BAYRAKLI,MANSUROGLU,19688,133908.0,35.67837959837603,0.2055613774477262,-0.0061176716511892,6.8,29532.0,0.0,0.0
BORNOVA,EGEMENLIK,2371,7900.0,34.91302028415641,0.2589807545973195,-0.0110330165891536,3.33,3556.5,0.0,0.0
ODEMIS,ARTICAK,104,1852.0,25.975731480305274,0.6325825245360526,-0.2127116228901129,17.81,156.0,0.0,0.0
BERGAMA,KARALAR,242,1000.0,34.503824771734195,0.4182911035395596,-0.0373008021044695,4.13,363.0,0.0,0.0
KIRAZ,AYDOGDU,313,950.0,35.41507927492478,0.3634453571557748,-0.0285772660942512,3.04,469.5,0.0,0.0
BAYINDIR,CUMHURIYET,747,10740.0,35.56841546509645,0.3460010352252587,-0.0385699466735852,14.38,1120.5,0.0,0.0
KIRAZ,KALEKOY,456,1000.0,34.03349186026233,0.4544520419250928,-0.062407903041854,2.19,684.0,0.0,0.0
BERGAMA,KURFALLI,242,1900.0,34.706996794555856,0.3900198843081955,-0.0351432136501032,7.85,363.0,0.0,0.0
MENEMEN,EMIRALEMMERKEZ,1484,4021.0,34.726050187418835,0.4157001079318026,-0.0861399043862076,2.71,2226.0,0.0,0.0
TIRE,KARACAALI,233,1224.0,31.735210760974194,0.56685555700368,-0.1727407724862212,5.25,349.5,0.0,0.0
TIRE,BOYNUYOGUN,326,1589.0,33.15210072684548,0.5005918957301441,-0.1273202741357566,4.87,489.0,0.0,0.0
TORBALI,HELVACI,218,1288.0,33.998576295360934,0.5623102661892319,-0.1433802337857929,5.91,327.0,0.0,0.0
TORBALI,INONU,20307,47816.0,36.59535216232107,0.2771789196169668,-0.0097263692523755,2.35,30460.5,0.0,0.0
ODEMIS,ILKKURSUN,146,10426.0,38.54198610650866,0.4035210861306081,-0.0465273924717276,71.41,219.0,0.0,0.0
BERGAMA,ALACALAR,107,2500.0,35.50283124012708,0.5230839506066468,-0.0926782556764965,23.36,160.5,0.0,0.0
KIRAZ,UMURCALI,483,1200.0,35.69747964606242,0.4759915385967589,-0.0524198494381528,2.48,724.5,0.0,0.0
BORNOVA,CICEKLI,381,1280.0,31.823156446583848,0.5967707959287625,-0.1863167397019436,3.36,571.5,0.0,0.0
ODEMIS,KERPICLIK,195,1664.0,30.616277143036463,0.608901274992746,-0.1756494708429223,8.53,292.5,0.0,0.0
KONAK,ALSANCAK,5388,1580.0,35.29978737148124,0.1117014991668024,0.059995272977032,0.29,8082.0,6502.0,80.45038356842366
NARLIDERE,ILICA,8231,29975.0,31.316705066907733,0.4037046127693454,-0.0988240656649751,3.64,12346.5,0.0,0.0
KEMALPASA,ASAGIKIZILCA,1632,2795.0,32.55222410120252,0.525497012453586,-0.1544943063178338,1.71,2448.0,0.0,0.0
KIRAZ,SACLI,279,880.0,33.52407238850907,0.5512368442063439,-0.0938304002638246,3.15,418.5,0.0,0.0
TIRE,EGRIDERE,612,1700.0,31.102265080562727,0.5128876419901779,-0.0837763952020507,2.78,918.0,0.0,0.0
BERGAMA,YENIKENT,858,5100.0,33.37838459970979,0.36718402352391,-0.0316179398093675,5.94,1287.0,0.0,0.0
KARABAGLAR,BASINSITESI,15698,21861.0,35.610262329707346,0.1827232595756605,0.04818747423121,1.39,23547.0,1686.0,7.160147789527328
SEFERIHISAR,HIDIRLIK,7076,27779.0,31.450956846057,0.4807479813024742,-0.1333083370871058,3.93,10614.0,0.0,0.0
KARABAGLAR,DEVRIM,8020,18715.0,37.1430454763136,0.1970034963254112,0.0569743361439741,2.33,12030.0,0.0,0.0
ODEMIS,SEKIKOY,395,2996.0,36.769542964099344,0.4673530615851301,-0.0939928080761448,7.58,592.5,0.0,0.0
TIRE,AKMESCIT,457,1923.0,31.682704138799405,0.4353459919720576,-0.037204742909297,4.21,685.5,0.0,0.0
BEYDAG,AKTEPE,451,30000.0,35.65132172005856,0.271394701632568,0.0144294941103275,66.52,676.5,0.0,0.0
ALIAGA,CALTILIDERE,742,7830.0,35.66604684290295,0.3077590354770732,0.0009465261791975,10.55,1113.0,0.0,0.0
ODEMIS,SIRINKOY,135,4080.0,36.03476463310528,0.5022481174197121,-0.0977734259910341,30.22,202.5,0.0,0.0
MENEMEN,85.YILCUMHURIYET,1964,5400.0,33.29716321170687,0.3041768627640775,-0.0485508287870181,2.75,2946.0,0.0,0.0
TIRE,KUCUKBURUN,143,484.0,33.08617416089742,0.4566542694963247,-0.0834769767942746,3.38,214.5,0.0,0.0
MENDERES,CILE,788,5572.0,31.06588813042195,0.5882479325548441,-0.1668484989130912,7.07,1182.0,0.0,0.0
ODEMIS,KAYMAKCI,5634,15925.0,38.24012854864621,0.4222081087050153,-0.0100943385326108,2.83,8451.0,0.0,0.0
KIRAZ,KIRKOY,655,8600.0,36.76219728935089,0.4840552704595506,-0.026366848879211,13.13,982.5,0.0,0.0
ODEMIS,GERELI,919,3253.0,37.04403091785609,0.4433197694041609,-0.0101695215080829,3.54,1378.5,0.0,0.0
MENEMEN,YESILPINAR,4240,3995.0,33.65879032100703,0.4660564654701178,-0.0923928452093986,0.94,6360.0,2365.0,37.185534591194966
BERGAMA,ARMAGANLAR,105,200.0,35.83020020370795,0.41867588047561,-0.0330524817369818,1.9,157.5,0.0,0.0
SEFERIHISAR,ULAMIS,3107,7197.0,32.75695929520306,0.4511250669305223,-0.04029107256857,2.32,4660.5,0.0,0.0
ODEMIS,GUNEY,405,1412.0,32.213321994162065,0.3471021999532356,-0.030199898438307,3.49,607.5,0.0,0.0
KONAK,AKINCI,377,1300.0,36.13102125488704,0.1048053224891562,0.0985202198008535,3.45,565.5,0.0,0.0
KARABAGLAR,LIMONTEPE,4534,1275.0,35.669391049180284,0.2519988279343942,0.0087231911405935,0.28,6801.0,5526.0,81.25275694750772
KINIK,IBRAHIMAGA,111,2703.0,36.89021359797671,0.4159759423429114,0.0199793558153206,24.35,166.5,0.0,0.0
BAYINDIR,KABAAGAC,74,900.0,30.00107491056924,0.6554102527422755,-0.2027481280182298,12.16,111.0,0.0,0.0
BAYINDIR,CENIKLER,57,750.0,35.74127606186364,0.5167055219043918,-0.0860986664998736,13.16,85.5,0.0,0.0
ODEMIS,UZUMLU,228,2430.0,34.98464255911922,0.5717731714821043,-0.1520514196122182,10.66,342.0,0.0,0.0
BERGAMA,TOPALLAR,183,500.0,30.95918421669712,0.5296088667417758,-0.1046281829201078,2.73,274.5,0.0,0.0
BERGAMA,FEVZIPASA,2905,46240.0,36.19873281202329,0.3532897252469318,-0.0026244061374019,15.92,4357.5,0.0,0.0
BAYINDIR,BALCILAR,310,3018.0,26.205993394053987,0.6819049501939382,-0.2412254976573603,9.74,465.0,0.0,0.0
TIRE,GOKCEN,926,20805.0,35.92577494055007,0.4404563577886137,-0.0865001220097611,22.47,1389.0,0.0,0.0
BEYDAG,PALAMUTCUK,234,1088.0,27.70580028316066,0.6057695682699564,-0.1819143219546522,4.65,351.0,0.0,0.0
KEMALPASA,ZEAMET,75,409.0,28.278186704093464,0.6662576469827817,-0.2184111889753651,5.45,112.5,0.0,0.0
ODEMIS,TEKKE,335,3170.0,27.589800882073384,0.54323260586239,-0.1368396537586762,9.46,502.5,0.0,0.0
GUZELBAHCE,KAHRAMANDERE,6134,34791.0,32.10954295608629,0.3496918115426226,-0.047821624960412,5.67,9201.0,0.0,0.0
BUCA,MUSTAFAKEMAL,22106,1600.0,37.45515677957634,0.2260829909603865,0.0396450288988095,0.07,33159.0,31559.0,95.17476401580265
KARABAGLAR,TIRAZLI,151,500.0,28.67345539317398,0.6374917451461161,-0.2192747727789135,3.31,226.5,0.0,0.0
MENEMEN,SUZBEYLI,43,2760.0,27.565822344438665,-0.1944113466365132,-0.0996850222890511,64.19,64.5,0.0,0.0
KARABAGLAR,BARIS,7428,1100.0,36.7761772658973,0.1343628268919446,0.0690590554486108,0.15,11142.0,10042.0,90.12744570095136
KONAK,KULTUR,7689,14500.0,36.29606931687721,0.2436417322441619,0.0132203470449419,1.89,11533.5,0.0,0.0
KINIK,CANKOY,222,937.0,33.03191494490156,0.4979563990727271,-0.0584883857840865,4.22,333.0,0.0,0.0
BERGAMA,GOCBEYLI,1429,6500.0,32.20933635771277,0.5704746249283095,-0.1149177747709003,4.55,2143.5,0.0,0.0
BAYINDIR,SADIKPASA,5033,17510.0,35.3069258707818,0.4874597397680688,-0.1460115123205907,3.48,7549.5,0.0,0.0
KEMALPASA,HAMZABABA,100,634.0,26.92776492989106,0.7228556244998702,-0.234933288115248,6.34,150.0,0.0,0.0
MENEMEN,AYVACIK,402,2134.0,36.55074132264927,0.4005707063033595,-0.0530976664920558,5.31,603.0,0.0,0.0
BERGAMA,DOGANCI,118,570.0,39.41223765966789,0.2996971490803534,0.1074626084436026,4.83,177.0,0.0,0.0
URLA,CAMLICAY,2983,4410.0,31.904158224530107,0.3079220862795876,-0.0473251984199724,1.48,4474.5,64.5,1.4415018437814282
KIRAZ,AKPINAR,1281,4954.0,29.839154927403943,0.496626907113488,-0.0801122068266315,3.87,1921.5,0.0,0.0
TIRE,DALLIK,316,716.0,26.69538148088044,0.6403871702321257,-0.1968521224023386,2.27,474.0,0.0,0.0
BAYINDIR,SOGUTOREN,725,2000.0,33.45780481803184,0.5726450382511881,-0.1535339660679537,2.76,1087.5,0.0,0.0
SELCUK,SIRINCE,461,2326.0,30.84858546730845,0.6026873550834723,-0.1840916365316136,5.05,691.5,0.0,0.0
ALIAGA,UZUNHASANLAR,265,4527.0,39.10194290237342,0.3465289285247636,0.0152225918636949,17.08,397.5,0.0,0.0
BERGAMA,KAPLAN(YUKARIBEYBUCAGI),265,3300.0,31.98516383283963,0.6189309017430449,-0.1630140166062927,12.45,397.5,0.0,0.0
BAYINDIR,FIRINLI,1057,6500.0,36.40259251120111,0.4662798242462823,-0.0917686485992528,6.15,1585.5,0.0,0.0
KINIK,ASAGI,1288,1800.0,38.58094193974238,0.2347129185943953,0.067186973808349,1.4,1932.0,132.0,6.832298136645963
GUZELBAHCE,KUCUKKAYA,269,10180.0,29.164505930542862,0.5449201061433038,-0.1159147504851326,37.84,403.5,0.0,0.0
BERGAMA,SARICALAR,228,1000.0,37.392970085182846,0.4130221578855046,-0.0446823212247203,4.39,342.0,0.0,0.0
ODEMIS,OVACIK,181,1910.0,30.218384707277973,0.5105703468140708,-0.1059412254090326,10.55,271.5,0.0,0.0
BEYDAG,ADAKURE,387,3000.0,27.723134265699144,0.5716383253160662,-0.1312050823292758,7.75,580.5,0.0,0.0
SEFERIHISAR,COLAKIBRAHIMBEY,4633,10000.0,34.26333371536347,0.3318609397257671,0.0518616886390383,2.16,6949.5,0.0,0.0
BAYINDIR,KIZILCAOVA,935,8900.0,37.52028233552984,0.4861561279494037,-0.1237006312720463,9.52,1402.5,0.0,0.0
DIKILI,DELIKTAS,1447,7900.0,37.68253475615472,0.3630183996658911,0.0119474515618588,5.46,2170.5,0.0,0.0
ODEMIS,KOSELER,499,1457.0,33.73062546877192,0.5263083431717842,-0.0851625729309556,2.92,748.5,0.0,0.0
ODEMIS,DEMIRDERE,491,2763.0,26.951886186344105,0.4948961315122783,-0.0939196049375759,5.63,736.5,0.0,0.0
ODEMIS,GERCEKLI,528,1976.0,36.3177065900953,0.4805491249376889,-0.0702153487862847,3.74,792.0,0.0,0.0
BUCA,YESILBAGLAR,19299,13605.0,36.21455980585099,0.1039832069406544,0.0762742477864898,0.7,28948.5,15343.5,53.002746256282705
ODEMIS,BAYIRLI,235,2000.0,26.34461508278117,0.659171959607082,-0.200497659405936,8.51,352.5,0.0,0.0
BORNOVA,KARACAM,691,12600.0,32.017035830177484,0.5173068502293813,-0.115287217767958,18.23,1036.5,0.0,0.0
ODEMIS,GOLCUK,2163,13255.0,31.45554590765552,0.4328752738839204,-0.0856429928679803,6.13,3244.5,0.0,0.0
KEMALPASA,ASAGIYENMIS,588,3839.0,38.85357332913957,0.278570013919441,0.0380137521203668,6.53,882.0,0.0,0.0
KARSIYAKA,YAMANLAR,143,1600.0,35.0076845543026,0.3613415384135358,-0.0455056489285587,11.19,214.5,0.0,0.0
URLA,YELALTI,3290,19150.0,32.17576373339022,0.359245475085078,-0.0206280104349358,5.82,4935.0,0.0,0.0
TIRE,4EYLUL,4062,2368.0,37.20715985133972,0.1920470190967359,0.0346693671934441,0.58,6093.0,3725.0,61.135729525685214
TIRE,KIRTEPE,439,3532.0,35.163290805503124,0.4556722825711,-0.0806166067415849,8.05,658.5,0.0,0.0
BUCA,BUCAKOOP,19565,4345.0,34.959730206971415,0.191085759474353,0.0184250934322835,0.22,29347.5,25002.5,85.19465031092938
BERGAMA,UCTEPE,64,360.0,31.5909157941278,0.5699779616227523,-0.1228481407926623,5.62,96.0,0.0,0.0
BERGAMA,KASIKCI,144,800.0,36.40057746305023,0.4524485280335211,-0.0548861472512171,5.56,216.0,0.0,0.0
KIRAZ,SARISU,367,1000.0,26.76896033777041,0.6153581901317916,-0.1209709063233714,2.72,550.5,0.0,0.0
ODEMIS,HACIHASAN,218,1625.0,29.35559668085337,0.5707542876835684,-0.1110267215340602,7.45,327.0,0.0,0.0
KARABAGLAR,GENERALASIMGUNDUZ,1642,1890.0,37.05155819652275,0.1686509945739614,0.0209165557016341,1.15,2463.0,573.0,23.26431181485993
ODEMIS,BEBEKLER,127,2967.0,28.01099089934328,0.6670204032191988,-0.2407527949169221,23.36,190.5,0.0,0.0
KEMALPASA,NAZARKOY,345,1384.0,28.72145633731408,0.6384646760619184,-0.2159159400084536,4.01,517.5,0.0,0.0
TIRE,ALACALI,228,1170.0,33.959813735220024,0.4447073813944482,-0.0170587725841429,5.13,342.0,0.0,0.0
ODEMIS,SULEYMANLAR,58,2508.0,30.727629327425127,0.5238369283467516,-0.0761676838963617,43.24,87.0,0.0,0.0
BERGAMA,AVUNDUK,24,150.0,34.404590567994944,0.4651612954860801,-0.0141647044606655,6.25,36.0,0.0,0.0
KIRAZ,UZUNKOY,371,1000.0,29.57865383845312,0.558364968404332,-0.0811674716542803,2.7,556.5,0.0,0.0
KARABAGLAR,BAHAR,10609,2502.0,36.41569494310208,0.1424341037964643,0.060616387351809,0.24,15913.5,13411.5,84.27750023564897
ALIAGA,B.HAYRETTINPASA,1597,21185.0,34.4736970830806,0.2839831539518727,0.0139531689818208,13.27,2395.5,0.0,0.0
TORBALI,DIRMIL,741,4664.0,35.4210865215923,0.4548696570023644,-0.0683032387318186,6.29,1111.5,0.0,0.0
URLA,KADIOVACIK,347,848.0,33.45174579086762,0.494488836520935,-0.0403126691287035,2.44,520.5,0.0,0.0
KIRAZ,TEKBICAKLAR,461,600.0,34.13162995541698,0.3967909678327277,0.0206109397219548,1.3,691.5,91.5,13.232104121475055
BAYRAKLI,EMEK,12562,17365.0,36.9308608547859,0.1623037925966815,0.04480419497768,1.38,18843.0,1478.0,7.843761609085602
BERGAMA,YALNIZEV,814,2250.0,37.29916826232717,0.4159435747430884,-0.0350394449019789,2.76,1221.0,0.0,0.0
BAYINDIR,CINARDIBI,731,6743.0,29.33015703504537,0.6272204103115588,-0.2027784735670735,9.22,1096.5,0.0,0.0
ODEMIS,TURKONU,304,4000.0,39.90898148700109,0.4112943076604093,0.009260952583574,13.16,456.0,0.0,0.0
KINIK,KODUKBURUN,26,300.0,33.65490097072386,0.5502705228927375,-0.0904071175997734,11.54,39.0,0.0,0.0
KARABURUN,HASSEKI,137,791.0,32.16584084097143,0.5120170839527801,-0.092855824372375,5.77,205.5,0.0,0.0
KARSIYAKA,TUNA,5499,2400.0,36.40916654666526,0.0942541037113313,0.0582100081869731,0.44,8248.5,5848.5,70.90380069103473
FOCA,KOZBEYLI,875,11194.0,34.15775293239407,0.4502411376421195,-0.0771984220763848,12.79,1312.5,0.0,0.0
BAYRAKLI,SOGUKKUYU,11921,81029.0,35.87386143114345,0.3100908422269159,-0.0416846732375774,6.8,17881.5,0.0,0.0
DIKILI,DENIZKOY,365,4500.0,35.45135092443478,0.4811752692496772,-0.0634573978597293,12.33,547.5,0.0,0.0
KIRAZ,UMURLU,926,600.0,30.61396740942756,0.5156484942953066,-0.0407166399392881,0.65,1389.0,789.0,56.803455723542115
DIKILI,KABAKUM,1932,8500.0,36.625090278138586,0.3653666624858994,-0.026840018206546,4.4,2898.0,0.0,0.0
ODEMIS,UCEYLUL,4380,42639.0,36.84331557319177,0.4779840233210206,-0.1314516392202047,9.73,6570.0,0.0,0.0
BORNOVA,DOGANLAR,22291,9160.0,36.90515579592684,0.1164036153953071,0.0573956806079362,0.41,33436.5,24276.5,72.60478818058111
ALIAGA,SEHITKEMAL,781,1617.0,30.9723330358677,0.4654759115686024,-0.0732930200502149,2.07,1171.5,0.0,0.0
CIGLI,AHMETEFENDI,2029,3000.0,38.90562522406004,0.1913681905509752,0.0093057221077293,1.48,3043.5,43.5,1.429275505174963
KONAK,SAYGI,4157,750.0,35.697403727512985,0.1409132943307842,0.0710515996907616,0.18,6235.5,5485.5,87.97209526100553
KARABAGLAR,ASIKVEYSEL,1703,8328.0,37.73399438106667,0.0903996699788922,0.0541913373401453,4.89,2554.5,0.0,0.0
BUCA,CAMLIPINAR,12209,6900.0,36.46652482597631,0.1257567258858638,0.0566973945785361,0.57,18313.5,11413.5,62.32287656646736
BERGAMA,KOCAHALILLER,18,130.0,34.14077645843922,0.5694906963478946,-0.0729524722758229,7.22,27.0,0.0,0.0
TIRE,DERELI,260,1100.0,29.415418818335567,0.5612380867694852,-0.1309783815534906,4.23,390.0,0.0,0.0
URLA,TORASAN,1882,8142.0,32.84068918376025,0.3693007833262668,-0.0221369321521525,4.33,2823.0,0.0,0.0
MENEMEN,ATATURK,3906,10600.0,37.063301322593226,0.1084750610595663,0.0448066475878251,2.71,5859.0,0.0,0.0
TIRE,AKKOYUNLU,456,2092.0,37.69267626231572,0.4162027624319666,-0.0026339235316099,4.59,684.0,0.0,0.0
KEMALPASA,VISNELI,627,2407.0,28.86556161601739,0.5971422532394621,-0.1872540601105966,3.84,940.5,0.0,0.0
URLA,HACIISA,1639,17036.0,31.93617266603121,0.2174431105904931,0.0091104018385213,10.39,2458.5,0.0,0.0
KINIK,KALEMKOY,130,550.0,33.889954037609805,0.4691043815664914,-0.0473533320160172,4.23,195.0,0.0,0.0
TIRE,CAMBAZLI,252,1022.0,25.287357879192687,0.6502361270919081,-0.2243140326121849,4.06,378.0,0.0,0.0
BORNOVA,ERGENE,11031,23300.0,37.96950925651308,0.1888621535269926,0.0245072539089454,2.11,16546.5,0.0,0.0
KIRAZ,YAGLAR,448,1900.0,37.754699795813565,0.4314914636138265,-0.0043804003294799,4.24,672.0,0.0,0.0
TIRE,PASA,875,400.0,33.39680281514691,0.4046911335216594,-0.0521340412918917,0.46,1312.5,912.5,69.52380952380952
KIRAZ,TUMBULLAR,256,800.0,32.721121474930726,0.4872503626435411,-0.0340319976458439,3.12,384.0,0.0,0.0
NARLIDERE,2.INONU,8492,13380.0,26.407939287443533,0.6730605610647148,-0.2718415430530843,1.58,12738.0,0.0,0.0
BERGAMA,SARIDERE,459,980.0,32.79193955329907,0.4418211417744572,-0.0621295059346114,2.14,688.5,0.0,0.0
ODEMIS,YENICEKOY,757,4745.0,38.056130510534416,0.4298782943127485,-0.0886115141218338,6.27,1135.5,0.0,0.0
ODEMIS,BADEMLI,2334,7994.0,31.95522999532288,0.486267630086635,-0.0964201770417617,3.43,3501.0,0.0,0.0
KEMALPASA,MEHMETAKIFERSOY,19913,34900.0,34.91590888791003,0.4222751687327455,-0.0653823250943547,1.75,29869.5,0.0,0.0
MENEMEN,YAHSELLI,4668,140.0,36.15634551993174,0.3751077977368939,-0.0365700267828923,0.03,7002.0,6862.0,98.00057126535276
KINIK,ORTULU,544,2400.0,33.98724755705738,0.5017332867992444,-0.0411440320578639,4.41,816.0,0.0,0.0
BAYINDIR,NECATIUZA,1350,3000.0,39.24964005183103,0.3430035110289629,-0.0849235952939013,2.22,2025.0,0.0,0.0
KEMALPASA,KUYUCAK,685,6940.0,31.49810422484849,0.5516492372765339,-0.1395536590057148,10.13,1027.5,0.0,0.0
KIRAZ,TASLIYATAK,434,1400.0,30.668199539048867,0.394023060032827,0.0338812800646947,3.23,651.0,0.0,0.0
TIRE,KAHRAT,1152,900.0,36.16483957125714,0.4316770544505354,-0.0731828372063316,0.78,1728.0,828.0,47.91666666666667
ODEMIS,KONAKLI,1469,9980.0,33.944121210674794,0.5214058148604969,-0.1264832056771012,6.79,2203.5,0.0,0.0
BORNOVA,KARACAOGLAN,8949,3900.0,37.334501043666805,0.168947362375275,0.0305983137872154,0.44,13423.5,9523.5,70.94647446642082
BALCOVA,KORUTURK,12300,27380.0,35.13326787671096,0.2520190003693164,-0.0121694871501917,2.23,18450.0,0.0,0.0
CESME,SIFNE,1224,5838.0,33.545397743561814,0.2445418079967936,0.0403112356009284,4.77,1836.0,0.0,0.0
KEMALPASA,ARMUTLU85.YILCUMHURIYET,5252,12260.0,35.570910540782165,0.4335064840299434,-0.1079582794314206,2.33,7878.0,0.0,0.0
BERGAMA,KARAVELILER,512,1200.0,31.50492000720728,0.5584361106524884,-0.1613042821232212,2.34,768.0,0.0,0.0
BUCA,FIRAT,21027,41500.0,36.15826048287258,0.2011849635273235,0.0308961139349488,1.97,31540.5,0.0,0.0
BERGAMA,SELCUK,1711,5766.0,37.05574595857655,0.3106527026990666,0.0253538930076068,3.37,2566.5,0.0,0.0
KARABAGLAR,ALIFUATCEBESOY,12421,15521.0,35.85977929855808,0.1527211118465742,0.0368465802192205,1.25,18631.5,3110.5,16.69484475216703
SELCUK,14MAYIS,7244,15805.0,30.88212436513795,0.5531766837383871,-0.1631632138290334,2.18,10866.0,0.0,0.0
KARABAGLAR,REFETBELE,12088,1865.0,36.39284917011327,0.1370628078208419,0.0656736178376698,0.15,18132.0,16267.0,89.71431722920804
KINIK,ARPASEKI,744,31548.0,34.61850599828059,0.388080663454338,0.0123065414851791,42.4,1116.0,0.0,0.0
DIKILI,ISLAMLAR,250,3100.0,38.29625787899133,0.4071729603868476,0.0062126655632738,12.4,375.0,0.0,0.0
ODEMIS,SUCIKTI,96,500.0,30.028669890646345,0.5607503168461542,-0.1415380489812042,5.21,144.0,0.0,0.0
CESME,GERMIYAN,1783,16592.0,34.89506272278452,0.4330044164051411,0.0185677520262888,9.31,2674.5,0.0,0.0
MENEMEN,HASANLAR,299,1551.0,35.31000583424013,0.4824809432610637,-0.0921718745459512,5.19,448.5,0.0,0.0
BERGAMA,EGILLER,135,360.0,36.24199975548028,0.3149761695929216,0.0733883721991634,2.67,202.5,0.0,0.0
MENEMEN,HAYKIRAN,1034,6715.0,37.63741074423248,0.4152553338132386,-0.0396076101274874,6.49,1551.0,0.0,0.0
TIRE,MAHMUTLAR,324,1040.0,35.74073690568389,0.4331227489406803,-0.0849997411268456,3.21,486.0,0.0,0.0
BERGAMA,ASAGIBEY,475,1750.0,31.223001049760907,0.6458806068949431,-0.1992153686673574,3.68,712.5,0.0,0.0
GAZIEMIR,EMREZ,5373,4960.0,38.15776345118141,0.1450533322803752,0.0572667269893584,0.92,8059.5,3099.5,38.457720702276816
BAYRAKLI,ORG.NAFIZGURMAN,13851,51808.0,36.34862681579272,0.2561678016772246,0.0304261770888064,3.74,20776.5,0.0,0.0
KEMALPASA,ANSIZCA,618,2840.0,32.89945781335743,0.5293300789154299,-0.131558193811529,4.6,927.0,0.0,0.0
CIGLI,SIRINTEPE,8355,4463.0,36.537352114625406,0.1489524018214699,0.0609165447886376,0.53,12532.5,8069.5,64.38858966686615
BERGAMA,ZAGNOZ,75,500.0,35.227038590227984,0.3287626354219585,0.0125239131093772,6.67,112.5,0.0,0.0
KEMALPASA,CINILIKOY,569,2024.0,32.094830254374564,0.4854591600780022,-0.1232612015847158,3.56,853.5,0.0,0.0
BERGAMA,CEVAPLI,60,225.0,36.444951255219095,0.4031649525464965,-0.0236720715560038,3.75,90.0,0.0,0.0
MENDERES,CUKURALTI,6000,14616.0,29.67687674922732,0.5978464895152145,-0.1832125323435526,2.44,9000.0,0.0,0.0
BALCOVA,INCIRALTI,3199,11889.0,34.77705172848839,0.3467064684245408,-0.0495337376129552,3.72,4798.5,0.0,0.0
ODEMIS,BALABANLI,848,2695.0,35.13325083607343,0.4923854826533211,-0.0859818118788793,3.18,1272.0,0.0,0.0
BAYINDIR,ZEYTINOVA,1184,5400.0,37.55559907882358,0.4366629263375834,-0.0671439907995742,4.56,1776.0,0.0,0.0
BERGAMA,AYASKENT,643,5000.0,34.86728941956296,0.3502359785222914,-0.0119848297000404,7.78,964.5,0.0,0.0
BUCA,CAGDAS,2358,121190.0,36.71228184913596,0.2851204352298508,-0.0117364880726393,51.4,3537.0,0.0,0.0
TIRE,KETENCI,1322,467.0,37.00822605750719,0.2654434956444049,0.0478737528879698,0.35,1983.0,1516.0,76.44982349974786
KARABURUN,SAIP,519,1600.0,31.36316682921832,0.4936452192404021,-0.0902729644262232,3.08,778.5,0.0,0.0
BERGAMA,ASAGIKIRIKLAR,476,3500.0,35.46458136866524,0.2950890932113041,0.0203303626739559,7.35,714.0,0.0,0.0
